[2026-04-19 00:00:00] [INFO] Starting cron job: Send Meeting Reminders
[2026-04-19 00:00:00] [INFO] Connecting to MongoDB...
[2026-04-19 00:00:00] [DEBUG] Current Date: 2026-04-19
[2026-04-19 00:00:00] [DEBUG] Current Time: 00:00
[2026-04-19 00:00:00] [DEBUG] Looking for meetings between 00:00 and 00:30
[2026-04-19 00:00:00] [DEBUG] Total scheduled meetings found: 55
[2026-04-19 00:00:00] [INFO] Meetings found for reminders: 0
[2026-04-19 00:00:00] [INFO] No reminders to send
[2026-04-19 00:00:00] [SUMMARY] ==================================================
Job: Send Reminders
Completed: 2026-04-19 00:00:00
Duration: 0s
reminders_sent: 0
reminders_failed: 0
==================================================
[2026-04-19 00:01:00] [INFO] Starting cron job: Send Meeting Reminders
[2026-04-19 00:01:00] [INFO] Connecting to MongoDB...
[2026-04-19 00:01:00] [DEBUG] Current Date: 2026-04-19
[2026-04-19 00:01:00] [DEBUG] Current Time: 00:01
[2026-04-19 00:01:00] [DEBUG] Looking for meetings between 00:01 and 00:31
[2026-04-19 00:01:00] [DEBUG] Total scheduled meetings found: 55
[2026-04-19 00:01:00] [INFO] Meetings found for reminders: 0
[2026-04-19 00:01:00] [INFO] No reminders to send
[2026-04-19 00:01:00] [SUMMARY] ==================================================
Job: Send Reminders
Completed: 2026-04-19 00:01:00
Duration: 0s
reminders_sent: 0
reminders_failed: 0
==================================================
[2026-04-19 00:02:00] [INFO] Starting cron job: Send Meeting Reminders
[2026-04-19 00:02:00] [INFO] Connecting to MongoDB...
[2026-04-19 00:02:00] [DEBUG] Current Date: 2026-04-19
[2026-04-19 00:02:00] [DEBUG] Current Time: 00:02
[2026-04-19 00:02:00] [DEBUG] Looking for meetings between 00:02 and 00:32
[2026-04-19 00:02:00] [DEBUG] Total scheduled meetings found: 55
[2026-04-19 00:02:00] [INFO] Meetings found for reminders: 0
[2026-04-19 00:02:00] [INFO] No reminders to send
[2026-04-19 00:02:00] [SUMMARY] ==================================================
Job: Send Reminders
Completed: 2026-04-19 00:02:00
Duration: 0s
reminders_sent: 0
reminders_failed: 0
==================================================
[2026-04-19 00:03:00] [INFO] Starting cron job: Send Meeting Reminders
[2026-04-19 00:03:00] [INFO] Connecting to MongoDB...
[2026-04-19 00:03:00] [DEBUG] Current Date: 2026-04-19
[2026-04-19 00:03:00] [DEBUG] Current Time: 00:03
[2026-04-19 00:03:00] [DEBUG] Looking for meetings between 00:03 and 00:33
[2026-04-19 00:03:00] [DEBUG] Total scheduled meetings found: 55
[2026-04-19 00:03:00] [INFO] Meetings found for reminders: 0
[2026-04-19 00:03:00] [INFO] No reminders to send
[2026-04-19 00:03:00] [SUMMARY] ==================================================
Job: Send Reminders
Completed: 2026-04-19 00:03:00
Duration: 0s
reminders_sent: 0
reminders_failed: 0
==================================================
[2026-04-19 00:04:00] [INFO] Starting cron job: Send Meeting Reminders
[2026-04-19 00:04:00] [INFO] Connecting to MongoDB...
[2026-04-19 00:04:00] [DEBUG] Current Date: 2026-04-19
[2026-04-19 00:04:00] [DEBUG] Current Time: 00:04
[2026-04-19 00:04:00] [DEBUG] Looking for meetings between 00:04 and 00:34
[2026-04-19 00:04:00] [DEBUG] Total scheduled meetings found: 55
[2026-04-19 00:04:00] [INFO] Meetings found for reminders: 0
[2026-04-19 00:04:00] [INFO] No reminders to send
[2026-04-19 00:04:00] [SUMMARY] ==================================================
Job: Send Reminders
Completed: 2026-04-19 00:04:00
Duration: 0s
reminders_sent: 0
reminders_failed: 0
==================================================
[2026-04-19 00:05:01] [INFO] Starting cron job: Send Meeting Reminders
[2026-04-19 00:05:01] [INFO] Connecting to MongoDB...
[2026-04-19 00:05:01] [DEBUG] Current Date: 2026-04-19
[2026-04-19 00:05:01] [DEBUG] Current Time: 00:05
[2026-04-19 00:05:01] [DEBUG] Looking for meetings between 00:05 and 00:35
[2026-04-19 00:05:01] [DEBUG] Total scheduled meetings found: 55
[2026-04-19 00:05:01] [INFO] Meetings found for reminders: 0
[2026-04-19 00:05:01] [INFO] No reminders to send
[2026-04-19 00:05:01] [SUMMARY] ==================================================
Job: Send Reminders
Completed: 2026-04-19 00:05:01
Duration: 0s
reminders_sent: 0
reminders_failed: 0
==================================================
[2026-04-19 00:06:00] [INFO] Starting cron job: Send Meeting Reminders
[2026-04-19 00:06:00] [INFO] Connecting to MongoDB...
[2026-04-19 00:06:00] [DEBUG] Current Date: 2026-04-19
[2026-04-19 00:06:00] [DEBUG] Current Time: 00:06
[2026-04-19 00:06:00] [DEBUG] Looking for meetings between 00:06 and 00:36
[2026-04-19 00:06:00] [DEBUG] Total scheduled meetings found: 55
[2026-04-19 00:06:00] [INFO] Meetings found for reminders: 0
[2026-04-19 00:06:00] [INFO] No reminders to send
[2026-04-19 00:06:00] [SUMMARY] ==================================================
Job: Send Reminders
Completed: 2026-04-19 00:06:00
Duration: 0s
reminders_sent: 0
reminders_failed: 0
==================================================
[2026-04-19 00:07:00] [INFO] Starting cron job: Send Meeting Reminders
[2026-04-19 00:07:00] [INFO] Connecting to MongoDB...
[2026-04-19 00:07:00] [DEBUG] Current Date: 2026-04-19
[2026-04-19 00:07:00] [DEBUG] Current Time: 00:07
[2026-04-19 00:07:00] [DEBUG] Looking for meetings between 00:07 and 00:37
[2026-04-19 00:07:00] [DEBUG] Total scheduled meetings found: 55
[2026-04-19 00:07:00] [INFO] Meetings found for reminders: 0
[2026-04-19 00:07:00] [INFO] No reminders to send
[2026-04-19 00:07:00] [SUMMARY] ==================================================
Job: Send Reminders
Completed: 2026-04-19 00:07:00
Duration: 0s
reminders_sent: 0
reminders_failed: 0
==================================================
[2026-04-19 00:08:00] [INFO] Starting cron job: Send Meeting Reminders
[2026-04-19 00:08:00] [INFO] Connecting to MongoDB...
[2026-04-19 00:08:00] [DEBUG] Current Date: 2026-04-19
[2026-04-19 00:08:00] [DEBUG] Current Time: 00:08
[2026-04-19 00:08:00] [DEBUG] Looking for meetings between 00:08 and 00:38
[2026-04-19 00:08:00] [DEBUG] Total scheduled meetings found: 55
[2026-04-19 00:08:00] [INFO] Meetings found for reminders: 0
[2026-04-19 00:08:00] [INFO] No reminders to send
[2026-04-19 00:08:00] [SUMMARY] ==================================================
Job: Send Reminders
Completed: 2026-04-19 00:08:00
Duration: 0.01s
reminders_sent: 0
reminders_failed: 0
==================================================
[2026-04-19 00:09:00] [INFO] Starting cron job: Send Meeting Reminders
[2026-04-19 00:09:00] [INFO] Connecting to MongoDB...
[2026-04-19 00:09:00] [DEBUG] Current Date: 2026-04-19
[2026-04-19 00:09:00] [DEBUG] Current Time: 00:09
[2026-04-19 00:09:00] [DEBUG] Looking for meetings between 00:09 and 00:39
[2026-04-19 00:09:00] [DEBUG] Total scheduled meetings found: 55
[2026-04-19 00:09:00] [INFO] Meetings found for reminders: 0
[2026-04-19 00:09:00] [INFO] No reminders to send
[2026-04-19 00:09:00] [SUMMARY] ==================================================
Job: Send Reminders
Completed: 2026-04-19 00:09:00
Duration: 0s
reminders_sent: 0
reminders_failed: 0
==================================================
[2026-04-19 00:10:00] [INFO] Starting cron job: Send Meeting Reminders
[2026-04-19 00:10:00] [INFO] Connecting to MongoDB...
[2026-04-19 00:10:00] [DEBUG] Current Date: 2026-04-19
[2026-04-19 00:10:00] [DEBUG] Current Time: 00:10
[2026-04-19 00:10:00] [DEBUG] Looking for meetings between 00:10 and 00:40
[2026-04-19 00:10:00] [DEBUG] Total scheduled meetings found: 55
[2026-04-19 00:10:00] [INFO] Meetings found for reminders: 0
[2026-04-19 00:10:00] [INFO] No reminders to send
[2026-04-19 00:10:00] [SUMMARY] ==================================================
Job: Send Reminders
Completed: 2026-04-19 00:10:00
Duration: 0s
reminders_sent: 0
reminders_failed: 0
==================================================
[2026-04-19 00:11:00] [INFO] Starting cron job: Send Meeting Reminders
[2026-04-19 00:11:00] [INFO] Connecting to MongoDB...
[2026-04-19 00:11:00] [DEBUG] Current Date: 2026-04-19
[2026-04-19 00:11:00] [DEBUG] Current Time: 00:11
[2026-04-19 00:11:00] [DEBUG] Looking for meetings between 00:11 and 00:41
[2026-04-19 00:11:00] [DEBUG] Total scheduled meetings found: 55
[2026-04-19 00:11:00] [INFO] Meetings found for reminders: 0
[2026-04-19 00:11:00] [INFO] No reminders to send
[2026-04-19 00:11:00] [SUMMARY] ==================================================
Job: Send Reminders
Completed: 2026-04-19 00:11:00
Duration: 0s
reminders_sent: 0
reminders_failed: 0
==================================================
[2026-04-19 00:12:00] [INFO] Starting cron job: Send Meeting Reminders
[2026-04-19 00:12:00] [INFO] Connecting to MongoDB...
[2026-04-19 00:12:00] [DEBUG] Current Date: 2026-04-19
[2026-04-19 00:12:00] [DEBUG] Current Time: 00:12
[2026-04-19 00:12:00] [DEBUG] Looking for meetings between 00:12 and 00:42
[2026-04-19 00:12:00] [DEBUG] Total scheduled meetings found: 55
[2026-04-19 00:12:00] [INFO] Meetings found for reminders: 0
[2026-04-19 00:12:00] [INFO] No reminders to send
[2026-04-19 00:12:00] [SUMMARY] ==================================================
Job: Send Reminders
Completed: 2026-04-19 00:12:00
Duration: 0s
reminders_sent: 0
reminders_failed: 0
==================================================
[2026-04-19 00:13:00] [INFO] Starting cron job: Send Meeting Reminders
[2026-04-19 00:13:00] [INFO] Connecting to MongoDB...
[2026-04-19 00:13:00] [DEBUG] Current Date: 2026-04-19
[2026-04-19 00:13:00] [DEBUG] Current Time: 00:13
[2026-04-19 00:13:00] [DEBUG] Looking for meetings between 00:13 and 00:43
[2026-04-19 00:13:00] [DEBUG] Total scheduled meetings found: 55
[2026-04-19 00:13:00] [INFO] Meetings found for reminders: 0
[2026-04-19 00:13:00] [INFO] No reminders to send
[2026-04-19 00:13:00] [SUMMARY] ==================================================
Job: Send Reminders
Completed: 2026-04-19 00:13:00
Duration: 0s
reminders_sent: 0
reminders_failed: 0
==================================================
[2026-04-19 00:14:00] [INFO] Starting cron job: Send Meeting Reminders
[2026-04-19 00:14:00] [INFO] Connecting to MongoDB...
[2026-04-19 00:14:00] [DEBUG] Current Date: 2026-04-19
[2026-04-19 00:14:00] [DEBUG] Current Time: 00:14
[2026-04-19 00:14:00] [DEBUG] Looking for meetings between 00:14 and 00:44
[2026-04-19 00:14:00] [DEBUG] Total scheduled meetings found: 55
[2026-04-19 00:14:00] [INFO] Meetings found for reminders: 0
[2026-04-19 00:14:00] [INFO] No reminders to send
[2026-04-19 00:14:00] [SUMMARY] ==================================================
Job: Send Reminders
Completed: 2026-04-19 00:14:00
Duration: 0s
reminders_sent: 0
reminders_failed: 0
==================================================
[2026-04-19 00:15:00] [INFO] Starting cron job: Send Meeting Reminders
[2026-04-19 00:15:00] [INFO] Connecting to MongoDB...
[2026-04-19 00:15:00] [DEBUG] Current Date: 2026-04-19
[2026-04-19 00:15:00] [DEBUG] Current Time: 00:15
[2026-04-19 00:15:00] [DEBUG] Looking for meetings between 00:15 and 00:45
[2026-04-19 00:15:00] [DEBUG] Total scheduled meetings found: 55
[2026-04-19 00:15:00] [INFO] Meetings found for reminders: 0
[2026-04-19 00:15:00] [INFO] No reminders to send
[2026-04-19 00:15:00] [SUMMARY] ==================================================
Job: Send Reminders
Completed: 2026-04-19 00:15:00
Duration: 0s
reminders_sent: 0
reminders_failed: 0
==================================================
[2026-04-19 00:16:00] [INFO] Starting cron job: Send Meeting Reminders
[2026-04-19 00:16:00] [INFO] Connecting to MongoDB...
[2026-04-19 00:16:00] [DEBUG] Current Date: 2026-04-19
[2026-04-19 00:16:00] [DEBUG] Current Time: 00:16
[2026-04-19 00:16:00] [DEBUG] Looking for meetings between 00:16 and 00:46
[2026-04-19 00:16:00] [DEBUG] Total scheduled meetings found: 55
[2026-04-19 00:16:00] [INFO] Meetings found for reminders: 0
[2026-04-19 00:16:00] [INFO] No reminders to send
[2026-04-19 00:16:00] [SUMMARY] ==================================================
Job: Send Reminders
Completed: 2026-04-19 00:16:00
Duration: 0.01s
reminders_sent: 0
reminders_failed: 0
==================================================
[2026-04-19 00:17:00] [INFO] Starting cron job: Send Meeting Reminders
[2026-04-19 00:17:00] [INFO] Connecting to MongoDB...
[2026-04-19 00:17:00] [DEBUG] Current Date: 2026-04-19
[2026-04-19 00:17:00] [DEBUG] Current Time: 00:17
[2026-04-19 00:17:00] [DEBUG] Looking for meetings between 00:17 and 00:47
[2026-04-19 00:17:00] [DEBUG] Total scheduled meetings found: 55
[2026-04-19 00:17:00] [INFO] Meetings found for reminders: 0
[2026-04-19 00:17:00] [INFO] No reminders to send
[2026-04-19 00:17:00] [SUMMARY] ==================================================
Job: Send Reminders
Completed: 2026-04-19 00:17:00
Duration: 0s
reminders_sent: 0
reminders_failed: 0
==================================================
[2026-04-19 00:18:00] [INFO] Starting cron job: Send Meeting Reminders
[2026-04-19 00:18:00] [INFO] Connecting to MongoDB...
[2026-04-19 00:18:00] [DEBUG] Current Date: 2026-04-19
[2026-04-19 00:18:00] [DEBUG] Current Time: 00:18
[2026-04-19 00:18:00] [DEBUG] Looking for meetings between 00:18 and 00:48
[2026-04-19 00:18:00] [DEBUG] Total scheduled meetings found: 55
[2026-04-19 00:18:00] [INFO] Meetings found for reminders: 0
[2026-04-19 00:18:00] [INFO] No reminders to send
[2026-04-19 00:18:00] [SUMMARY] ==================================================
Job: Send Reminders
Completed: 2026-04-19 00:18:00
Duration: 0s
reminders_sent: 0
reminders_failed: 0
==================================================
[2026-04-19 00:19:00] [INFO] Starting cron job: Send Meeting Reminders
[2026-04-19 00:19:00] [INFO] Connecting to MongoDB...
[2026-04-19 00:19:00] [DEBUG] Current Date: 2026-04-19
[2026-04-19 00:19:00] [DEBUG] Current Time: 00:19
[2026-04-19 00:19:00] [DEBUG] Looking for meetings between 00:19 and 00:49
[2026-04-19 00:19:00] [DEBUG] Total scheduled meetings found: 55
[2026-04-19 00:19:00] [INFO] Meetings found for reminders: 0
[2026-04-19 00:19:00] [INFO] No reminders to send
[2026-04-19 00:19:00] [SUMMARY] ==================================================
Job: Send Reminders
Completed: 2026-04-19 00:19:00
Duration: 0s
reminders_sent: 0
reminders_failed: 0
==================================================
[2026-04-19 00:20:00] [INFO] Starting cron job: Send Meeting Reminders
[2026-04-19 00:20:00] [INFO] Connecting to MongoDB...
[2026-04-19 00:20:00] [DEBUG] Current Date: 2026-04-19
[2026-04-19 00:20:00] [DEBUG] Current Time: 00:20
[2026-04-19 00:20:00] [DEBUG] Looking for meetings between 00:20 and 00:50
[2026-04-19 00:20:00] [DEBUG] Total scheduled meetings found: 55
[2026-04-19 00:20:00] [INFO] Meetings found for reminders: 0
[2026-04-19 00:20:00] [INFO] No reminders to send
[2026-04-19 00:20:00] [SUMMARY] ==================================================
Job: Send Reminders
Completed: 2026-04-19 00:20:00
Duration: 0s
reminders_sent: 0
reminders_failed: 0
==================================================
[2026-04-19 00:21:00] [INFO] Starting cron job: Send Meeting Reminders
[2026-04-19 00:21:00] [INFO] Connecting to MongoDB...
[2026-04-19 00:21:00] [DEBUG] Current Date: 2026-04-19
[2026-04-19 00:21:00] [DEBUG] Current Time: 00:21
[2026-04-19 00:21:00] [DEBUG] Looking for meetings between 00:21 and 00:51
[2026-04-19 00:21:00] [DEBUG] Total scheduled meetings found: 55
[2026-04-19 00:21:00] [INFO] Meetings found for reminders: 0
[2026-04-19 00:21:00] [INFO] No reminders to send
[2026-04-19 00:21:00] [SUMMARY] ==================================================
Job: Send Reminders
Completed: 2026-04-19 00:21:00
Duration: 0s
reminders_sent: 0
reminders_failed: 0
==================================================
[2026-04-19 00:22:00] [INFO] Starting cron job: Send Meeting Reminders
[2026-04-19 00:22:00] [INFO] Connecting to MongoDB...
[2026-04-19 00:22:00] [DEBUG] Current Date: 2026-04-19
[2026-04-19 00:22:00] [DEBUG] Current Time: 00:22
[2026-04-19 00:22:00] [DEBUG] Looking for meetings between 00:22 and 00:52
[2026-04-19 00:22:00] [DEBUG] Total scheduled meetings found: 55
[2026-04-19 00:22:00] [INFO] Meetings found for reminders: 0
[2026-04-19 00:22:00] [INFO] No reminders to send
[2026-04-19 00:22:00] [SUMMARY] ==================================================
Job: Send Reminders
Completed: 2026-04-19 00:22:00
Duration: 0s
reminders_sent: 0
reminders_failed: 0
==================================================
[2026-04-19 00:23:00] [INFO] Starting cron job: Send Meeting Reminders
[2026-04-19 00:23:00] [INFO] Connecting to MongoDB...
[2026-04-19 00:23:00] [DEBUG] Current Date: 2026-04-19
[2026-04-19 00:23:00] [DEBUG] Current Time: 00:23
[2026-04-19 00:23:00] [DEBUG] Looking for meetings between 00:23 and 00:53
[2026-04-19 00:23:00] [DEBUG] Total scheduled meetings found: 55
[2026-04-19 00:23:00] [INFO] Meetings found for reminders: 0
[2026-04-19 00:23:00] [INFO] No reminders to send
[2026-04-19 00:23:00] [SUMMARY] ==================================================
Job: Send Reminders
Completed: 2026-04-19 00:23:00
Duration: 0s
reminders_sent: 0
reminders_failed: 0
==================================================
[2026-04-19 00:24:00] [INFO] Starting cron job: Send Meeting Reminders
[2026-04-19 00:24:00] [INFO] Connecting to MongoDB...
[2026-04-19 00:24:00] [DEBUG] Current Date: 2026-04-19
[2026-04-19 00:24:00] [DEBUG] Current Time: 00:24
[2026-04-19 00:24:00] [DEBUG] Looking for meetings between 00:24 and 00:54
[2026-04-19 00:24:00] [DEBUG] Total scheduled meetings found: 55
[2026-04-19 00:24:00] [INFO] Meetings found for reminders: 0
[2026-04-19 00:24:00] [INFO] No reminders to send
[2026-04-19 00:24:00] [SUMMARY] ==================================================
Job: Send Reminders
Completed: 2026-04-19 00:24:00
Duration: 0s
reminders_sent: 0
reminders_failed: 0
==================================================
[2026-04-19 00:25:00] [INFO] Starting cron job: Send Meeting Reminders
[2026-04-19 00:25:00] [INFO] Connecting to MongoDB...
[2026-04-19 00:25:00] [DEBUG] Current Date: 2026-04-19
[2026-04-19 00:25:00] [DEBUG] Current Time: 00:25
[2026-04-19 00:25:00] [DEBUG] Looking for meetings between 00:25 and 00:55
[2026-04-19 00:25:00] [DEBUG] Total scheduled meetings found: 55
[2026-04-19 00:25:00] [INFO] Meetings found for reminders: 0
[2026-04-19 00:25:00] [INFO] No reminders to send
[2026-04-19 00:25:00] [SUMMARY] ==================================================
Job: Send Reminders
Completed: 2026-04-19 00:25:00
Duration: 0s
reminders_sent: 0
reminders_failed: 0
==================================================
[2026-04-19 00:26:00] [INFO] Starting cron job: Send Meeting Reminders
[2026-04-19 00:26:00] [INFO] Connecting to MongoDB...
[2026-04-19 00:26:00] [DEBUG] Current Date: 2026-04-19
[2026-04-19 00:26:00] [DEBUG] Current Time: 00:26
[2026-04-19 00:26:00] [DEBUG] Looking for meetings between 00:26 and 00:56
[2026-04-19 00:26:00] [DEBUG] Total scheduled meetings found: 55
[2026-04-19 00:26:00] [INFO] Meetings found for reminders: 0
[2026-04-19 00:26:00] [INFO] No reminders to send
[2026-04-19 00:26:00] [SUMMARY] ==================================================
Job: Send Reminders
Completed: 2026-04-19 00:26:00
Duration: 0s
reminders_sent: 0
reminders_failed: 0
==================================================
[2026-04-19 00:27:00] [INFO] Starting cron job: Send Meeting Reminders
[2026-04-19 00:27:00] [INFO] Connecting to MongoDB...
[2026-04-19 00:27:00] [DEBUG] Current Date: 2026-04-19
[2026-04-19 00:27:00] [DEBUG] Current Time: 00:27
[2026-04-19 00:27:00] [DEBUG] Looking for meetings between 00:27 and 00:57
[2026-04-19 00:27:00] [DEBUG] Total scheduled meetings found: 55
[2026-04-19 00:27:00] [INFO] Meetings found for reminders: 0
[2026-04-19 00:27:00] [INFO] No reminders to send
[2026-04-19 00:27:00] [SUMMARY] ==================================================
Job: Send Reminders
Completed: 2026-04-19 00:27:00
Duration: 0s
reminders_sent: 0
reminders_failed: 0
==================================================
[2026-04-19 00:28:00] [INFO] Starting cron job: Send Meeting Reminders
[2026-04-19 00:28:00] [INFO] Connecting to MongoDB...
[2026-04-19 00:28:00] [DEBUG] Current Date: 2026-04-19
[2026-04-19 00:28:00] [DEBUG] Current Time: 00:28
[2026-04-19 00:28:00] [DEBUG] Looking for meetings between 00:28 and 00:58
[2026-04-19 00:28:00] [DEBUG] Total scheduled meetings found: 55
[2026-04-19 00:28:00] [INFO] Meetings found for reminders: 0
[2026-04-19 00:28:00] [INFO] No reminders to send
[2026-04-19 00:28:00] [SUMMARY] ==================================================
Job: Send Reminders
Completed: 2026-04-19 00:28:00
Duration: 0s
reminders_sent: 0
reminders_failed: 0
==================================================
[2026-04-19 00:29:00] [INFO] Starting cron job: Send Meeting Reminders
[2026-04-19 00:29:00] [INFO] Connecting to MongoDB...
[2026-04-19 00:29:00] [DEBUG] Current Date: 2026-04-19
[2026-04-19 00:29:00] [DEBUG] Current Time: 00:29
[2026-04-19 00:29:00] [DEBUG] Looking for meetings between 00:29 and 00:59
[2026-04-19 00:29:00] [DEBUG] Total scheduled meetings found: 55
[2026-04-19 00:29:00] [INFO] Meetings found for reminders: 0
[2026-04-19 00:29:00] [INFO] No reminders to send
[2026-04-19 00:29:00] [SUMMARY] ==================================================
Job: Send Reminders
Completed: 2026-04-19 00:29:00
Duration: 0s
reminders_sent: 0
reminders_failed: 0
==================================================
[2026-04-19 00:30:00] [INFO] Starting cron job: Send Meeting Reminders
[2026-04-19 00:30:00] [INFO] Connecting to MongoDB...
[2026-04-19 00:30:00] [DEBUG] Current Date: 2026-04-19
[2026-04-19 00:30:00] [DEBUG] Current Time: 00:30
[2026-04-19 00:30:00] [DEBUG] Looking for meetings between 00:30 and 01:00
[2026-04-19 00:30:00] [DEBUG] Total scheduled meetings found: 55
[2026-04-19 00:30:00] [INFO] Meetings found for reminders: 0
[2026-04-19 00:30:00] [INFO] No reminders to send
[2026-04-19 00:30:00] [SUMMARY] ==================================================
Job: Send Reminders
Completed: 2026-04-19 00:30:00
Duration: 0s
reminders_sent: 0
reminders_failed: 0
==================================================
[2026-04-19 00:31:00] [INFO] Starting cron job: Send Meeting Reminders
[2026-04-19 00:31:00] [INFO] Connecting to MongoDB...
[2026-04-19 00:31:00] [DEBUG] Current Date: 2026-04-19
[2026-04-19 00:31:00] [DEBUG] Current Time: 00:31
[2026-04-19 00:31:00] [DEBUG] Looking for meetings between 00:31 and 01:01
[2026-04-19 00:31:00] [DEBUG] Total scheduled meetings found: 55
[2026-04-19 00:31:00] [INFO] Meetings found for reminders: 0
[2026-04-19 00:31:00] [INFO] No reminders to send
[2026-04-19 00:31:00] [SUMMARY] ==================================================
Job: Send Reminders
Completed: 2026-04-19 00:31:00
Duration: 0s
reminders_sent: 0
reminders_failed: 0
==================================================
[2026-04-19 00:32:00] [INFO] Starting cron job: Send Meeting Reminders
[2026-04-19 00:32:00] [INFO] Connecting to MongoDB...
[2026-04-19 00:32:00] [DEBUG] Current Date: 2026-04-19
[2026-04-19 00:32:00] [DEBUG] Current Time: 00:32
[2026-04-19 00:32:00] [DEBUG] Looking for meetings between 00:32 and 01:02
[2026-04-19 00:32:00] [DEBUG] Total scheduled meetings found: 55
[2026-04-19 00:32:00] [INFO] Meetings found for reminders: 0
[2026-04-19 00:32:00] [INFO] No reminders to send
[2026-04-19 00:32:00] [SUMMARY] ==================================================
Job: Send Reminders
Completed: 2026-04-19 00:32:00
Duration: 0s
reminders_sent: 0
reminders_failed: 0
==================================================
[2026-04-19 00:33:00] [INFO] Starting cron job: Send Meeting Reminders
[2026-04-19 00:33:00] [INFO] Connecting to MongoDB...
[2026-04-19 00:33:00] [DEBUG] Current Date: 2026-04-19
[2026-04-19 00:33:00] [DEBUG] Current Time: 00:33
[2026-04-19 00:33:00] [DEBUG] Looking for meetings between 00:33 and 01:03
[2026-04-19 00:33:00] [DEBUG] Total scheduled meetings found: 55
[2026-04-19 00:33:00] [INFO] Meetings found for reminders: 0
[2026-04-19 00:33:00] [INFO] No reminders to send
[2026-04-19 00:33:00] [SUMMARY] ==================================================
Job: Send Reminders
Completed: 2026-04-19 00:33:00
Duration: 0s
reminders_sent: 0
reminders_failed: 0
==================================================
[2026-04-19 00:34:00] [INFO] Starting cron job: Send Meeting Reminders
[2026-04-19 00:34:00] [INFO] Connecting to MongoDB...
[2026-04-19 00:34:00] [DEBUG] Current Date: 2026-04-19
[2026-04-19 00:34:00] [DEBUG] Current Time: 00:34
[2026-04-19 00:34:00] [DEBUG] Looking for meetings between 00:34 and 01:04
[2026-04-19 00:34:01] [DEBUG] Total scheduled meetings found: 55
[2026-04-19 00:34:01] [INFO] Meetings found for reminders: 0
[2026-04-19 00:34:01] [INFO] No reminders to send
[2026-04-19 00:34:01] [SUMMARY] ==================================================
Job: Send Reminders
Completed: 2026-04-19 00:34:01
Duration: 0s
reminders_sent: 0
reminders_failed: 0
==================================================
[2026-04-19 00:35:01] [INFO] Starting cron job: Send Meeting Reminders
[2026-04-19 00:35:01] [INFO] Connecting to MongoDB...
[2026-04-19 00:35:01] [DEBUG] Current Date: 2026-04-19
[2026-04-19 00:35:01] [DEBUG] Current Time: 00:35
[2026-04-19 00:35:01] [DEBUG] Looking for meetings between 00:35 and 01:05
[2026-04-19 00:35:01] [DEBUG] Total scheduled meetings found: 55
[2026-04-19 00:35:01] [INFO] Meetings found for reminders: 0
[2026-04-19 00:35:01] [INFO] No reminders to send
[2026-04-19 00:35:01] [SUMMARY] ==================================================
Job: Send Reminders
Completed: 2026-04-19 00:35:01
Duration: 0s
reminders_sent: 0
reminders_failed: 0
==================================================
[2026-04-19 00:36:01] [INFO] Starting cron job: Send Meeting Reminders
[2026-04-19 00:36:01] [INFO] Connecting to MongoDB...
[2026-04-19 00:36:01] [DEBUG] Current Date: 2026-04-19
[2026-04-19 00:36:01] [DEBUG] Current Time: 00:36
[2026-04-19 00:36:01] [DEBUG] Looking for meetings between 00:36 and 01:06
[2026-04-19 00:36:01] [DEBUG] Total scheduled meetings found: 55
[2026-04-19 00:36:01] [INFO] Meetings found for reminders: 0
[2026-04-19 00:36:01] [INFO] No reminders to send
[2026-04-19 00:36:01] [SUMMARY] ==================================================
Job: Send Reminders
Completed: 2026-04-19 00:36:01
Duration: 0s
reminders_sent: 0
reminders_failed: 0
==================================================
[2026-04-19 00:37:01] [INFO] Starting cron job: Send Meeting Reminders
[2026-04-19 00:37:01] [INFO] Connecting to MongoDB...
[2026-04-19 00:37:01] [DEBUG] Current Date: 2026-04-19
[2026-04-19 00:37:01] [DEBUG] Current Time: 00:37
[2026-04-19 00:37:01] [DEBUG] Looking for meetings between 00:37 and 01:07
[2026-04-19 00:37:01] [DEBUG] Total scheduled meetings found: 55
[2026-04-19 00:37:01] [INFO] Meetings found for reminders: 0
[2026-04-19 00:37:01] [INFO] No reminders to send
[2026-04-19 00:37:01] [SUMMARY] ==================================================
Job: Send Reminders
Completed: 2026-04-19 00:37:01
Duration: 0s
reminders_sent: 0
reminders_failed: 0
==================================================
[2026-04-19 00:38:01] [INFO] Starting cron job: Send Meeting Reminders
[2026-04-19 00:38:01] [INFO] Connecting to MongoDB...
[2026-04-19 00:38:01] [DEBUG] Current Date: 2026-04-19
[2026-04-19 00:38:01] [DEBUG] Current Time: 00:38
[2026-04-19 00:38:01] [DEBUG] Looking for meetings between 00:38 and 01:08
[2026-04-19 00:38:01] [DEBUG] Total scheduled meetings found: 55
[2026-04-19 00:38:01] [INFO] Meetings found for reminders: 0
[2026-04-19 00:38:01] [INFO] No reminders to send
[2026-04-19 00:38:01] [SUMMARY] ==================================================
Job: Send Reminders
Completed: 2026-04-19 00:38:01
Duration: 0s
reminders_sent: 0
reminders_failed: 0
==================================================
[2026-04-19 00:39:01] [INFO] Starting cron job: Send Meeting Reminders
[2026-04-19 00:39:01] [INFO] Connecting to MongoDB...
[2026-04-19 00:39:01] [DEBUG] Current Date: 2026-04-19
[2026-04-19 00:39:01] [DEBUG] Current Time: 00:39
[2026-04-19 00:39:01] [DEBUG] Looking for meetings between 00:39 and 01:09
[2026-04-19 00:39:01] [DEBUG] Total scheduled meetings found: 55
[2026-04-19 00:39:01] [INFO] Meetings found for reminders: 0
[2026-04-19 00:39:01] [INFO] No reminders to send
[2026-04-19 00:39:01] [SUMMARY] ==================================================
Job: Send Reminders
Completed: 2026-04-19 00:39:01
Duration: 0s
reminders_sent: 0
reminders_failed: 0
==================================================
[2026-04-19 00:40:01] [INFO] Starting cron job: Send Meeting Reminders
[2026-04-19 00:40:01] [INFO] Connecting to MongoDB...
[2026-04-19 00:40:01] [DEBUG] Current Date: 2026-04-19
[2026-04-19 00:40:01] [DEBUG] Current Time: 00:40
[2026-04-19 00:40:01] [DEBUG] Looking for meetings between 00:40 and 01:10
[2026-04-19 00:40:01] [DEBUG] Total scheduled meetings found: 55
[2026-04-19 00:40:01] [INFO] Meetings found for reminders: 0
[2026-04-19 00:40:01] [INFO] No reminders to send
[2026-04-19 00:40:01] [SUMMARY] ==================================================
Job: Send Reminders
Completed: 2026-04-19 00:40:01
Duration: 0s
reminders_sent: 0
reminders_failed: 0
==================================================
[2026-04-19 00:41:01] [INFO] Starting cron job: Send Meeting Reminders
[2026-04-19 00:41:01] [INFO] Connecting to MongoDB...
[2026-04-19 00:41:01] [DEBUG] Current Date: 2026-04-19
[2026-04-19 00:41:01] [DEBUG] Current Time: 00:41
[2026-04-19 00:41:01] [DEBUG] Looking for meetings between 00:41 and 01:11
[2026-04-19 00:41:01] [DEBUG] Total scheduled meetings found: 55
[2026-04-19 00:41:01] [INFO] Meetings found for reminders: 0
[2026-04-19 00:41:01] [INFO] No reminders to send
[2026-04-19 00:41:01] [SUMMARY] ==================================================
Job: Send Reminders
Completed: 2026-04-19 00:41:01
Duration: 0s
reminders_sent: 0
reminders_failed: 0
==================================================
[2026-04-19 00:42:01] [INFO] Starting cron job: Send Meeting Reminders
[2026-04-19 00:42:01] [INFO] Connecting to MongoDB...
[2026-04-19 00:42:01] [DEBUG] Current Date: 2026-04-19
[2026-04-19 00:42:01] [DEBUG] Current Time: 00:42
[2026-04-19 00:42:01] [DEBUG] Looking for meetings between 00:42 and 01:12
[2026-04-19 00:42:01] [DEBUG] Total scheduled meetings found: 55
[2026-04-19 00:42:01] [INFO] Meetings found for reminders: 0
[2026-04-19 00:42:01] [INFO] No reminders to send
[2026-04-19 00:42:01] [SUMMARY] ==================================================
Job: Send Reminders
Completed: 2026-04-19 00:42:01
Duration: 0s
reminders_sent: 0
reminders_failed: 0
==================================================
[2026-04-19 00:43:01] [INFO] Starting cron job: Send Meeting Reminders
[2026-04-19 00:43:01] [INFO] Connecting to MongoDB...
[2026-04-19 00:43:01] [DEBUG] Current Date: 2026-04-19
[2026-04-19 00:43:01] [DEBUG] Current Time: 00:43
[2026-04-19 00:43:01] [DEBUG] Looking for meetings between 00:43 and 01:13
[2026-04-19 00:43:01] [DEBUG] Total scheduled meetings found: 55
[2026-04-19 00:43:01] [INFO] Meetings found for reminders: 0
[2026-04-19 00:43:01] [INFO] No reminders to send
[2026-04-19 00:43:01] [SUMMARY] ==================================================
Job: Send Reminders
Completed: 2026-04-19 00:43:01
Duration: 0s
reminders_sent: 0
reminders_failed: 0
==================================================
[2026-04-19 00:44:01] [INFO] Starting cron job: Send Meeting Reminders
[2026-04-19 00:44:01] [INFO] Connecting to MongoDB...
[2026-04-19 00:44:01] [DEBUG] Current Date: 2026-04-19
[2026-04-19 00:44:01] [DEBUG] Current Time: 00:44
[2026-04-19 00:44:01] [DEBUG] Looking for meetings between 00:44 and 01:14
[2026-04-19 00:44:01] [DEBUG] Total scheduled meetings found: 55
[2026-04-19 00:44:01] [INFO] Meetings found for reminders: 0
[2026-04-19 00:44:01] [INFO] No reminders to send
[2026-04-19 00:44:01] [SUMMARY] ==================================================
Job: Send Reminders
Completed: 2026-04-19 00:44:01
Duration: 0s
reminders_sent: 0
reminders_failed: 0
==================================================
[2026-04-19 00:45:01] [INFO] Starting cron job: Send Meeting Reminders
[2026-04-19 00:45:01] [INFO] Connecting to MongoDB...
[2026-04-19 00:45:01] [DEBUG] Current Date: 2026-04-19
[2026-04-19 00:45:01] [DEBUG] Current Time: 00:45
[2026-04-19 00:45:01] [DEBUG] Looking for meetings between 00:45 and 01:15
[2026-04-19 00:45:01] [DEBUG] Total scheduled meetings found: 55
[2026-04-19 00:45:01] [INFO] Meetings found for reminders: 0
[2026-04-19 00:45:01] [INFO] No reminders to send
[2026-04-19 00:45:01] [SUMMARY] ==================================================
Job: Send Reminders
Completed: 2026-04-19 00:45:01
Duration: 0s
reminders_sent: 0
reminders_failed: 0
==================================================
[2026-04-19 00:46:01] [INFO] Starting cron job: Send Meeting Reminders
[2026-04-19 00:46:01] [INFO] Connecting to MongoDB...
[2026-04-19 00:46:01] [DEBUG] Current Date: 2026-04-19
[2026-04-19 00:46:01] [DEBUG] Current Time: 00:46
[2026-04-19 00:46:01] [DEBUG] Looking for meetings between 00:46 and 01:16
[2026-04-19 00:46:01] [DEBUG] Total scheduled meetings found: 55
[2026-04-19 00:46:01] [INFO] Meetings found for reminders: 0
[2026-04-19 00:46:01] [INFO] No reminders to send
[2026-04-19 00:46:01] [SUMMARY] ==================================================
Job: Send Reminders
Completed: 2026-04-19 00:46:01
Duration: 0s
reminders_sent: 0
reminders_failed: 0
==================================================
[2026-04-19 00:47:01] [INFO] Starting cron job: Send Meeting Reminders
[2026-04-19 00:47:01] [INFO] Connecting to MongoDB...
[2026-04-19 00:47:01] [DEBUG] Current Date: 2026-04-19
[2026-04-19 00:47:01] [DEBUG] Current Time: 00:47
[2026-04-19 00:47:01] [DEBUG] Looking for meetings between 00:47 and 01:17
[2026-04-19 00:47:01] [DEBUG] Total scheduled meetings found: 55
[2026-04-19 00:47:01] [INFO] Meetings found for reminders: 0
[2026-04-19 00:47:01] [INFO] No reminders to send
[2026-04-19 00:47:01] [SUMMARY] ==================================================
Job: Send Reminders
Completed: 2026-04-19 00:47:01
Duration: 0s
reminders_sent: 0
reminders_failed: 0
==================================================
[2026-04-19 00:48:01] [INFO] Starting cron job: Send Meeting Reminders
[2026-04-19 00:48:01] [INFO] Connecting to MongoDB...
[2026-04-19 00:48:01] [DEBUG] Current Date: 2026-04-19
[2026-04-19 00:48:01] [DEBUG] Current Time: 00:48
[2026-04-19 00:48:01] [DEBUG] Looking for meetings between 00:48 and 01:18
[2026-04-19 00:48:01] [DEBUG] Total scheduled meetings found: 55
[2026-04-19 00:48:01] [INFO] Meetings found for reminders: 0
[2026-04-19 00:48:01] [INFO] No reminders to send
[2026-04-19 00:48:01] [SUMMARY] ==================================================
Job: Send Reminders
Completed: 2026-04-19 00:48:01
Duration: 0s
reminders_sent: 0
reminders_failed: 0
==================================================
[2026-04-19 00:49:01] [INFO] Starting cron job: Send Meeting Reminders
[2026-04-19 00:49:01] [INFO] Connecting to MongoDB...
[2026-04-19 00:49:01] [DEBUG] Current Date: 2026-04-19
[2026-04-19 00:49:01] [DEBUG] Current Time: 00:49
[2026-04-19 00:49:01] [DEBUG] Looking for meetings between 00:49 and 01:19
[2026-04-19 00:49:01] [DEBUG] Total scheduled meetings found: 55
[2026-04-19 00:49:01] [INFO] Meetings found for reminders: 0
[2026-04-19 00:49:01] [INFO] No reminders to send
[2026-04-19 00:49:01] [SUMMARY] ==================================================
Job: Send Reminders
Completed: 2026-04-19 00:49:01
Duration: 0s
reminders_sent: 0
reminders_failed: 0
==================================================
[2026-04-19 00:50:01] [INFO] Starting cron job: Send Meeting Reminders
[2026-04-19 00:50:01] [INFO] Connecting to MongoDB...
[2026-04-19 00:50:01] [DEBUG] Current Date: 2026-04-19
[2026-04-19 00:50:01] [DEBUG] Current Time: 00:50
[2026-04-19 00:50:01] [DEBUG] Looking for meetings between 00:50 and 01:20
[2026-04-19 00:50:01] [DEBUG] Total scheduled meetings found: 55
[2026-04-19 00:50:01] [INFO] Meetings found for reminders: 0
[2026-04-19 00:50:01] [INFO] No reminders to send
[2026-04-19 00:50:01] [SUMMARY] ==================================================
Job: Send Reminders
Completed: 2026-04-19 00:50:01
Duration: 0s
reminders_sent: 0
reminders_failed: 0
==================================================
[2026-04-19 00:51:01] [INFO] Starting cron job: Send Meeting Reminders
[2026-04-19 00:51:01] [INFO] Connecting to MongoDB...
[2026-04-19 00:51:01] [DEBUG] Current Date: 2026-04-19
[2026-04-19 00:51:01] [DEBUG] Current Time: 00:51
[2026-04-19 00:51:01] [DEBUG] Looking for meetings between 00:51 and 01:21
[2026-04-19 00:51:01] [DEBUG] Total scheduled meetings found: 55
[2026-04-19 00:51:01] [INFO] Meetings found for reminders: 0
[2026-04-19 00:51:01] [INFO] No reminders to send
[2026-04-19 00:51:01] [SUMMARY] ==================================================
Job: Send Reminders
Completed: 2026-04-19 00:51:01
Duration: 0s
reminders_sent: 0
reminders_failed: 0
==================================================
[2026-04-19 00:52:01] [INFO] Starting cron job: Send Meeting Reminders
[2026-04-19 00:52:01] [INFO] Connecting to MongoDB...
[2026-04-19 00:52:01] [DEBUG] Current Date: 2026-04-19
[2026-04-19 00:52:01] [DEBUG] Current Time: 00:52
[2026-04-19 00:52:01] [DEBUG] Looking for meetings between 00:52 and 01:22
[2026-04-19 00:52:01] [DEBUG] Total scheduled meetings found: 55
[2026-04-19 00:52:01] [INFO] Meetings found for reminders: 0
[2026-04-19 00:52:01] [INFO] No reminders to send
[2026-04-19 00:52:01] [SUMMARY] ==================================================
Job: Send Reminders
Completed: 2026-04-19 00:52:01
Duration: 0s
reminders_sent: 0
reminders_failed: 0
==================================================
[2026-04-19 00:53:01] [INFO] Starting cron job: Send Meeting Reminders
[2026-04-19 00:53:01] [INFO] Connecting to MongoDB...
[2026-04-19 00:53:01] [DEBUG] Current Date: 2026-04-19
[2026-04-19 00:53:01] [DEBUG] Current Time: 00:53
[2026-04-19 00:53:01] [DEBUG] Looking for meetings between 00:53 and 01:23
[2026-04-19 00:53:01] [DEBUG] Total scheduled meetings found: 55
[2026-04-19 00:53:01] [INFO] Meetings found for reminders: 0
[2026-04-19 00:53:01] [INFO] No reminders to send
[2026-04-19 00:53:01] [SUMMARY] ==================================================
Job: Send Reminders
Completed: 2026-04-19 00:53:01
Duration: 0s
reminders_sent: 0
reminders_failed: 0
==================================================
[2026-04-19 00:54:01] [INFO] Starting cron job: Send Meeting Reminders
[2026-04-19 00:54:01] [INFO] Connecting to MongoDB...
[2026-04-19 00:54:01] [DEBUG] Current Date: 2026-04-19
[2026-04-19 00:54:01] [DEBUG] Current Time: 00:54
[2026-04-19 00:54:01] [DEBUG] Looking for meetings between 00:54 and 01:24
[2026-04-19 00:54:01] [DEBUG] Total scheduled meetings found: 55
[2026-04-19 00:54:01] [INFO] Meetings found for reminders: 0
[2026-04-19 00:54:01] [INFO] No reminders to send
[2026-04-19 00:54:01] [SUMMARY] ==================================================
Job: Send Reminders
Completed: 2026-04-19 00:54:01
Duration: 0s
reminders_sent: 0
reminders_failed: 0
==================================================
[2026-04-19 00:55:01] [INFO] Starting cron job: Send Meeting Reminders
[2026-04-19 00:55:01] [INFO] Connecting to MongoDB...
[2026-04-19 00:55:01] [DEBUG] Current Date: 2026-04-19
[2026-04-19 00:55:01] [DEBUG] Current Time: 00:55
[2026-04-19 00:55:01] [DEBUG] Looking for meetings between 00:55 and 01:25
[2026-04-19 00:55:01] [DEBUG] Total scheduled meetings found: 55
[2026-04-19 00:55:01] [INFO] Meetings found for reminders: 0
[2026-04-19 00:55:01] [INFO] No reminders to send
[2026-04-19 00:55:01] [SUMMARY] ==================================================
Job: Send Reminders
Completed: 2026-04-19 00:55:01
Duration: 0s
reminders_sent: 0
reminders_failed: 0
==================================================
[2026-04-19 00:56:01] [INFO] Starting cron job: Send Meeting Reminders
[2026-04-19 00:56:01] [INFO] Connecting to MongoDB...
[2026-04-19 00:56:01] [DEBUG] Current Date: 2026-04-19
[2026-04-19 00:56:01] [DEBUG] Current Time: 00:56
[2026-04-19 00:56:01] [DEBUG] Looking for meetings between 00:56 and 01:26
[2026-04-19 00:56:01] [DEBUG] Total scheduled meetings found: 55
[2026-04-19 00:56:01] [INFO] Meetings found for reminders: 0
[2026-04-19 00:56:01] [INFO] No reminders to send
[2026-04-19 00:56:01] [SUMMARY] ==================================================
Job: Send Reminders
Completed: 2026-04-19 00:56:01
Duration: 0s
reminders_sent: 0
reminders_failed: 0
==================================================
[2026-04-19 00:57:01] [INFO] Starting cron job: Send Meeting Reminders
[2026-04-19 00:57:01] [INFO] Connecting to MongoDB...
[2026-04-19 00:57:01] [DEBUG] Current Date: 2026-04-19
[2026-04-19 00:57:01] [DEBUG] Current Time: 00:57
[2026-04-19 00:57:01] [DEBUG] Looking for meetings between 00:57 and 01:27
[2026-04-19 00:57:01] [DEBUG] Total scheduled meetings found: 55
[2026-04-19 00:57:01] [INFO] Meetings found for reminders: 0
[2026-04-19 00:57:01] [INFO] No reminders to send
[2026-04-19 00:57:01] [SUMMARY] ==================================================
Job: Send Reminders
Completed: 2026-04-19 00:57:01
Duration: 0s
reminders_sent: 0
reminders_failed: 0
==================================================
[2026-04-19 00:58:01] [INFO] Starting cron job: Send Meeting Reminders
[2026-04-19 00:58:01] [INFO] Connecting to MongoDB...
[2026-04-19 00:58:01] [DEBUG] Current Date: 2026-04-19
[2026-04-19 00:58:01] [DEBUG] Current Time: 00:58
[2026-04-19 00:58:01] [DEBUG] Looking for meetings between 00:58 and 01:28
[2026-04-19 00:58:01] [DEBUG] Total scheduled meetings found: 55
[2026-04-19 00:58:01] [INFO] Meetings found for reminders: 0
[2026-04-19 00:58:01] [INFO] No reminders to send
[2026-04-19 00:58:01] [SUMMARY] ==================================================
Job: Send Reminders
Completed: 2026-04-19 00:58:01
Duration: 0s
reminders_sent: 0
reminders_failed: 0
==================================================
[2026-04-19 00:59:01] [INFO] Starting cron job: Send Meeting Reminders
[2026-04-19 00:59:01] [INFO] Connecting to MongoDB...
[2026-04-19 00:59:01] [DEBUG] Current Date: 2026-04-19
[2026-04-19 00:59:01] [DEBUG] Current Time: 00:59
[2026-04-19 00:59:01] [DEBUG] Looking for meetings between 00:59 and 01:29
[2026-04-19 00:59:01] [DEBUG] Total scheduled meetings found: 55
[2026-04-19 00:59:01] [INFO] Meetings found for reminders: 0
[2026-04-19 00:59:01] [INFO] No reminders to send
[2026-04-19 00:59:01] [SUMMARY] ==================================================
Job: Send Reminders
Completed: 2026-04-19 00:59:01
Duration: 0s
reminders_sent: 0
reminders_failed: 0
==================================================
[2026-04-19 01:00:01] [INFO] Starting cron job: Send Meeting Reminders
[2026-04-19 01:00:01] [INFO] Connecting to MongoDB...
[2026-04-19 01:00:01] [DEBUG] Current Date: 2026-04-19
[2026-04-19 01:00:01] [DEBUG] Current Time: 01:00
[2026-04-19 01:00:01] [DEBUG] Looking for meetings between 01:00 and 01:30
[2026-04-19 01:00:01] [DEBUG] Total scheduled meetings found: 55
[2026-04-19 01:00:01] [INFO] Meetings found for reminders: 0
[2026-04-19 01:00:01] [INFO] No reminders to send
[2026-04-19 01:00:01] [SUMMARY] ==================================================
Job: Send Reminders
Completed: 2026-04-19 01:00:01
Duration: 0s
reminders_sent: 0
reminders_failed: 0
==================================================
[2026-04-19 01:01:01] [INFO] Starting cron job: Send Meeting Reminders
[2026-04-19 01:01:01] [INFO] Connecting to MongoDB...
[2026-04-19 01:01:01] [DEBUG] Current Date: 2026-04-19
[2026-04-19 01:01:01] [DEBUG] Current Time: 01:01
[2026-04-19 01:01:01] [DEBUG] Looking for meetings between 01:01 and 01:31
[2026-04-19 01:01:01] [DEBUG] Total scheduled meetings found: 55
[2026-04-19 01:01:01] [INFO] Meetings found for reminders: 0
[2026-04-19 01:01:01] [INFO] No reminders to send
[2026-04-19 01:01:01] [SUMMARY] ==================================================
Job: Send Reminders
Completed: 2026-04-19 01:01:01
Duration: 0s
reminders_sent: 0
reminders_failed: 0
==================================================
[2026-04-19 01:02:01] [INFO] Starting cron job: Send Meeting Reminders
[2026-04-19 01:02:01] [INFO] Connecting to MongoDB...
[2026-04-19 01:02:01] [DEBUG] Current Date: 2026-04-19
[2026-04-19 01:02:01] [DEBUG] Current Time: 01:02
[2026-04-19 01:02:01] [DEBUG] Looking for meetings between 01:02 and 01:32
[2026-04-19 01:02:01] [DEBUG] Total scheduled meetings found: 55
[2026-04-19 01:02:01] [INFO] Meetings found for reminders: 0
[2026-04-19 01:02:01] [INFO] No reminders to send
[2026-04-19 01:02:01] [SUMMARY] ==================================================
Job: Send Reminders
Completed: 2026-04-19 01:02:01
Duration: 0s
reminders_sent: 0
reminders_failed: 0
==================================================
[2026-04-19 01:03:01] [INFO] Starting cron job: Send Meeting Reminders
[2026-04-19 01:03:01] [INFO] Connecting to MongoDB...
[2026-04-19 01:03:01] [DEBUG] Current Date: 2026-04-19
[2026-04-19 01:03:01] [DEBUG] Current Time: 01:03
[2026-04-19 01:03:01] [DEBUG] Looking for meetings between 01:03 and 01:33
[2026-04-19 01:03:01] [DEBUG] Total scheduled meetings found: 55
[2026-04-19 01:03:01] [INFO] Meetings found for reminders: 0
[2026-04-19 01:03:01] [INFO] No reminders to send
[2026-04-19 01:03:01] [SUMMARY] ==================================================
Job: Send Reminders
Completed: 2026-04-19 01:03:01
Duration: 0s
reminders_sent: 0
reminders_failed: 0
==================================================
[2026-04-19 01:04:01] [INFO] Starting cron job: Send Meeting Reminders
[2026-04-19 01:04:01] [INFO] Connecting to MongoDB...
[2026-04-19 01:04:01] [DEBUG] Current Date: 2026-04-19
[2026-04-19 01:04:01] [DEBUG] Current Time: 01:04
[2026-04-19 01:04:01] [DEBUG] Looking for meetings between 01:04 and 01:34
[2026-04-19 01:04:01] [DEBUG] Total scheduled meetings found: 55
[2026-04-19 01:04:01] [INFO] Meetings found for reminders: 0
[2026-04-19 01:04:01] [INFO] No reminders to send
[2026-04-19 01:04:01] [SUMMARY] ==================================================
Job: Send Reminders
Completed: 2026-04-19 01:04:01
Duration: 0s
reminders_sent: 0
reminders_failed: 0
==================================================
[2026-04-19 01:05:01] [INFO] Starting cron job: Send Meeting Reminders
[2026-04-19 01:05:01] [INFO] Connecting to MongoDB...
[2026-04-19 01:05:01] [DEBUG] Current Date: 2026-04-19
[2026-04-19 01:05:01] [DEBUG] Current Time: 01:05
[2026-04-19 01:05:01] [DEBUG] Looking for meetings between 01:05 and 01:35
[2026-04-19 01:05:01] [DEBUG] Total scheduled meetings found: 55
[2026-04-19 01:05:01] [INFO] Meetings found for reminders: 0
[2026-04-19 01:05:01] [INFO] No reminders to send
[2026-04-19 01:05:01] [SUMMARY] ==================================================
Job: Send Reminders
Completed: 2026-04-19 01:05:01
Duration: 0s
reminders_sent: 0
reminders_failed: 0
==================================================
[2026-04-19 01:06:01] [INFO] Starting cron job: Send Meeting Reminders
[2026-04-19 01:06:01] [INFO] Connecting to MongoDB...
[2026-04-19 01:06:01] [DEBUG] Current Date: 2026-04-19
[2026-04-19 01:06:01] [DEBUG] Current Time: 01:06
[2026-04-19 01:06:01] [DEBUG] Looking for meetings between 01:06 and 01:36
[2026-04-19 01:06:01] [DEBUG] Total scheduled meetings found: 55
[2026-04-19 01:06:01] [INFO] Meetings found for reminders: 0
[2026-04-19 01:06:01] [INFO] No reminders to send
[2026-04-19 01:06:01] [SUMMARY] ==================================================
Job: Send Reminders
Completed: 2026-04-19 01:06:01
Duration: 0s
reminders_sent: 0
reminders_failed: 0
==================================================
[2026-04-19 01:07:01] [INFO] Starting cron job: Send Meeting Reminders
[2026-04-19 01:07:01] [INFO] Connecting to MongoDB...
[2026-04-19 01:07:01] [DEBUG] Current Date: 2026-04-19
[2026-04-19 01:07:01] [DEBUG] Current Time: 01:07
[2026-04-19 01:07:01] [DEBUG] Looking for meetings between 01:07 and 01:37
[2026-04-19 01:07:01] [DEBUG] Total scheduled meetings found: 55
[2026-04-19 01:07:01] [INFO] Meetings found for reminders: 0
[2026-04-19 01:07:01] [INFO] No reminders to send
[2026-04-19 01:07:01] [SUMMARY] ==================================================
Job: Send Reminders
Completed: 2026-04-19 01:07:01
Duration: 0s
reminders_sent: 0
reminders_failed: 0
==================================================
[2026-04-19 01:08:01] [INFO] Starting cron job: Send Meeting Reminders
[2026-04-19 01:08:01] [INFO] Connecting to MongoDB...
[2026-04-19 01:08:01] [DEBUG] Current Date: 2026-04-19
[2026-04-19 01:08:01] [DEBUG] Current Time: 01:08
[2026-04-19 01:08:01] [DEBUG] Looking for meetings between 01:08 and 01:38
[2026-04-19 01:08:01] [DEBUG] Total scheduled meetings found: 55
[2026-04-19 01:08:01] [INFO] Meetings found for reminders: 0
[2026-04-19 01:08:01] [INFO] No reminders to send
[2026-04-19 01:08:01] [SUMMARY] ==================================================
Job: Send Reminders
Completed: 2026-04-19 01:08:01
Duration: 0s
reminders_sent: 0
reminders_failed: 0
==================================================
[2026-04-19 01:09:00] [INFO] Starting cron job: Send Meeting Reminders
[2026-04-19 01:09:00] [INFO] Connecting to MongoDB...
[2026-04-19 01:09:00] [DEBUG] Current Date: 2026-04-19
[2026-04-19 01:09:00] [DEBUG] Current Time: 01:09
[2026-04-19 01:09:00] [DEBUG] Looking for meetings between 01:09 and 01:39
[2026-04-19 01:09:00] [DEBUG] Total scheduled meetings found: 55
[2026-04-19 01:09:00] [INFO] Meetings found for reminders: 0
[2026-04-19 01:09:00] [INFO] No reminders to send
[2026-04-19 01:09:00] [SUMMARY] ==================================================
Job: Send Reminders
Completed: 2026-04-19 01:09:00
Duration: 0s
reminders_sent: 0
reminders_failed: 0
==================================================
[2026-04-19 01:10:00] [INFO] Starting cron job: Send Meeting Reminders
[2026-04-19 01:10:00] [INFO] Connecting to MongoDB...
[2026-04-19 01:10:00] [DEBUG] Current Date: 2026-04-19
[2026-04-19 01:10:00] [DEBUG] Current Time: 01:10
[2026-04-19 01:10:00] [DEBUG] Looking for meetings between 01:10 and 01:40
[2026-04-19 01:10:00] [DEBUG] Total scheduled meetings found: 55
[2026-04-19 01:10:00] [INFO] Meetings found for reminders: 0
[2026-04-19 01:10:00] [INFO] No reminders to send
[2026-04-19 01:10:00] [SUMMARY] ==================================================
Job: Send Reminders
Completed: 2026-04-19 01:10:00
Duration: 0s
reminders_sent: 0
reminders_failed: 0
==================================================
[2026-04-19 01:11:00] [INFO] Starting cron job: Send Meeting Reminders
[2026-04-19 01:11:00] [INFO] Connecting to MongoDB...
[2026-04-19 01:11:00] [DEBUG] Current Date: 2026-04-19
[2026-04-19 01:11:00] [DEBUG] Current Time: 01:11
[2026-04-19 01:11:00] [DEBUG] Looking for meetings between 01:11 and 01:41
[2026-04-19 01:11:00] [DEBUG] Total scheduled meetings found: 55
[2026-04-19 01:11:00] [INFO] Meetings found for reminders: 0
[2026-04-19 01:11:00] [INFO] No reminders to send
[2026-04-19 01:11:00] [SUMMARY] ==================================================
Job: Send Reminders
Completed: 2026-04-19 01:11:00
Duration: 0s
reminders_sent: 0
reminders_failed: 0
==================================================
[2026-04-19 01:12:00] [INFO] Starting cron job: Send Meeting Reminders
[2026-04-19 01:12:00] [INFO] Connecting to MongoDB...
[2026-04-19 01:12:00] [DEBUG] Current Date: 2026-04-19
[2026-04-19 01:12:00] [DEBUG] Current Time: 01:12
[2026-04-19 01:12:00] [DEBUG] Looking for meetings between 01:12 and 01:42
[2026-04-19 01:12:00] [DEBUG] Total scheduled meetings found: 55
[2026-04-19 01:12:00] [INFO] Meetings found for reminders: 0
[2026-04-19 01:12:00] [INFO] No reminders to send
[2026-04-19 01:12:00] [SUMMARY] ==================================================
Job: Send Reminders
Completed: 2026-04-19 01:12:00
Duration: 0s
reminders_sent: 0
reminders_failed: 0
==================================================
[2026-04-19 01:13:00] [INFO] Starting cron job: Send Meeting Reminders
[2026-04-19 01:13:00] [INFO] Connecting to MongoDB...
[2026-04-19 01:13:00] [DEBUG] Current Date: 2026-04-19
[2026-04-19 01:13:00] [DEBUG] Current Time: 01:13
[2026-04-19 01:13:00] [DEBUG] Looking for meetings between 01:13 and 01:43
[2026-04-19 01:13:00] [DEBUG] Total scheduled meetings found: 55
[2026-04-19 01:13:00] [INFO] Meetings found for reminders: 0
[2026-04-19 01:13:00] [INFO] No reminders to send
[2026-04-19 01:13:00] [SUMMARY] ==================================================
Job: Send Reminders
Completed: 2026-04-19 01:13:00
Duration: 0s
reminders_sent: 0
reminders_failed: 0
==================================================
[2026-04-19 01:14:00] [INFO] Starting cron job: Send Meeting Reminders
[2026-04-19 01:14:00] [INFO] Connecting to MongoDB...
[2026-04-19 01:14:00] [DEBUG] Current Date: 2026-04-19
[2026-04-19 01:14:00] [DEBUG] Current Time: 01:14
[2026-04-19 01:14:00] [DEBUG] Looking for meetings between 01:14 and 01:44
[2026-04-19 01:14:00] [DEBUG] Total scheduled meetings found: 55
[2026-04-19 01:14:00] [INFO] Meetings found for reminders: 0
[2026-04-19 01:14:00] [INFO] No reminders to send
[2026-04-19 01:14:00] [SUMMARY] ==================================================
Job: Send Reminders
Completed: 2026-04-19 01:14:00
Duration: 0s
reminders_sent: 0
reminders_failed: 0
==================================================
[2026-04-19 01:15:00] [INFO] Starting cron job: Send Meeting Reminders
[2026-04-19 01:15:00] [INFO] Connecting to MongoDB...
[2026-04-19 01:15:00] [DEBUG] Current Date: 2026-04-19
[2026-04-19 01:15:00] [DEBUG] Current Time: 01:15
[2026-04-19 01:15:00] [DEBUG] Looking for meetings between 01:15 and 01:45
[2026-04-19 01:15:00] [DEBUG] Total scheduled meetings found: 55
[2026-04-19 01:15:00] [INFO] Meetings found for reminders: 0
[2026-04-19 01:15:00] [INFO] No reminders to send
[2026-04-19 01:15:00] [SUMMARY] ==================================================
Job: Send Reminders
Completed: 2026-04-19 01:15:00
Duration: 0s
reminders_sent: 0
reminders_failed: 0
==================================================
[2026-04-19 01:16:00] [INFO] Starting cron job: Send Meeting Reminders
[2026-04-19 01:16:00] [INFO] Connecting to MongoDB...
[2026-04-19 01:16:00] [DEBUG] Current Date: 2026-04-19
[2026-04-19 01:16:00] [DEBUG] Current Time: 01:16
[2026-04-19 01:16:00] [DEBUG] Looking for meetings between 01:16 and 01:46
[2026-04-19 01:16:00] [DEBUG] Total scheduled meetings found: 55
[2026-04-19 01:16:00] [INFO] Meetings found for reminders: 0
[2026-04-19 01:16:00] [INFO] No reminders to send
[2026-04-19 01:16:00] [SUMMARY] ==================================================
Job: Send Reminders
Completed: 2026-04-19 01:16:00
Duration: 0s
reminders_sent: 0
reminders_failed: 0
==================================================
[2026-04-19 01:17:00] [INFO] Starting cron job: Send Meeting Reminders
[2026-04-19 01:17:00] [INFO] Connecting to MongoDB...
[2026-04-19 01:17:00] [DEBUG] Current Date: 2026-04-19
[2026-04-19 01:17:00] [DEBUG] Current Time: 01:17
[2026-04-19 01:17:00] [DEBUG] Looking for meetings between 01:17 and 01:47
[2026-04-19 01:17:00] [DEBUG] Total scheduled meetings found: 55
[2026-04-19 01:17:00] [INFO] Meetings found for reminders: 0
[2026-04-19 01:17:00] [INFO] No reminders to send
[2026-04-19 01:17:00] [SUMMARY] ==================================================
Job: Send Reminders
Completed: 2026-04-19 01:17:00
Duration: 0s
reminders_sent: 0
reminders_failed: 0
==================================================
[2026-04-19 01:18:00] [INFO] Starting cron job: Send Meeting Reminders
[2026-04-19 01:18:00] [INFO] Connecting to MongoDB...
[2026-04-19 01:18:00] [DEBUG] Current Date: 2026-04-19
[2026-04-19 01:18:00] [DEBUG] Current Time: 01:18
[2026-04-19 01:18:00] [DEBUG] Looking for meetings between 01:18 and 01:48
[2026-04-19 01:18:00] [DEBUG] Total scheduled meetings found: 55
[2026-04-19 01:18:00] [INFO] Meetings found for reminders: 0
[2026-04-19 01:18:00] [INFO] No reminders to send
[2026-04-19 01:18:00] [SUMMARY] ==================================================
Job: Send Reminders
Completed: 2026-04-19 01:18:00
Duration: 0s
reminders_sent: 0
reminders_failed: 0
==================================================
[2026-04-19 01:19:00] [INFO] Starting cron job: Send Meeting Reminders
[2026-04-19 01:19:00] [INFO] Connecting to MongoDB...
[2026-04-19 01:19:00] [DEBUG] Current Date: 2026-04-19
[2026-04-19 01:19:00] [DEBUG] Current Time: 01:19
[2026-04-19 01:19:00] [DEBUG] Looking for meetings between 01:19 and 01:49
[2026-04-19 01:19:00] [DEBUG] Total scheduled meetings found: 55
[2026-04-19 01:19:00] [INFO] Meetings found for reminders: 0
[2026-04-19 01:19:00] [INFO] No reminders to send
[2026-04-19 01:19:00] [SUMMARY] ==================================================
Job: Send Reminders
Completed: 2026-04-19 01:19:00
Duration: 0s
reminders_sent: 0
reminders_failed: 0
==================================================
[2026-04-19 01:20:00] [INFO] Starting cron job: Send Meeting Reminders
[2026-04-19 01:20:00] [INFO] Connecting to MongoDB...
[2026-04-19 01:20:00] [DEBUG] Current Date: 2026-04-19
[2026-04-19 01:20:00] [DEBUG] Current Time: 01:20
[2026-04-19 01:20:00] [DEBUG] Looking for meetings between 01:20 and 01:50
[2026-04-19 01:20:00] [DEBUG] Total scheduled meetings found: 55
[2026-04-19 01:20:00] [INFO] Meetings found for reminders: 0
[2026-04-19 01:20:00] [INFO] No reminders to send
[2026-04-19 01:20:00] [SUMMARY] ==================================================
Job: Send Reminders
Completed: 2026-04-19 01:20:00
Duration: 0s
reminders_sent: 0
reminders_failed: 0
==================================================
[2026-04-19 01:21:00] [INFO] Starting cron job: Send Meeting Reminders
[2026-04-19 01:21:00] [INFO] Connecting to MongoDB...
[2026-04-19 01:21:00] [DEBUG] Current Date: 2026-04-19
[2026-04-19 01:21:00] [DEBUG] Current Time: 01:21
[2026-04-19 01:21:00] [DEBUG] Looking for meetings between 01:21 and 01:51
[2026-04-19 01:21:00] [DEBUG] Total scheduled meetings found: 55
[2026-04-19 01:21:00] [INFO] Meetings found for reminders: 0
[2026-04-19 01:21:00] [INFO] No reminders to send
[2026-04-19 01:21:00] [SUMMARY] ==================================================
Job: Send Reminders
Completed: 2026-04-19 01:21:00
Duration: 0s
reminders_sent: 0
reminders_failed: 0
==================================================
[2026-04-19 01:22:00] [INFO] Starting cron job: Send Meeting Reminders
[2026-04-19 01:22:00] [INFO] Connecting to MongoDB...
[2026-04-19 01:22:00] [DEBUG] Current Date: 2026-04-19
[2026-04-19 01:22:00] [DEBUG] Current Time: 01:22
[2026-04-19 01:22:00] [DEBUG] Looking for meetings between 01:22 and 01:52
[2026-04-19 01:22:00] [DEBUG] Total scheduled meetings found: 55
[2026-04-19 01:22:00] [INFO] Meetings found for reminders: 0
[2026-04-19 01:22:00] [INFO] No reminders to send
[2026-04-19 01:22:00] [SUMMARY] ==================================================
Job: Send Reminders
Completed: 2026-04-19 01:22:00
Duration: 0s
reminders_sent: 0
reminders_failed: 0
==================================================
[2026-04-19 01:23:00] [INFO] Starting cron job: Send Meeting Reminders
[2026-04-19 01:23:00] [INFO] Connecting to MongoDB...
[2026-04-19 01:23:00] [DEBUG] Current Date: 2026-04-19
[2026-04-19 01:23:00] [DEBUG] Current Time: 01:23
[2026-04-19 01:23:00] [DEBUG] Looking for meetings between 01:23 and 01:53
[2026-04-19 01:23:00] [DEBUG] Total scheduled meetings found: 55
[2026-04-19 01:23:00] [INFO] Meetings found for reminders: 0
[2026-04-19 01:23:00] [INFO] No reminders to send
[2026-04-19 01:23:00] [SUMMARY] ==================================================
Job: Send Reminders
Completed: 2026-04-19 01:23:00
Duration: 0s
reminders_sent: 0
reminders_failed: 0
==================================================
[2026-04-19 01:24:00] [INFO] Starting cron job: Send Meeting Reminders
[2026-04-19 01:24:00] [INFO] Connecting to MongoDB...
[2026-04-19 01:24:00] [DEBUG] Current Date: 2026-04-19
[2026-04-19 01:24:00] [DEBUG] Current Time: 01:24
[2026-04-19 01:24:00] [DEBUG] Looking for meetings between 01:24 and 01:54
[2026-04-19 01:24:00] [DEBUG] Total scheduled meetings found: 55
[2026-04-19 01:24:00] [INFO] Meetings found for reminders: 0
[2026-04-19 01:24:00] [INFO] No reminders to send
[2026-04-19 01:24:00] [SUMMARY] ==================================================
Job: Send Reminders
Completed: 2026-04-19 01:24:00
Duration: 0s
reminders_sent: 0
reminders_failed: 0
==================================================
[2026-04-19 01:25:00] [INFO] Starting cron job: Send Meeting Reminders
[2026-04-19 01:25:00] [INFO] Connecting to MongoDB...
[2026-04-19 01:25:00] [DEBUG] Current Date: 2026-04-19
[2026-04-19 01:25:00] [DEBUG] Current Time: 01:25
[2026-04-19 01:25:00] [DEBUG] Looking for meetings between 01:25 and 01:55
[2026-04-19 01:25:00] [DEBUG] Total scheduled meetings found: 55
[2026-04-19 01:25:00] [INFO] Meetings found for reminders: 0
[2026-04-19 01:25:00] [INFO] No reminders to send
[2026-04-19 01:25:00] [SUMMARY] ==================================================
Job: Send Reminders
Completed: 2026-04-19 01:25:00
Duration: 0s
reminders_sent: 0
reminders_failed: 0
==================================================
[2026-04-19 01:26:00] [INFO] Starting cron job: Send Meeting Reminders
[2026-04-19 01:26:00] [INFO] Connecting to MongoDB...
[2026-04-19 01:26:00] [DEBUG] Current Date: 2026-04-19
[2026-04-19 01:26:00] [DEBUG] Current Time: 01:26
[2026-04-19 01:26:00] [DEBUG] Looking for meetings between 01:26 and 01:56
[2026-04-19 01:26:00] [DEBUG] Total scheduled meetings found: 55
[2026-04-19 01:26:00] [INFO] Meetings found for reminders: 0
[2026-04-19 01:26:00] [INFO] No reminders to send
[2026-04-19 01:26:00] [SUMMARY] ==================================================
Job: Send Reminders
Completed: 2026-04-19 01:26:00
Duration: 0s
reminders_sent: 0
reminders_failed: 0
==================================================
[2026-04-19 01:27:00] [INFO] Starting cron job: Send Meeting Reminders
[2026-04-19 01:27:00] [INFO] Connecting to MongoDB...
[2026-04-19 01:27:00] [DEBUG] Current Date: 2026-04-19
[2026-04-19 01:27:00] [DEBUG] Current Time: 01:27
[2026-04-19 01:27:00] [DEBUG] Looking for meetings between 01:27 and 01:57
[2026-04-19 01:27:00] [DEBUG] Total scheduled meetings found: 55
[2026-04-19 01:27:00] [INFO] Meetings found for reminders: 0
[2026-04-19 01:27:00] [INFO] No reminders to send
[2026-04-19 01:27:00] [SUMMARY] ==================================================
Job: Send Reminders
Completed: 2026-04-19 01:27:00
Duration: 0s
reminders_sent: 0
reminders_failed: 0
==================================================
[2026-04-19 01:28:00] [INFO] Starting cron job: Send Meeting Reminders
[2026-04-19 01:28:00] [INFO] Connecting to MongoDB...
[2026-04-19 01:28:00] [DEBUG] Current Date: 2026-04-19
[2026-04-19 01:28:00] [DEBUG] Current Time: 01:28
[2026-04-19 01:28:00] [DEBUG] Looking for meetings between 01:28 and 01:58
[2026-04-19 01:28:00] [DEBUG] Total scheduled meetings found: 55
[2026-04-19 01:28:00] [INFO] Meetings found for reminders: 0
[2026-04-19 01:28:00] [INFO] No reminders to send
[2026-04-19 01:28:00] [SUMMARY] ==================================================
Job: Send Reminders
Completed: 2026-04-19 01:28:00
Duration: 0s
reminders_sent: 0
reminders_failed: 0
==================================================
[2026-04-19 01:29:00] [INFO] Starting cron job: Send Meeting Reminders
[2026-04-19 01:29:00] [INFO] Connecting to MongoDB...
[2026-04-19 01:29:00] [DEBUG] Current Date: 2026-04-19
[2026-04-19 01:29:00] [DEBUG] Current Time: 01:29
[2026-04-19 01:29:00] [DEBUG] Looking for meetings between 01:29 and 01:59
[2026-04-19 01:29:00] [DEBUG] Total scheduled meetings found: 55
[2026-04-19 01:29:00] [INFO] Meetings found for reminders: 0
[2026-04-19 01:29:00] [INFO] No reminders to send
[2026-04-19 01:29:00] [SUMMARY] ==================================================
Job: Send Reminders
Completed: 2026-04-19 01:29:00
Duration: 0s
reminders_sent: 0
reminders_failed: 0
==================================================
[2026-04-19 01:30:00] [INFO] Starting cron job: Send Meeting Reminders
[2026-04-19 01:30:00] [INFO] Connecting to MongoDB...
[2026-04-19 01:30:00] [DEBUG] Current Date: 2026-04-19
[2026-04-19 01:30:00] [DEBUG] Current Time: 01:30
[2026-04-19 01:30:00] [DEBUG] Looking for meetings between 01:30 and 02:00
[2026-04-19 01:30:00] [DEBUG] Total scheduled meetings found: 55
[2026-04-19 01:30:00] [INFO] Meetings found for reminders: 0
[2026-04-19 01:30:00] [INFO] No reminders to send
[2026-04-19 01:30:00] [SUMMARY] ==================================================
Job: Send Reminders
Completed: 2026-04-19 01:30:00
Duration: 0s
reminders_sent: 0
reminders_failed: 0
==================================================
[2026-04-19 01:31:00] [INFO] Starting cron job: Send Meeting Reminders
[2026-04-19 01:31:00] [INFO] Connecting to MongoDB...
[2026-04-19 01:31:00] [DEBUG] Current Date: 2026-04-19
[2026-04-19 01:31:00] [DEBUG] Current Time: 01:31
[2026-04-19 01:31:00] [DEBUG] Looking for meetings between 01:31 and 02:01
[2026-04-19 01:31:00] [DEBUG] Total scheduled meetings found: 55
[2026-04-19 01:31:00] [INFO] Meetings found for reminders: 0
[2026-04-19 01:31:00] [INFO] No reminders to send
[2026-04-19 01:31:00] [SUMMARY] ==================================================
Job: Send Reminders
Completed: 2026-04-19 01:31:00
Duration: 0s
reminders_sent: 0
reminders_failed: 0
==================================================
[2026-04-19 01:32:00] [INFO] Starting cron job: Send Meeting Reminders
[2026-04-19 01:32:00] [INFO] Connecting to MongoDB...
[2026-04-19 01:32:00] [DEBUG] Current Date: 2026-04-19
[2026-04-19 01:32:00] [DEBUG] Current Time: 01:32
[2026-04-19 01:32:00] [DEBUG] Looking for meetings between 01:32 and 02:02
[2026-04-19 01:32:00] [DEBUG] Total scheduled meetings found: 55
[2026-04-19 01:32:00] [INFO] Meetings found for reminders: 0
[2026-04-19 01:32:00] [INFO] No reminders to send
[2026-04-19 01:32:00] [SUMMARY] ==================================================
Job: Send Reminders
Completed: 2026-04-19 01:32:00
Duration: 0s
reminders_sent: 0
reminders_failed: 0
==================================================
[2026-04-19 01:33:00] [INFO] Starting cron job: Send Meeting Reminders
[2026-04-19 01:33:00] [INFO] Connecting to MongoDB...
[2026-04-19 01:33:00] [DEBUG] Current Date: 2026-04-19
[2026-04-19 01:33:00] [DEBUG] Current Time: 01:33
[2026-04-19 01:33:00] [DEBUG] Looking for meetings between 01:33 and 02:03
[2026-04-19 01:33:00] [DEBUG] Total scheduled meetings found: 55
[2026-04-19 01:33:00] [INFO] Meetings found for reminders: 0
[2026-04-19 01:33:00] [INFO] No reminders to send
[2026-04-19 01:33:00] [SUMMARY] ==================================================
Job: Send Reminders
Completed: 2026-04-19 01:33:00
Duration: 0s
reminders_sent: 0
reminders_failed: 0
==================================================
[2026-04-19 01:34:00] [INFO] Starting cron job: Send Meeting Reminders
[2026-04-19 01:34:00] [INFO] Connecting to MongoDB...
[2026-04-19 01:34:00] [DEBUG] Current Date: 2026-04-19
[2026-04-19 01:34:00] [DEBUG] Current Time: 01:34
[2026-04-19 01:34:00] [DEBUG] Looking for meetings between 01:34 and 02:04
[2026-04-19 01:34:00] [DEBUG] Total scheduled meetings found: 55
[2026-04-19 01:34:00] [INFO] Meetings found for reminders: 0
[2026-04-19 01:34:00] [INFO] No reminders to send
[2026-04-19 01:34:00] [SUMMARY] ==================================================
Job: Send Reminders
Completed: 2026-04-19 01:34:00
Duration: 0s
reminders_sent: 0
reminders_failed: 0
==================================================
[2026-04-19 01:35:00] [INFO] Starting cron job: Send Meeting Reminders
[2026-04-19 01:35:00] [INFO] Connecting to MongoDB...
[2026-04-19 01:35:00] [DEBUG] Current Date: 2026-04-19
[2026-04-19 01:35:00] [DEBUG] Current Time: 01:35
[2026-04-19 01:35:00] [DEBUG] Looking for meetings between 01:35 and 02:05
[2026-04-19 01:35:00] [DEBUG] Total scheduled meetings found: 55
[2026-04-19 01:35:00] [INFO] Meetings found for reminders: 0
[2026-04-19 01:35:00] [INFO] No reminders to send
[2026-04-19 01:35:00] [SUMMARY] ==================================================
Job: Send Reminders
Completed: 2026-04-19 01:35:00
Duration: 0s
reminders_sent: 0
reminders_failed: 0
==================================================
[2026-04-19 01:36:00] [INFO] Starting cron job: Send Meeting Reminders
[2026-04-19 01:36:00] [INFO] Connecting to MongoDB...
[2026-04-19 01:36:00] [DEBUG] Current Date: 2026-04-19
[2026-04-19 01:36:00] [DEBUG] Current Time: 01:36
[2026-04-19 01:36:00] [DEBUG] Looking for meetings between 01:36 and 02:06
[2026-04-19 01:36:00] [DEBUG] Total scheduled meetings found: 55
[2026-04-19 01:36:00] [INFO] Meetings found for reminders: 0
[2026-04-19 01:36:00] [INFO] No reminders to send
[2026-04-19 01:36:00] [SUMMARY] ==================================================
Job: Send Reminders
Completed: 2026-04-19 01:36:00
Duration: 0s
reminders_sent: 0
reminders_failed: 0
==================================================
[2026-04-19 01:37:00] [INFO] Starting cron job: Send Meeting Reminders
[2026-04-19 01:37:00] [INFO] Connecting to MongoDB...
[2026-04-19 01:37:00] [DEBUG] Current Date: 2026-04-19
[2026-04-19 01:37:00] [DEBUG] Current Time: 01:37
[2026-04-19 01:37:00] [DEBUG] Looking for meetings between 01:37 and 02:07
[2026-04-19 01:37:00] [DEBUG] Total scheduled meetings found: 55
[2026-04-19 01:37:00] [INFO] Meetings found for reminders: 0
[2026-04-19 01:37:00] [INFO] No reminders to send
[2026-04-19 01:37:00] [SUMMARY] ==================================================
Job: Send Reminders
Completed: 2026-04-19 01:37:00
Duration: 0s
reminders_sent: 0
reminders_failed: 0
==================================================
[2026-04-19 01:38:00] [INFO] Starting cron job: Send Meeting Reminders
[2026-04-19 01:38:00] [INFO] Connecting to MongoDB...
[2026-04-19 01:38:00] [DEBUG] Current Date: 2026-04-19
[2026-04-19 01:38:00] [DEBUG] Current Time: 01:38
[2026-04-19 01:38:00] [DEBUG] Looking for meetings between 01:38 and 02:08
[2026-04-19 01:38:00] [DEBUG] Total scheduled meetings found: 55
[2026-04-19 01:38:00] [INFO] Meetings found for reminders: 0
[2026-04-19 01:38:00] [INFO] No reminders to send
[2026-04-19 01:38:00] [SUMMARY] ==================================================
Job: Send Reminders
Completed: 2026-04-19 01:38:00
Duration: 0s
reminders_sent: 0
reminders_failed: 0
==================================================
[2026-04-19 01:39:00] [INFO] Starting cron job: Send Meeting Reminders
[2026-04-19 01:39:00] [INFO] Connecting to MongoDB...
[2026-04-19 01:39:00] [DEBUG] Current Date: 2026-04-19
[2026-04-19 01:39:00] [DEBUG] Current Time: 01:39
[2026-04-19 01:39:00] [DEBUG] Looking for meetings between 01:39 and 02:09
[2026-04-19 01:39:00] [DEBUG] Total scheduled meetings found: 55
[2026-04-19 01:39:00] [INFO] Meetings found for reminders: 0
[2026-04-19 01:39:00] [INFO] No reminders to send
[2026-04-19 01:39:00] [SUMMARY] ==================================================
Job: Send Reminders
Completed: 2026-04-19 01:39:00
Duration: 0s
reminders_sent: 0
reminders_failed: 0
==================================================
[2026-04-19 01:40:00] [INFO] Starting cron job: Send Meeting Reminders
[2026-04-19 01:40:00] [INFO] Connecting to MongoDB...
[2026-04-19 01:40:00] [DEBUG] Current Date: 2026-04-19
[2026-04-19 01:40:00] [DEBUG] Current Time: 01:40
[2026-04-19 01:40:00] [DEBUG] Looking for meetings between 01:40 and 02:10
[2026-04-19 01:40:00] [DEBUG] Total scheduled meetings found: 55
[2026-04-19 01:40:00] [INFO] Meetings found for reminders: 0
[2026-04-19 01:40:00] [INFO] No reminders to send
[2026-04-19 01:40:00] [SUMMARY] ==================================================
Job: Send Reminders
Completed: 2026-04-19 01:40:00
Duration: 0s
reminders_sent: 0
reminders_failed: 0
==================================================
[2026-04-19 01:41:00] [INFO] Starting cron job: Send Meeting Reminders
[2026-04-19 01:41:00] [INFO] Connecting to MongoDB...
[2026-04-19 01:41:00] [DEBUG] Current Date: 2026-04-19
[2026-04-19 01:41:00] [DEBUG] Current Time: 01:41
[2026-04-19 01:41:00] [DEBUG] Looking for meetings between 01:41 and 02:11
[2026-04-19 01:41:00] [DEBUG] Total scheduled meetings found: 55
[2026-04-19 01:41:00] [INFO] Meetings found for reminders: 0
[2026-04-19 01:41:00] [INFO] No reminders to send
[2026-04-19 01:41:00] [SUMMARY] ==================================================
Job: Send Reminders
Completed: 2026-04-19 01:41:00
Duration: 0s
reminders_sent: 0
reminders_failed: 0
==================================================
[2026-04-19 01:42:00] [INFO] Starting cron job: Send Meeting Reminders
[2026-04-19 01:42:00] [INFO] Connecting to MongoDB...
[2026-04-19 01:42:00] [DEBUG] Current Date: 2026-04-19
[2026-04-19 01:42:00] [DEBUG] Current Time: 01:42
[2026-04-19 01:42:00] [DEBUG] Looking for meetings between 01:42 and 02:12
[2026-04-19 01:42:00] [DEBUG] Total scheduled meetings found: 55
[2026-04-19 01:42:00] [INFO] Meetings found for reminders: 0
[2026-04-19 01:42:00] [INFO] No reminders to send
[2026-04-19 01:42:00] [SUMMARY] ==================================================
Job: Send Reminders
Completed: 2026-04-19 01:42:00
Duration: 0s
reminders_sent: 0
reminders_failed: 0
==================================================
[2026-04-19 01:43:00] [INFO] Starting cron job: Send Meeting Reminders
[2026-04-19 01:43:00] [INFO] Connecting to MongoDB...
[2026-04-19 01:43:00] [DEBUG] Current Date: 2026-04-19
[2026-04-19 01:43:00] [DEBUG] Current Time: 01:43
[2026-04-19 01:43:00] [DEBUG] Looking for meetings between 01:43 and 02:13
[2026-04-19 01:43:00] [DEBUG] Total scheduled meetings found: 55
[2026-04-19 01:43:00] [INFO] Meetings found for reminders: 0
[2026-04-19 01:43:00] [INFO] No reminders to send
[2026-04-19 01:43:00] [SUMMARY] ==================================================
Job: Send Reminders
Completed: 2026-04-19 01:43:00
Duration: 0s
reminders_sent: 0
reminders_failed: 0
==================================================
[2026-04-19 01:44:00] [INFO] Starting cron job: Send Meeting Reminders
[2026-04-19 01:44:00] [INFO] Connecting to MongoDB...
[2026-04-19 01:44:00] [DEBUG] Current Date: 2026-04-19
[2026-04-19 01:44:00] [DEBUG] Current Time: 01:44
[2026-04-19 01:44:00] [DEBUG] Looking for meetings between 01:44 and 02:14
[2026-04-19 01:44:00] [DEBUG] Total scheduled meetings found: 55
[2026-04-19 01:44:00] [INFO] Meetings found for reminders: 0
[2026-04-19 01:44:00] [INFO] No reminders to send
[2026-04-19 01:44:00] [SUMMARY] ==================================================
Job: Send Reminders
Completed: 2026-04-19 01:44:00
Duration: 0s
reminders_sent: 0
reminders_failed: 0
==================================================
[2026-04-19 01:45:00] [INFO] Starting cron job: Send Meeting Reminders
[2026-04-19 01:45:00] [INFO] Connecting to MongoDB...
[2026-04-19 01:45:00] [DEBUG] Current Date: 2026-04-19
[2026-04-19 01:45:00] [DEBUG] Current Time: 01:45
[2026-04-19 01:45:00] [DEBUG] Looking for meetings between 01:45 and 02:15
[2026-04-19 01:45:00] [DEBUG] Total scheduled meetings found: 55
[2026-04-19 01:45:00] [INFO] Meetings found for reminders: 0
[2026-04-19 01:45:00] [INFO] No reminders to send
[2026-04-19 01:45:00] [SUMMARY] ==================================================
Job: Send Reminders
Completed: 2026-04-19 01:45:00
Duration: 0s
reminders_sent: 0
reminders_failed: 0
==================================================
[2026-04-19 01:46:00] [INFO] Starting cron job: Send Meeting Reminders
[2026-04-19 01:46:00] [INFO] Connecting to MongoDB...
[2026-04-19 01:46:00] [DEBUG] Current Date: 2026-04-19
[2026-04-19 01:46:00] [DEBUG] Current Time: 01:46
[2026-04-19 01:46:00] [DEBUG] Looking for meetings between 01:46 and 02:16
[2026-04-19 01:46:00] [DEBUG] Total scheduled meetings found: 55
[2026-04-19 01:46:00] [INFO] Meetings found for reminders: 0
[2026-04-19 01:46:00] [INFO] No reminders to send
[2026-04-19 01:46:00] [SUMMARY] ==================================================
Job: Send Reminders
Completed: 2026-04-19 01:46:00
Duration: 0s
reminders_sent: 0
reminders_failed: 0
==================================================
[2026-04-19 01:47:00] [INFO] Starting cron job: Send Meeting Reminders
[2026-04-19 01:47:00] [INFO] Connecting to MongoDB...
[2026-04-19 01:47:00] [DEBUG] Current Date: 2026-04-19
[2026-04-19 01:47:00] [DEBUG] Current Time: 01:47
[2026-04-19 01:47:00] [DEBUG] Looking for meetings between 01:47 and 02:17
[2026-04-19 01:47:00] [DEBUG] Total scheduled meetings found: 55
[2026-04-19 01:47:00] [INFO] Meetings found for reminders: 0
[2026-04-19 01:47:00] [INFO] No reminders to send
[2026-04-19 01:47:00] [SUMMARY] ==================================================
Job: Send Reminders
Completed: 2026-04-19 01:47:00
Duration: 0s
reminders_sent: 0
reminders_failed: 0
==================================================
[2026-04-19 01:48:00] [INFO] Starting cron job: Send Meeting Reminders
[2026-04-19 01:48:00] [INFO] Connecting to MongoDB...
[2026-04-19 01:48:00] [DEBUG] Current Date: 2026-04-19
[2026-04-19 01:48:00] [DEBUG] Current Time: 01:48
[2026-04-19 01:48:00] [DEBUG] Looking for meetings between 01:48 and 02:18
[2026-04-19 01:48:00] [DEBUG] Total scheduled meetings found: 55
[2026-04-19 01:48:00] [INFO] Meetings found for reminders: 0
[2026-04-19 01:48:00] [INFO] No reminders to send
[2026-04-19 01:48:00] [SUMMARY] ==================================================
Job: Send Reminders
Completed: 2026-04-19 01:48:00
Duration: 0s
reminders_sent: 0
reminders_failed: 0
==================================================
[2026-04-19 01:49:00] [INFO] Starting cron job: Send Meeting Reminders
[2026-04-19 01:49:00] [INFO] Connecting to MongoDB...
[2026-04-19 01:49:00] [DEBUG] Current Date: 2026-04-19
[2026-04-19 01:49:00] [DEBUG] Current Time: 01:49
[2026-04-19 01:49:00] [DEBUG] Looking for meetings between 01:49 and 02:19
[2026-04-19 01:49:00] [DEBUG] Total scheduled meetings found: 55
[2026-04-19 01:49:00] [INFO] Meetings found for reminders: 0
[2026-04-19 01:49:00] [INFO] No reminders to send
[2026-04-19 01:49:00] [SUMMARY] ==================================================
Job: Send Reminders
Completed: 2026-04-19 01:49:00
Duration: 0s
reminders_sent: 0
reminders_failed: 0
==================================================
[2026-04-19 01:50:00] [INFO] Starting cron job: Send Meeting Reminders
[2026-04-19 01:50:00] [INFO] Connecting to MongoDB...
[2026-04-19 01:50:00] [DEBUG] Current Date: 2026-04-19
[2026-04-19 01:50:00] [DEBUG] Current Time: 01:50
[2026-04-19 01:50:00] [DEBUG] Looking for meetings between 01:50 and 02:20
[2026-04-19 01:50:00] [DEBUG] Total scheduled meetings found: 55
[2026-04-19 01:50:00] [INFO] Meetings found for reminders: 0
[2026-04-19 01:50:00] [INFO] No reminders to send
[2026-04-19 01:50:00] [SUMMARY] ==================================================
Job: Send Reminders
Completed: 2026-04-19 01:50:00
Duration: 0s
reminders_sent: 0
reminders_failed: 0
==================================================
[2026-04-19 01:51:00] [INFO] Starting cron job: Send Meeting Reminders
[2026-04-19 01:51:00] [INFO] Connecting to MongoDB...
[2026-04-19 01:51:00] [DEBUG] Current Date: 2026-04-19
[2026-04-19 01:51:00] [DEBUG] Current Time: 01:51
[2026-04-19 01:51:00] [DEBUG] Looking for meetings between 01:51 and 02:21
[2026-04-19 01:51:00] [DEBUG] Total scheduled meetings found: 55
[2026-04-19 01:51:00] [INFO] Meetings found for reminders: 0
[2026-04-19 01:51:00] [INFO] No reminders to send
[2026-04-19 01:51:00] [SUMMARY] ==================================================
Job: Send Reminders
Completed: 2026-04-19 01:51:00
Duration: 0s
reminders_sent: 0
reminders_failed: 0
==================================================
[2026-04-19 01:52:00] [INFO] Starting cron job: Send Meeting Reminders
[2026-04-19 01:52:00] [INFO] Connecting to MongoDB...
[2026-04-19 01:52:00] [DEBUG] Current Date: 2026-04-19
[2026-04-19 01:52:00] [DEBUG] Current Time: 01:52
[2026-04-19 01:52:00] [DEBUG] Looking for meetings between 01:52 and 02:22
[2026-04-19 01:52:00] [DEBUG] Total scheduled meetings found: 55
[2026-04-19 01:52:00] [INFO] Meetings found for reminders: 0
[2026-04-19 01:52:00] [INFO] No reminders to send
[2026-04-19 01:52:00] [SUMMARY] ==================================================
Job: Send Reminders
Completed: 2026-04-19 01:52:00
Duration: 0s
reminders_sent: 0
reminders_failed: 0
==================================================
[2026-04-19 01:53:00] [INFO] Starting cron job: Send Meeting Reminders
[2026-04-19 01:53:00] [INFO] Connecting to MongoDB...
[2026-04-19 01:53:00] [DEBUG] Current Date: 2026-04-19
[2026-04-19 01:53:00] [DEBUG] Current Time: 01:53
[2026-04-19 01:53:00] [DEBUG] Looking for meetings between 01:53 and 02:23
[2026-04-19 01:53:00] [DEBUG] Total scheduled meetings found: 55
[2026-04-19 01:53:00] [INFO] Meetings found for reminders: 0
[2026-04-19 01:53:00] [INFO] No reminders to send
[2026-04-19 01:53:00] [SUMMARY] ==================================================
Job: Send Reminders
Completed: 2026-04-19 01:53:00
Duration: 0s
reminders_sent: 0
reminders_failed: 0
==================================================
[2026-04-19 01:54:00] [INFO] Starting cron job: Send Meeting Reminders
[2026-04-19 01:54:00] [INFO] Connecting to MongoDB...
[2026-04-19 01:54:00] [DEBUG] Current Date: 2026-04-19
[2026-04-19 01:54:00] [DEBUG] Current Time: 01:54
[2026-04-19 01:54:00] [DEBUG] Looking for meetings between 01:54 and 02:24
[2026-04-19 01:54:00] [DEBUG] Total scheduled meetings found: 55
[2026-04-19 01:54:00] [INFO] Meetings found for reminders: 0
[2026-04-19 01:54:00] [INFO] No reminders to send
[2026-04-19 01:54:00] [SUMMARY] ==================================================
Job: Send Reminders
Completed: 2026-04-19 01:54:00
Duration: 0s
reminders_sent: 0
reminders_failed: 0
==================================================
[2026-04-19 01:55:00] [INFO] Starting cron job: Send Meeting Reminders
[2026-04-19 01:55:00] [INFO] Connecting to MongoDB...
[2026-04-19 01:55:00] [DEBUG] Current Date: 2026-04-19
[2026-04-19 01:55:00] [DEBUG] Current Time: 01:55
[2026-04-19 01:55:00] [DEBUG] Looking for meetings between 01:55 and 02:25
[2026-04-19 01:55:00] [DEBUG] Total scheduled meetings found: 55
[2026-04-19 01:55:00] [INFO] Meetings found for reminders: 0
[2026-04-19 01:55:00] [INFO] No reminders to send
[2026-04-19 01:55:00] [SUMMARY] ==================================================
Job: Send Reminders
Completed: 2026-04-19 01:55:00
Duration: 0.01s
reminders_sent: 0
reminders_failed: 0
==================================================
[2026-04-19 01:56:00] [INFO] Starting cron job: Send Meeting Reminders
[2026-04-19 01:56:00] [INFO] Connecting to MongoDB...
[2026-04-19 01:56:00] [DEBUG] Current Date: 2026-04-19
[2026-04-19 01:56:00] [DEBUG] Current Time: 01:56
[2026-04-19 01:56:00] [DEBUG] Looking for meetings between 01:56 and 02:26
[2026-04-19 01:56:00] [DEBUG] Total scheduled meetings found: 55
[2026-04-19 01:56:00] [INFO] Meetings found for reminders: 0
[2026-04-19 01:56:00] [INFO] No reminders to send
[2026-04-19 01:56:00] [SUMMARY] ==================================================
Job: Send Reminders
Completed: 2026-04-19 01:56:00
Duration: 0s
reminders_sent: 0
reminders_failed: 0
==================================================
[2026-04-19 01:57:00] [INFO] Starting cron job: Send Meeting Reminders
[2026-04-19 01:57:00] [INFO] Connecting to MongoDB...
[2026-04-19 01:57:00] [DEBUG] Current Date: 2026-04-19
[2026-04-19 01:57:00] [DEBUG] Current Time: 01:57
[2026-04-19 01:57:00] [DEBUG] Looking for meetings between 01:57 and 02:27
[2026-04-19 01:57:00] [DEBUG] Total scheduled meetings found: 55
[2026-04-19 01:57:00] [INFO] Meetings found for reminders: 0
[2026-04-19 01:57:00] [INFO] No reminders to send
[2026-04-19 01:57:00] [SUMMARY] ==================================================
Job: Send Reminders
Completed: 2026-04-19 01:57:00
Duration: 0s
reminders_sent: 0
reminders_failed: 0
==================================================
[2026-04-19 01:58:00] [INFO] Starting cron job: Send Meeting Reminders
[2026-04-19 01:58:00] [INFO] Connecting to MongoDB...
[2026-04-19 01:58:00] [DEBUG] Current Date: 2026-04-19
[2026-04-19 01:58:00] [DEBUG] Current Time: 01:58
[2026-04-19 01:58:00] [DEBUG] Looking for meetings between 01:58 and 02:28
[2026-04-19 01:58:00] [DEBUG] Total scheduled meetings found: 55
[2026-04-19 01:58:00] [INFO] Meetings found for reminders: 0
[2026-04-19 01:58:00] [INFO] No reminders to send
[2026-04-19 01:58:00] [SUMMARY] ==================================================
Job: Send Reminders
Completed: 2026-04-19 01:58:00
Duration: 0s
reminders_sent: 0
reminders_failed: 0
==================================================
[2026-04-19 01:59:00] [INFO] Starting cron job: Send Meeting Reminders
[2026-04-19 01:59:00] [INFO] Connecting to MongoDB...
[2026-04-19 01:59:00] [DEBUG] Current Date: 2026-04-19
[2026-04-19 01:59:00] [DEBUG] Current Time: 01:59
[2026-04-19 01:59:00] [DEBUG] Looking for meetings between 01:59 and 02:29
[2026-04-19 01:59:00] [DEBUG] Total scheduled meetings found: 55
[2026-04-19 01:59:00] [INFO] Meetings found for reminders: 0
[2026-04-19 01:59:00] [INFO] No reminders to send
[2026-04-19 01:59:00] [SUMMARY] ==================================================
Job: Send Reminders
Completed: 2026-04-19 01:59:00
Duration: 0s
reminders_sent: 0
reminders_failed: 0
==================================================
[2026-04-19 02:00:00] [INFO] Starting cron job: Send Meeting Reminders
[2026-04-19 02:00:00] [INFO] Connecting to MongoDB...
[2026-04-19 02:00:00] [DEBUG] Current Date: 2026-04-19
[2026-04-19 02:00:00] [DEBUG] Current Time: 02:00
[2026-04-19 02:00:00] [DEBUG] Looking for meetings between 02:00 and 02:30
[2026-04-19 02:00:00] [DEBUG] Total scheduled meetings found: 55
[2026-04-19 02:00:00] [INFO] Meetings found for reminders: 0
[2026-04-19 02:00:00] [INFO] No reminders to send
[2026-04-19 02:00:00] [SUMMARY] ==================================================
Job: Send Reminders
Completed: 2026-04-19 02:00:00
Duration: 0s
reminders_sent: 0
reminders_failed: 0
==================================================
[2026-04-19 02:01:00] [INFO] Starting cron job: Send Meeting Reminders
[2026-04-19 02:01:00] [INFO] Connecting to MongoDB...
[2026-04-19 02:01:00] [DEBUG] Current Date: 2026-04-19
[2026-04-19 02:01:00] [DEBUG] Current Time: 02:01
[2026-04-19 02:01:00] [DEBUG] Looking for meetings between 02:01 and 02:31
[2026-04-19 02:01:00] [DEBUG] Total scheduled meetings found: 55
[2026-04-19 02:01:00] [INFO] Meetings found for reminders: 0
[2026-04-19 02:01:00] [INFO] No reminders to send
[2026-04-19 02:01:00] [SUMMARY] ==================================================
Job: Send Reminders
Completed: 2026-04-19 02:01:00
Duration: 0s
reminders_sent: 0
reminders_failed: 0
==================================================
[2026-04-19 02:02:00] [INFO] Starting cron job: Send Meeting Reminders
[2026-04-19 02:02:00] [INFO] Connecting to MongoDB...
[2026-04-19 02:02:00] [DEBUG] Current Date: 2026-04-19
[2026-04-19 02:02:00] [DEBUG] Current Time: 02:02
[2026-04-19 02:02:00] [DEBUG] Looking for meetings between 02:02 and 02:32
[2026-04-19 02:02:00] [DEBUG] Total scheduled meetings found: 55
[2026-04-19 02:02:00] [INFO] Meetings found for reminders: 0
[2026-04-19 02:02:00] [INFO] No reminders to send
[2026-04-19 02:02:00] [SUMMARY] ==================================================
Job: Send Reminders
Completed: 2026-04-19 02:02:00
Duration: 0s
reminders_sent: 0
reminders_failed: 0
==================================================
[2026-04-19 02:03:00] [INFO] Starting cron job: Send Meeting Reminders
[2026-04-19 02:03:00] [INFO] Connecting to MongoDB...
[2026-04-19 02:03:00] [DEBUG] Current Date: 2026-04-19
[2026-04-19 02:03:00] [DEBUG] Current Time: 02:03
[2026-04-19 02:03:00] [DEBUG] Looking for meetings between 02:03 and 02:33
[2026-04-19 02:03:00] [DEBUG] Total scheduled meetings found: 55
[2026-04-19 02:03:00] [INFO] Meetings found for reminders: 0
[2026-04-19 02:03:00] [INFO] No reminders to send
[2026-04-19 02:03:00] [SUMMARY] ==================================================
Job: Send Reminders
Completed: 2026-04-19 02:03:00
Duration: 0s
reminders_sent: 0
reminders_failed: 0
==================================================
[2026-04-19 02:04:00] [INFO] Starting cron job: Send Meeting Reminders
[2026-04-19 02:04:00] [INFO] Connecting to MongoDB...
[2026-04-19 02:04:00] [DEBUG] Current Date: 2026-04-19
[2026-04-19 02:04:00] [DEBUG] Current Time: 02:04
[2026-04-19 02:04:00] [DEBUG] Looking for meetings between 02:04 and 02:34
[2026-04-19 02:04:00] [DEBUG] Total scheduled meetings found: 55
[2026-04-19 02:04:00] [INFO] Meetings found for reminders: 0
[2026-04-19 02:04:00] [INFO] No reminders to send
[2026-04-19 02:04:00] [SUMMARY] ==================================================
Job: Send Reminders
Completed: 2026-04-19 02:04:00
Duration: 0s
reminders_sent: 0
reminders_failed: 0
==================================================
[2026-04-19 02:05:00] [INFO] Starting cron job: Send Meeting Reminders
[2026-04-19 02:05:00] [INFO] Connecting to MongoDB...
[2026-04-19 02:05:00] [DEBUG] Current Date: 2026-04-19
[2026-04-19 02:05:00] [DEBUG] Current Time: 02:05
[2026-04-19 02:05:00] [DEBUG] Looking for meetings between 02:05 and 02:35
[2026-04-19 02:05:00] [DEBUG] Total scheduled meetings found: 55
[2026-04-19 02:05:00] [INFO] Meetings found for reminders: 0
[2026-04-19 02:05:00] [INFO] No reminders to send
[2026-04-19 02:05:00] [SUMMARY] ==================================================
Job: Send Reminders
Completed: 2026-04-19 02:05:00
Duration: 0s
reminders_sent: 0
reminders_failed: 0
==================================================
[2026-04-19 02:06:00] [INFO] Starting cron job: Send Meeting Reminders
[2026-04-19 02:06:00] [INFO] Connecting to MongoDB...
[2026-04-19 02:06:00] [DEBUG] Current Date: 2026-04-19
[2026-04-19 02:06:00] [DEBUG] Current Time: 02:06
[2026-04-19 02:06:00] [DEBUG] Looking for meetings between 02:06 and 02:36
[2026-04-19 02:06:00] [DEBUG] Total scheduled meetings found: 55
[2026-04-19 02:06:00] [INFO] Meetings found for reminders: 0
[2026-04-19 02:06:00] [INFO] No reminders to send
[2026-04-19 02:06:00] [SUMMARY] ==================================================
Job: Send Reminders
Completed: 2026-04-19 02:06:00
Duration: 0s
reminders_sent: 0
reminders_failed: 0
==================================================
[2026-04-19 02:07:00] [INFO] Starting cron job: Send Meeting Reminders
[2026-04-19 02:07:00] [INFO] Connecting to MongoDB...
[2026-04-19 02:07:00] [DEBUG] Current Date: 2026-04-19
[2026-04-19 02:07:00] [DEBUG] Current Time: 02:07
[2026-04-19 02:07:00] [DEBUG] Looking for meetings between 02:07 and 02:37
[2026-04-19 02:07:00] [DEBUG] Total scheduled meetings found: 55
[2026-04-19 02:07:00] [INFO] Meetings found for reminders: 0
[2026-04-19 02:07:00] [INFO] No reminders to send
[2026-04-19 02:07:00] [SUMMARY] ==================================================
Job: Send Reminders
Completed: 2026-04-19 02:07:00
Duration: 0s
reminders_sent: 0
reminders_failed: 0
==================================================
[2026-04-19 02:08:00] [INFO] Starting cron job: Send Meeting Reminders
[2026-04-19 02:08:00] [INFO] Connecting to MongoDB...
[2026-04-19 02:08:00] [DEBUG] Current Date: 2026-04-19
[2026-04-19 02:08:00] [DEBUG] Current Time: 02:08
[2026-04-19 02:08:00] [DEBUG] Looking for meetings between 02:08 and 02:38
[2026-04-19 02:08:00] [DEBUG] Total scheduled meetings found: 55
[2026-04-19 02:08:00] [INFO] Meetings found for reminders: 0
[2026-04-19 02:08:00] [INFO] No reminders to send
[2026-04-19 02:08:00] [SUMMARY] ==================================================
Job: Send Reminders
Completed: 2026-04-19 02:08:00
Duration: 0s
reminders_sent: 0
reminders_failed: 0
==================================================
[2026-04-19 02:09:00] [INFO] Starting cron job: Send Meeting Reminders
[2026-04-19 02:09:00] [INFO] Connecting to MongoDB...
[2026-04-19 02:09:00] [DEBUG] Current Date: 2026-04-19
[2026-04-19 02:09:00] [DEBUG] Current Time: 02:09
[2026-04-19 02:09:00] [DEBUG] Looking for meetings between 02:09 and 02:39
[2026-04-19 02:09:00] [DEBUG] Total scheduled meetings found: 55
[2026-04-19 02:09:00] [INFO] Meetings found for reminders: 0
[2026-04-19 02:09:00] [INFO] No reminders to send
[2026-04-19 02:09:00] [SUMMARY] ==================================================
Job: Send Reminders
Completed: 2026-04-19 02:09:00
Duration: 0s
reminders_sent: 0
reminders_failed: 0
==================================================
[2026-04-19 02:10:00] [INFO] Starting cron job: Send Meeting Reminders
[2026-04-19 02:10:00] [INFO] Connecting to MongoDB...
[2026-04-19 02:10:00] [DEBUG] Current Date: 2026-04-19
[2026-04-19 02:10:00] [DEBUG] Current Time: 02:10
[2026-04-19 02:10:00] [DEBUG] Looking for meetings between 02:10 and 02:40
[2026-04-19 02:10:00] [DEBUG] Total scheduled meetings found: 55
[2026-04-19 02:10:00] [INFO] Meetings found for reminders: 0
[2026-04-19 02:10:00] [INFO] No reminders to send
[2026-04-19 02:10:00] [SUMMARY] ==================================================
Job: Send Reminders
Completed: 2026-04-19 02:10:00
Duration: 0s
reminders_sent: 0
reminders_failed: 0
==================================================
[2026-04-19 02:11:00] [INFO] Starting cron job: Send Meeting Reminders
[2026-04-19 02:11:00] [INFO] Connecting to MongoDB...
[2026-04-19 02:11:00] [DEBUG] Current Date: 2026-04-19
[2026-04-19 02:11:00] [DEBUG] Current Time: 02:11
[2026-04-19 02:11:00] [DEBUG] Looking for meetings between 02:11 and 02:41
[2026-04-19 02:11:00] [DEBUG] Total scheduled meetings found: 55
[2026-04-19 02:11:00] [INFO] Meetings found for reminders: 0
[2026-04-19 02:11:00] [INFO] No reminders to send
[2026-04-19 02:11:00] [SUMMARY] ==================================================
Job: Send Reminders
Completed: 2026-04-19 02:11:00
Duration: 0s
reminders_sent: 0
reminders_failed: 0
==================================================
[2026-04-19 15:31:00] [INFO] Starting cron job: Send Meeting Reminders
[2026-04-19 15:31:00] [INFO] Connecting to MongoDB...
[2026-04-19 15:31:00] [DEBUG] Current Date: 2026-04-19
[2026-04-19 15:31:00] [DEBUG] Current Time: 15:31
[2026-04-19 15:31:00] [DEBUG] Looking for meetings between 15:31 and 16:01
[2026-04-19 15:31:00] [DEBUG] Total scheduled meetings found: 55
[2026-04-19 15:31:00] [INFO] Meetings found for reminders: 0
[2026-04-19 15:31:00] [INFO] No reminders to send
[2026-04-19 15:31:00] [SUMMARY] ==================================================
Job: Send Reminders
Completed: 2026-04-19 15:31:00
Duration: 0s
reminders_sent: 0
reminders_failed: 0
==================================================
[2026-04-19 15:32:00] [INFO] Starting cron job: Send Meeting Reminders
[2026-04-19 15:32:00] [INFO] Connecting to MongoDB...
[2026-04-19 15:32:00] [DEBUG] Current Date: 2026-04-19
[2026-04-19 15:32:00] [DEBUG] Current Time: 15:32
[2026-04-19 15:32:00] [DEBUG] Looking for meetings between 15:32 and 16:02
[2026-04-19 15:32:00] [DEBUG] Total scheduled meetings found: 55
[2026-04-19 15:32:00] [INFO] Meetings found for reminders: 0
[2026-04-19 15:32:00] [INFO] No reminders to send
[2026-04-19 15:32:00] [SUMMARY] ==================================================
Job: Send Reminders
Completed: 2026-04-19 15:32:00
Duration: 0s
reminders_sent: 0
reminders_failed: 0
==================================================
[2026-04-19 15:33:00] [INFO] Starting cron job: Send Meeting Reminders
[2026-04-19 15:33:00] [INFO] Connecting to MongoDB...
[2026-04-19 15:33:00] [DEBUG] Current Date: 2026-04-19
[2026-04-19 15:33:00] [DEBUG] Current Time: 15:33
[2026-04-19 15:33:00] [DEBUG] Looking for meetings between 15:33 and 16:03
[2026-04-19 15:33:00] [DEBUG] Total scheduled meetings found: 55
[2026-04-19 15:33:00] [INFO] Meetings found for reminders: 0
[2026-04-19 15:33:00] [INFO] No reminders to send
[2026-04-19 15:33:00] [SUMMARY] ==================================================
Job: Send Reminders
Completed: 2026-04-19 15:33:00
Duration: 0s
reminders_sent: 0
reminders_failed: 0
==================================================
[2026-04-19 15:34:00] [INFO] Starting cron job: Send Meeting Reminders
[2026-04-19 15:34:00] [INFO] Connecting to MongoDB...
[2026-04-19 15:34:00] [DEBUG] Current Date: 2026-04-19
[2026-04-19 15:34:00] [DEBUG] Current Time: 15:34
[2026-04-19 15:34:00] [DEBUG] Looking for meetings between 15:34 and 16:04
[2026-04-19 15:34:00] [DEBUG] Total scheduled meetings found: 55
[2026-04-19 15:34:00] [INFO] Meetings found for reminders: 0
[2026-04-19 15:34:00] [INFO] No reminders to send
[2026-04-19 15:34:00] [SUMMARY] ==================================================
Job: Send Reminders
Completed: 2026-04-19 15:34:00
Duration: 0s
reminders_sent: 0
reminders_failed: 0
==================================================
[2026-04-19 15:35:00] [INFO] Starting cron job: Send Meeting Reminders
[2026-04-19 15:35:00] [INFO] Connecting to MongoDB...
[2026-04-19 15:35:00] [DEBUG] Current Date: 2026-04-19
[2026-04-19 15:35:00] [DEBUG] Current Time: 15:35
[2026-04-19 15:35:00] [DEBUG] Looking for meetings between 15:35 and 16:05
[2026-04-19 15:35:00] [DEBUG] Total scheduled meetings found: 55
[2026-04-19 15:35:00] [INFO] Meetings found for reminders: 0
[2026-04-19 15:35:00] [INFO] No reminders to send
[2026-04-19 15:35:00] [SUMMARY] ==================================================
Job: Send Reminders
Completed: 2026-04-19 15:35:00
Duration: 0s
reminders_sent: 0
reminders_failed: 0
==================================================
[2026-04-19 15:36:00] [INFO] Starting cron job: Send Meeting Reminders
[2026-04-19 15:36:00] [INFO] Connecting to MongoDB...
[2026-04-19 15:36:00] [DEBUG] Current Date: 2026-04-19
[2026-04-19 15:36:00] [DEBUG] Current Time: 15:36
[2026-04-19 15:36:00] [DEBUG] Looking for meetings between 15:36 and 16:06
[2026-04-19 15:36:00] [DEBUG] Total scheduled meetings found: 55
[2026-04-19 15:36:00] [INFO] Meetings found for reminders: 0
[2026-04-19 15:36:00] [INFO] No reminders to send
[2026-04-19 15:36:00] [SUMMARY] ==================================================
Job: Send Reminders
Completed: 2026-04-19 15:36:00
Duration: 0s
reminders_sent: 0
reminders_failed: 0
==================================================
[2026-04-19 15:37:00] [INFO] Starting cron job: Send Meeting Reminders
[2026-04-19 15:37:00] [INFO] Connecting to MongoDB...
[2026-04-19 15:37:00] [DEBUG] Current Date: 2026-04-19
[2026-04-19 15:37:00] [DEBUG] Current Time: 15:37
[2026-04-19 15:37:00] [DEBUG] Looking for meetings between 15:37 and 16:07
[2026-04-19 15:37:00] [DEBUG] Total scheduled meetings found: 55
[2026-04-19 15:37:00] [INFO] Meetings found for reminders: 0
[2026-04-19 15:37:00] [INFO] No reminders to send
[2026-04-19 15:37:00] [SUMMARY] ==================================================
Job: Send Reminders
Completed: 2026-04-19 15:37:00
Duration: 0s
reminders_sent: 0
reminders_failed: 0
==================================================
[2026-04-19 15:38:00] [INFO] Starting cron job: Send Meeting Reminders
[2026-04-19 15:38:00] [INFO] Connecting to MongoDB...
[2026-04-19 15:38:00] [DEBUG] Current Date: 2026-04-19
[2026-04-19 15:38:00] [DEBUG] Current Time: 15:38
[2026-04-19 15:38:00] [DEBUG] Looking for meetings between 15:38 and 16:08
[2026-04-19 15:38:00] [DEBUG] Total scheduled meetings found: 55
[2026-04-19 15:38:00] [INFO] Meetings found for reminders: 0
[2026-04-19 15:38:00] [INFO] No reminders to send
[2026-04-19 15:38:00] [SUMMARY] ==================================================
Job: Send Reminders
Completed: 2026-04-19 15:38:00
Duration: 0s
reminders_sent: 0
reminders_failed: 0
==================================================
[2026-04-19 15:39:00] [INFO] Starting cron job: Send Meeting Reminders
[2026-04-19 15:39:00] [INFO] Connecting to MongoDB...
[2026-04-19 15:39:00] [DEBUG] Current Date: 2026-04-19
[2026-04-19 15:39:00] [DEBUG] Current Time: 15:39
[2026-04-19 15:39:00] [DEBUG] Looking for meetings between 15:39 and 16:09
[2026-04-19 15:39:00] [DEBUG] Total scheduled meetings found: 55
[2026-04-19 15:39:00] [INFO] Meetings found for reminders: 0
[2026-04-19 15:39:00] [INFO] No reminders to send
[2026-04-19 15:39:00] [SUMMARY] ==================================================
Job: Send Reminders
Completed: 2026-04-19 15:39:00
Duration: 0s
reminders_sent: 0
reminders_failed: 0
==================================================
[2026-04-19 15:40:00] [INFO] Starting cron job: Send Meeting Reminders
[2026-04-19 15:40:00] [INFO] Connecting to MongoDB...
[2026-04-19 15:40:00] [DEBUG] Current Date: 2026-04-19
[2026-04-19 15:40:00] [DEBUG] Current Time: 15:40
[2026-04-19 15:40:00] [DEBUG] Looking for meetings between 15:40 and 16:10
[2026-04-19 15:40:00] [DEBUG] Total scheduled meetings found: 55
[2026-04-19 15:40:00] [INFO] Meetings found for reminders: 0
[2026-04-19 15:40:00] [INFO] No reminders to send
[2026-04-19 15:40:01] [SUMMARY] ==================================================
Job: Send Reminders
Completed: 2026-04-19 15:40:00
Duration: 0s
reminders_sent: 0
reminders_failed: 0
==================================================
[2026-04-19 15:41:00] [INFO] Starting cron job: Send Meeting Reminders
[2026-04-19 15:41:00] [INFO] Connecting to MongoDB...
[2026-04-19 15:41:00] [DEBUG] Current Date: 2026-04-19
[2026-04-19 15:41:00] [DEBUG] Current Time: 15:41
[2026-04-19 15:41:00] [DEBUG] Looking for meetings between 15:41 and 16:11
[2026-04-19 15:41:00] [DEBUG] Total scheduled meetings found: 55
[2026-04-19 15:41:00] [INFO] Meetings found for reminders: 0
[2026-04-19 15:41:00] [INFO] No reminders to send
[2026-04-19 15:41:00] [SUMMARY] ==================================================
Job: Send Reminders
Completed: 2026-04-19 15:41:00
Duration: 0s
reminders_sent: 0
reminders_failed: 0
==================================================
[2026-04-19 15:42:01] [INFO] Starting cron job: Send Meeting Reminders
[2026-04-19 15:42:01] [INFO] Connecting to MongoDB...
[2026-04-19 15:42:01] [DEBUG] Current Date: 2026-04-19
[2026-04-19 15:42:01] [DEBUG] Current Time: 15:42
[2026-04-19 15:42:01] [DEBUG] Looking for meetings between 15:42 and 16:12
[2026-04-19 15:42:01] [DEBUG] Total scheduled meetings found: 55
[2026-04-19 15:42:01] [INFO] Meetings found for reminders: 0
[2026-04-19 15:42:01] [INFO] No reminders to send
[2026-04-19 15:42:01] [SUMMARY] ==================================================
Job: Send Reminders
Completed: 2026-04-19 15:42:01
Duration: 0s
reminders_sent: 0
reminders_failed: 0
==================================================
[2026-04-19 15:43:00] [INFO] Starting cron job: Send Meeting Reminders
[2026-04-19 15:43:00] [INFO] Connecting to MongoDB...
[2026-04-19 15:43:00] [DEBUG] Current Date: 2026-04-19
[2026-04-19 15:43:00] [DEBUG] Current Time: 15:43
[2026-04-19 15:43:00] [DEBUG] Looking for meetings between 15:43 and 16:13
[2026-04-19 15:43:00] [DEBUG] Total scheduled meetings found: 55
[2026-04-19 15:43:00] [INFO] Meetings found for reminders: 0
[2026-04-19 15:43:00] [INFO] No reminders to send
[2026-04-19 15:43:00] [SUMMARY] ==================================================
Job: Send Reminders
Completed: 2026-04-19 15:43:00
Duration: 0s
reminders_sent: 0
reminders_failed: 0
==================================================
[2026-04-19 15:44:01] [INFO] Starting cron job: Send Meeting Reminders
[2026-04-19 15:44:01] [INFO] Connecting to MongoDB...
[2026-04-19 15:44:01] [DEBUG] Current Date: 2026-04-19
[2026-04-19 15:44:01] [DEBUG] Current Time: 15:44
[2026-04-19 15:44:01] [DEBUG] Looking for meetings between 15:44 and 16:14
[2026-04-19 15:44:01] [DEBUG] Total scheduled meetings found: 55
[2026-04-19 15:44:01] [INFO] Meetings found for reminders: 0
[2026-04-19 15:44:01] [INFO] No reminders to send
[2026-04-19 15:44:01] [SUMMARY] ==================================================
Job: Send Reminders
Completed: 2026-04-19 15:44:01
Duration: 0s
reminders_sent: 0
reminders_failed: 0
==================================================
[2026-04-19 15:45:01] [INFO] Starting cron job: Send Meeting Reminders
[2026-04-19 15:45:01] [INFO] Connecting to MongoDB...
[2026-04-19 15:45:01] [DEBUG] Current Date: 2026-04-19
[2026-04-19 15:45:01] [DEBUG] Current Time: 15:45
[2026-04-19 15:45:01] [DEBUG] Looking for meetings between 15:45 and 16:15
[2026-04-19 15:45:01] [DEBUG] Total scheduled meetings found: 55
[2026-04-19 15:45:01] [INFO] Meetings found for reminders: 0
[2026-04-19 15:45:01] [INFO] No reminders to send
[2026-04-19 15:45:01] [SUMMARY] ==================================================
Job: Send Reminders
Completed: 2026-04-19 15:45:01
Duration: 0s
reminders_sent: 0
reminders_failed: 0
==================================================
[2026-04-19 15:46:01] [INFO] Starting cron job: Send Meeting Reminders
[2026-04-19 15:46:01] [INFO] Connecting to MongoDB...
[2026-04-19 15:46:01] [DEBUG] Current Date: 2026-04-19
[2026-04-19 15:46:01] [DEBUG] Current Time: 15:46
[2026-04-19 15:46:01] [DEBUG] Looking for meetings between 15:46 and 16:16
[2026-04-19 15:46:01] [DEBUG] Total scheduled meetings found: 55
[2026-04-19 15:46:01] [INFO] Meetings found for reminders: 0
[2026-04-19 15:46:01] [INFO] No reminders to send
[2026-04-19 15:46:01] [SUMMARY] ==================================================
Job: Send Reminders
Completed: 2026-04-19 15:46:01
Duration: 0s
reminders_sent: 0
reminders_failed: 0
==================================================
[2026-04-19 15:47:01] [INFO] Starting cron job: Send Meeting Reminders
[2026-04-19 15:47:01] [INFO] Connecting to MongoDB...
[2026-04-19 15:47:01] [DEBUG] Current Date: 2026-04-19
[2026-04-19 15:47:01] [DEBUG] Current Time: 15:47
[2026-04-19 15:47:01] [DEBUG] Looking for meetings between 15:47 and 16:17
[2026-04-19 15:47:01] [DEBUG] Total scheduled meetings found: 55
[2026-04-19 15:47:01] [INFO] Meetings found for reminders: 0
[2026-04-19 15:47:01] [INFO] No reminders to send
[2026-04-19 15:47:01] [SUMMARY] ==================================================
Job: Send Reminders
Completed: 2026-04-19 15:47:01
Duration: 0s
reminders_sent: 0
reminders_failed: 0
==================================================
[2026-04-19 15:48:01] [INFO] Starting cron job: Send Meeting Reminders
[2026-04-19 15:48:01] [INFO] Connecting to MongoDB...
[2026-04-19 15:48:01] [DEBUG] Current Date: 2026-04-19
[2026-04-19 15:48:01] [DEBUG] Current Time: 15:48
[2026-04-19 15:48:01] [DEBUG] Looking for meetings between 15:48 and 16:18
[2026-04-19 15:48:01] [DEBUG] Total scheduled meetings found: 55
[2026-04-19 15:48:01] [INFO] Meetings found for reminders: 0
[2026-04-19 15:48:01] [INFO] No reminders to send
[2026-04-19 15:48:01] [SUMMARY] ==================================================
Job: Send Reminders
Completed: 2026-04-19 15:48:01
Duration: 0s
reminders_sent: 0
reminders_failed: 0
==================================================
[2026-04-19 15:49:01] [INFO] Starting cron job: Send Meeting Reminders
[2026-04-19 15:49:01] [INFO] Connecting to MongoDB...
[2026-04-19 15:49:01] [DEBUG] Current Date: 2026-04-19
[2026-04-19 15:49:01] [DEBUG] Current Time: 15:49
[2026-04-19 15:49:01] [DEBUG] Looking for meetings between 15:49 and 16:19
[2026-04-19 15:49:01] [DEBUG] Total scheduled meetings found: 55
[2026-04-19 15:49:01] [INFO] Meetings found for reminders: 0
[2026-04-19 15:49:01] [INFO] No reminders to send
[2026-04-19 15:49:01] [SUMMARY] ==================================================
Job: Send Reminders
Completed: 2026-04-19 15:49:01
Duration: 0s
reminders_sent: 0
reminders_failed: 0
==================================================
[2026-04-19 15:50:01] [INFO] Starting cron job: Send Meeting Reminders
[2026-04-19 15:50:01] [INFO] Connecting to MongoDB...
[2026-04-19 15:50:01] [DEBUG] Current Date: 2026-04-19
[2026-04-19 15:50:01] [DEBUG] Current Time: 15:50
[2026-04-19 15:50:01] [DEBUG] Looking for meetings between 15:50 and 16:20
[2026-04-19 15:50:01] [DEBUG] Total scheduled meetings found: 55
[2026-04-19 15:50:01] [INFO] Meetings found for reminders: 0
[2026-04-19 15:50:01] [INFO] No reminders to send
[2026-04-19 15:50:01] [SUMMARY] ==================================================
Job: Send Reminders
Completed: 2026-04-19 15:50:01
Duration: 0s
reminders_sent: 0
reminders_failed: 0
==================================================
[2026-04-19 15:51:01] [INFO] Starting cron job: Send Meeting Reminders
[2026-04-19 15:51:01] [INFO] Connecting to MongoDB...
[2026-04-19 15:51:01] [DEBUG] Current Date: 2026-04-19
[2026-04-19 15:51:01] [DEBUG] Current Time: 15:51
[2026-04-19 15:51:01] [DEBUG] Looking for meetings between 15:51 and 16:21
[2026-04-19 15:51:01] [DEBUG] Total scheduled meetings found: 55
[2026-04-19 15:51:01] [INFO] Meetings found for reminders: 0
[2026-04-19 15:51:01] [INFO] No reminders to send
[2026-04-19 15:51:01] [SUMMARY] ==================================================
Job: Send Reminders
Completed: 2026-04-19 15:51:01
Duration: 0s
reminders_sent: 0
reminders_failed: 0
==================================================
[2026-04-19 15:52:01] [INFO] Starting cron job: Send Meeting Reminders
[2026-04-19 15:52:01] [INFO] Connecting to MongoDB...
[2026-04-19 15:52:01] [DEBUG] Current Date: 2026-04-19
[2026-04-19 15:52:01] [DEBUG] Current Time: 15:52
[2026-04-19 15:52:01] [DEBUG] Looking for meetings between 15:52 and 16:22
[2026-04-19 15:52:01] [DEBUG] Total scheduled meetings found: 55
[2026-04-19 15:52:01] [INFO] Meetings found for reminders: 0
[2026-04-19 15:52:01] [INFO] No reminders to send
[2026-04-19 15:52:01] [SUMMARY] ==================================================
Job: Send Reminders
Completed: 2026-04-19 15:52:01
Duration: 0s
reminders_sent: 0
reminders_failed: 0
==================================================
[2026-04-19 15:53:01] [INFO] Starting cron job: Send Meeting Reminders
[2026-04-19 15:53:01] [INFO] Connecting to MongoDB...
[2026-04-19 15:53:01] [DEBUG] Current Date: 2026-04-19
[2026-04-19 15:53:01] [DEBUG] Current Time: 15:53
[2026-04-19 15:53:01] [DEBUG] Looking for meetings between 15:53 and 16:23
[2026-04-19 15:53:01] [DEBUG] Total scheduled meetings found: 55
[2026-04-19 15:53:01] [INFO] Meetings found for reminders: 0
[2026-04-19 15:53:01] [INFO] No reminders to send
[2026-04-19 15:53:01] [SUMMARY] ==================================================
Job: Send Reminders
Completed: 2026-04-19 15:53:01
Duration: 0s
reminders_sent: 0
reminders_failed: 0
==================================================
[2026-04-19 15:54:01] [INFO] Starting cron job: Send Meeting Reminders
[2026-04-19 15:54:01] [INFO] Connecting to MongoDB...
[2026-04-19 15:54:01] [DEBUG] Current Date: 2026-04-19
[2026-04-19 15:54:01] [DEBUG] Current Time: 15:54
[2026-04-19 15:54:01] [DEBUG] Looking for meetings between 15:54 and 16:24
[2026-04-19 15:54:01] [DEBUG] Total scheduled meetings found: 55
[2026-04-19 15:54:01] [INFO] Meetings found for reminders: 0
[2026-04-19 15:54:01] [INFO] No reminders to send
[2026-04-19 15:54:01] [SUMMARY] ==================================================
Job: Send Reminders
Completed: 2026-04-19 15:54:01
Duration: 0s
reminders_sent: 0
reminders_failed: 0
==================================================
[2026-04-19 15:55:01] [INFO] Starting cron job: Send Meeting Reminders
[2026-04-19 15:55:01] [INFO] Connecting to MongoDB...
[2026-04-19 15:55:01] [DEBUG] Current Date: 2026-04-19
[2026-04-19 15:55:01] [DEBUG] Current Time: 15:55
[2026-04-19 15:55:01] [DEBUG] Looking for meetings between 15:55 and 16:25
[2026-04-19 15:55:01] [DEBUG] Total scheduled meetings found: 55
[2026-04-19 15:55:01] [INFO] Meetings found for reminders: 0
[2026-04-19 15:55:01] [INFO] No reminders to send
[2026-04-19 15:55:01] [SUMMARY] ==================================================
Job: Send Reminders
Completed: 2026-04-19 15:55:01
Duration: 0s
reminders_sent: 0
reminders_failed: 0
==================================================
[2026-04-19 15:56:01] [INFO] Starting cron job: Send Meeting Reminders
[2026-04-19 15:56:01] [INFO] Connecting to MongoDB...
[2026-04-19 15:56:01] [DEBUG] Current Date: 2026-04-19
[2026-04-19 15:56:01] [DEBUG] Current Time: 15:56
[2026-04-19 15:56:01] [DEBUG] Looking for meetings between 15:56 and 16:26
[2026-04-19 15:56:01] [DEBUG] Total scheduled meetings found: 55
[2026-04-19 15:56:01] [INFO] Meetings found for reminders: 0
[2026-04-19 15:56:01] [INFO] No reminders to send
[2026-04-19 15:56:01] [SUMMARY] ==================================================
Job: Send Reminders
Completed: 2026-04-19 15:56:01
Duration: 0s
reminders_sent: 0
reminders_failed: 0
==================================================
[2026-04-19 15:57:01] [INFO] Starting cron job: Send Meeting Reminders
[2026-04-19 15:57:01] [INFO] Connecting to MongoDB...
[2026-04-19 15:57:01] [DEBUG] Current Date: 2026-04-19
[2026-04-19 15:57:01] [DEBUG] Current Time: 15:57
[2026-04-19 15:57:01] [DEBUG] Looking for meetings between 15:57 and 16:27
[2026-04-19 15:57:01] [DEBUG] Total scheduled meetings found: 55
[2026-04-19 15:57:01] [INFO] Meetings found for reminders: 0
[2026-04-19 15:57:01] [INFO] No reminders to send
[2026-04-19 15:57:01] [SUMMARY] ==================================================
Job: Send Reminders
Completed: 2026-04-19 15:57:01
Duration: 0s
reminders_sent: 0
reminders_failed: 0
==================================================
[2026-04-19 15:58:01] [INFO] Starting cron job: Send Meeting Reminders
[2026-04-19 15:58:01] [INFO] Connecting to MongoDB...
[2026-04-19 15:58:01] [DEBUG] Current Date: 2026-04-19
[2026-04-19 15:58:01] [DEBUG] Current Time: 15:58
[2026-04-19 15:58:01] [DEBUG] Looking for meetings between 15:58 and 16:28
[2026-04-19 15:58:01] [DEBUG] Total scheduled meetings found: 55
[2026-04-19 15:58:01] [INFO] Meetings found for reminders: 0
[2026-04-19 15:58:01] [INFO] No reminders to send
[2026-04-19 15:58:01] [SUMMARY] ==================================================
Job: Send Reminders
Completed: 2026-04-19 15:58:01
Duration: 0s
reminders_sent: 0
reminders_failed: 0
==================================================
[2026-04-19 15:59:01] [INFO] Starting cron job: Send Meeting Reminders
[2026-04-19 15:59:01] [INFO] Connecting to MongoDB...
[2026-04-19 15:59:01] [DEBUG] Current Date: 2026-04-19
[2026-04-19 15:59:01] [DEBUG] Current Time: 15:59
[2026-04-19 15:59:01] [DEBUG] Looking for meetings between 15:59 and 16:29
[2026-04-19 15:59:01] [DEBUG] Total scheduled meetings found: 55
[2026-04-19 15:59:01] [INFO] Meetings found for reminders: 0
[2026-04-19 15:59:01] [INFO] No reminders to send
[2026-04-19 15:59:01] [SUMMARY] ==================================================
Job: Send Reminders
Completed: 2026-04-19 15:59:01
Duration: 0s
reminders_sent: 0
reminders_failed: 0
==================================================
[2026-04-19 16:00:01] [INFO] Starting cron job: Send Meeting Reminders
[2026-04-19 16:00:01] [INFO] Connecting to MongoDB...
[2026-04-19 16:00:01] [DEBUG] Current Date: 2026-04-19
[2026-04-19 16:00:01] [DEBUG] Current Time: 16:00
[2026-04-19 16:00:01] [DEBUG] Looking for meetings between 16:00 and 16:30
[2026-04-19 16:00:01] [DEBUG] Total scheduled meetings found: 55
[2026-04-19 16:00:01] [INFO] Meetings found for reminders: 0
[2026-04-19 16:00:01] [INFO] No reminders to send
[2026-04-19 16:00:01] [SUMMARY] ==================================================
Job: Send Reminders
Completed: 2026-04-19 16:00:01
Duration: 0s
reminders_sent: 0
reminders_failed: 0
==================================================
[2026-04-19 16:01:01] [INFO] Starting cron job: Send Meeting Reminders
[2026-04-19 16:01:01] [INFO] Connecting to MongoDB...
[2026-04-19 16:01:01] [DEBUG] Current Date: 2026-04-19
[2026-04-19 16:01:01] [DEBUG] Current Time: 16:01
[2026-04-19 16:01:01] [DEBUG] Looking for meetings between 16:01 and 16:31
[2026-04-19 16:01:01] [DEBUG] Total scheduled meetings found: 55
[2026-04-19 16:01:01] [INFO] Meetings found for reminders: 0
[2026-04-19 16:01:01] [INFO] No reminders to send
[2026-04-19 16:01:01] [SUMMARY] ==================================================
Job: Send Reminders
Completed: 2026-04-19 16:01:01
Duration: 0s
reminders_sent: 0
reminders_failed: 0
==================================================
[2026-04-19 16:02:01] [INFO] Starting cron job: Send Meeting Reminders
[2026-04-19 16:02:01] [INFO] Connecting to MongoDB...
[2026-04-19 16:02:01] [DEBUG] Current Date: 2026-04-19
[2026-04-19 16:02:01] [DEBUG] Current Time: 16:02
[2026-04-19 16:02:01] [DEBUG] Looking for meetings between 16:02 and 16:32
[2026-04-19 16:02:01] [DEBUG] Total scheduled meetings found: 55
[2026-04-19 16:02:01] [INFO] Meetings found for reminders: 0
[2026-04-19 16:02:01] [INFO] No reminders to send
[2026-04-19 16:02:01] [SUMMARY] ==================================================
Job: Send Reminders
Completed: 2026-04-19 16:02:01
Duration: 0s
reminders_sent: 0
reminders_failed: 0
==================================================
[2026-04-19 16:03:01] [INFO] Starting cron job: Send Meeting Reminders
[2026-04-19 16:03:01] [INFO] Connecting to MongoDB...
[2026-04-19 16:03:01] [DEBUG] Current Date: 2026-04-19
[2026-04-19 16:03:01] [DEBUG] Current Time: 16:03
[2026-04-19 16:03:01] [DEBUG] Looking for meetings between 16:03 and 16:33
[2026-04-19 16:03:01] [DEBUG] Total scheduled meetings found: 55
[2026-04-19 16:03:01] [INFO] Meetings found for reminders: 0
[2026-04-19 16:03:01] [INFO] No reminders to send
[2026-04-19 16:03:01] [SUMMARY] ==================================================
Job: Send Reminders
Completed: 2026-04-19 16:03:01
Duration: 0s
reminders_sent: 0
reminders_failed: 0
==================================================
[2026-04-19 16:04:01] [INFO] Starting cron job: Send Meeting Reminders
[2026-04-19 16:04:01] [INFO] Connecting to MongoDB...
[2026-04-19 16:04:01] [DEBUG] Current Date: 2026-04-19
[2026-04-19 16:04:01] [DEBUG] Current Time: 16:04
[2026-04-19 16:04:01] [DEBUG] Looking for meetings between 16:04 and 16:34
[2026-04-19 16:04:01] [DEBUG] Total scheduled meetings found: 55
[2026-04-19 16:04:01] [INFO] Meetings found for reminders: 0
[2026-04-19 16:04:01] [INFO] No reminders to send
[2026-04-19 16:04:01] [SUMMARY] ==================================================
Job: Send Reminders
Completed: 2026-04-19 16:04:01
Duration: 0.01s
reminders_sent: 0
reminders_failed: 0
==================================================
[2026-04-19 16:05:01] [INFO] Starting cron job: Send Meeting Reminders
[2026-04-19 16:05:01] [INFO] Connecting to MongoDB...
[2026-04-19 16:05:01] [DEBUG] Current Date: 2026-04-19
[2026-04-19 16:05:01] [DEBUG] Current Time: 16:05
[2026-04-19 16:05:01] [DEBUG] Looking for meetings between 16:05 and 16:35
[2026-04-19 16:05:01] [DEBUG] Total scheduled meetings found: 55
[2026-04-19 16:05:01] [INFO] Meetings found for reminders: 0
[2026-04-19 16:05:01] [INFO] No reminders to send
[2026-04-19 16:05:01] [SUMMARY] ==================================================
Job: Send Reminders
Completed: 2026-04-19 16:05:01
Duration: 0s
reminders_sent: 0
reminders_failed: 0
==================================================
[2026-04-19 16:06:01] [INFO] Starting cron job: Send Meeting Reminders
[2026-04-19 16:06:01] [INFO] Connecting to MongoDB...
[2026-04-19 16:06:01] [DEBUG] Current Date: 2026-04-19
[2026-04-19 16:06:01] [DEBUG] Current Time: 16:06
[2026-04-19 16:06:01] [DEBUG] Looking for meetings between 16:06 and 16:36
[2026-04-19 16:06:01] [DEBUG] Total scheduled meetings found: 55
[2026-04-19 16:06:01] [INFO] Meetings found for reminders: 0
[2026-04-19 16:06:01] [INFO] No reminders to send
[2026-04-19 16:06:01] [SUMMARY] ==================================================
Job: Send Reminders
Completed: 2026-04-19 16:06:01
Duration: 0s
reminders_sent: 0
reminders_failed: 0
==================================================
[2026-04-19 16:07:01] [INFO] Starting cron job: Send Meeting Reminders
[2026-04-19 16:07:01] [INFO] Connecting to MongoDB...
[2026-04-19 16:07:01] [DEBUG] Current Date: 2026-04-19
[2026-04-19 16:07:01] [DEBUG] Current Time: 16:07
[2026-04-19 16:07:01] [DEBUG] Looking for meetings between 16:07 and 16:37
[2026-04-19 16:07:01] [DEBUG] Total scheduled meetings found: 55
[2026-04-19 16:07:01] [INFO] Meetings found for reminders: 0
[2026-04-19 16:07:01] [INFO] No reminders to send
[2026-04-19 16:07:01] [SUMMARY] ==================================================
Job: Send Reminders
Completed: 2026-04-19 16:07:01
Duration: 0s
reminders_sent: 0
reminders_failed: 0
==================================================
[2026-04-19 16:08:01] [INFO] Starting cron job: Send Meeting Reminders
[2026-04-19 16:08:01] [INFO] Connecting to MongoDB...
[2026-04-19 16:08:01] [DEBUG] Current Date: 2026-04-19
[2026-04-19 16:08:01] [DEBUG] Current Time: 16:08
[2026-04-19 16:08:01] [DEBUG] Looking for meetings between 16:08 and 16:38
[2026-04-19 16:08:01] [DEBUG] Total scheduled meetings found: 55
[2026-04-19 16:08:01] [INFO] Meetings found for reminders: 0
[2026-04-19 16:08:01] [INFO] No reminders to send
[2026-04-19 16:08:01] [SUMMARY] ==================================================
Job: Send Reminders
Completed: 2026-04-19 16:08:01
Duration: 0s
reminders_sent: 0
reminders_failed: 0
==================================================
[2026-04-19 16:09:01] [INFO] Starting cron job: Send Meeting Reminders
[2026-04-19 16:09:01] [INFO] Connecting to MongoDB...
[2026-04-19 16:09:01] [DEBUG] Current Date: 2026-04-19
[2026-04-19 16:09:01] [DEBUG] Current Time: 16:09
[2026-04-19 16:09:01] [DEBUG] Looking for meetings between 16:09 and 16:39
[2026-04-19 16:09:01] [DEBUG] Total scheduled meetings found: 55
[2026-04-19 16:09:01] [INFO] Meetings found for reminders: 0
[2026-04-19 16:09:01] [INFO] No reminders to send
[2026-04-19 16:09:01] [SUMMARY] ==================================================
Job: Send Reminders
Completed: 2026-04-19 16:09:01
Duration: 0s
reminders_sent: 0
reminders_failed: 0
==================================================
[2026-04-19 16:10:01] [INFO] Starting cron job: Send Meeting Reminders
[2026-04-19 16:10:01] [INFO] Connecting to MongoDB...
[2026-04-19 16:10:01] [DEBUG] Current Date: 2026-04-19
[2026-04-19 16:10:01] [DEBUG] Current Time: 16:10
[2026-04-19 16:10:01] [DEBUG] Looking for meetings between 16:10 and 16:40
[2026-04-19 16:10:01] [DEBUG] Total scheduled meetings found: 55
[2026-04-19 16:10:01] [INFO] Meetings found for reminders: 0
[2026-04-19 16:10:01] [INFO] No reminders to send
[2026-04-19 16:10:01] [SUMMARY] ==================================================
Job: Send Reminders
Completed: 2026-04-19 16:10:01
Duration: 0s
reminders_sent: 0
reminders_failed: 0
==================================================
[2026-04-19 16:11:01] [INFO] Starting cron job: Send Meeting Reminders
[2026-04-19 16:11:01] [INFO] Connecting to MongoDB...
[2026-04-19 16:11:01] [DEBUG] Current Date: 2026-04-19
[2026-04-19 16:11:01] [DEBUG] Current Time: 16:11
[2026-04-19 16:11:01] [DEBUG] Looking for meetings between 16:11 and 16:41
[2026-04-19 16:11:01] [DEBUG] Total scheduled meetings found: 55
[2026-04-19 16:11:01] [INFO] Meetings found for reminders: 0
[2026-04-19 16:11:01] [INFO] No reminders to send
[2026-04-19 16:11:01] [SUMMARY] ==================================================
Job: Send Reminders
Completed: 2026-04-19 16:11:01
Duration: 0s
reminders_sent: 0
reminders_failed: 0
==================================================
[2026-04-19 16:12:01] [INFO] Starting cron job: Send Meeting Reminders
[2026-04-19 16:12:01] [INFO] Connecting to MongoDB...
[2026-04-19 16:12:01] [DEBUG] Current Date: 2026-04-19
[2026-04-19 16:12:01] [DEBUG] Current Time: 16:12
[2026-04-19 16:12:01] [DEBUG] Looking for meetings between 16:12 and 16:42
[2026-04-19 16:12:01] [DEBUG] Total scheduled meetings found: 55
[2026-04-19 16:12:01] [INFO] Meetings found for reminders: 0
[2026-04-19 16:12:01] [INFO] No reminders to send
[2026-04-19 16:12:01] [SUMMARY] ==================================================
Job: Send Reminders
Completed: 2026-04-19 16:12:01
Duration: 0s
reminders_sent: 0
reminders_failed: 0
==================================================
[2026-04-19 16:13:01] [INFO] Starting cron job: Send Meeting Reminders
[2026-04-19 16:13:01] [INFO] Connecting to MongoDB...
[2026-04-19 16:13:01] [DEBUG] Current Date: 2026-04-19
[2026-04-19 16:13:01] [DEBUG] Current Time: 16:13
[2026-04-19 16:13:01] [DEBUG] Looking for meetings between 16:13 and 16:43
[2026-04-19 16:13:01] [DEBUG] Total scheduled meetings found: 55
[2026-04-19 16:13:01] [INFO] Meetings found for reminders: 0
[2026-04-19 16:13:01] [INFO] No reminders to send
[2026-04-19 16:13:01] [SUMMARY] ==================================================
Job: Send Reminders
Completed: 2026-04-19 16:13:01
Duration: 0s
reminders_sent: 0
reminders_failed: 0
==================================================
[2026-04-19 16:14:01] [INFO] Starting cron job: Send Meeting Reminders
[2026-04-19 16:14:01] [INFO] Connecting to MongoDB...
[2026-04-19 16:14:01] [DEBUG] Current Date: 2026-04-19
[2026-04-19 16:14:01] [DEBUG] Current Time: 16:14
[2026-04-19 16:14:01] [DEBUG] Looking for meetings between 16:14 and 16:44
[2026-04-19 16:14:01] [DEBUG] Total scheduled meetings found: 55
[2026-04-19 16:14:01] [INFO] Meetings found for reminders: 0
[2026-04-19 16:14:01] [INFO] No reminders to send
[2026-04-19 16:14:01] [SUMMARY] ==================================================
Job: Send Reminders
Completed: 2026-04-19 16:14:01
Duration: 0s
reminders_sent: 0
reminders_failed: 0
==================================================
[2026-04-19 16:15:00] [INFO] Starting cron job: Send Meeting Reminders
[2026-04-19 16:15:00] [INFO] Connecting to MongoDB...
[2026-04-19 16:15:00] [DEBUG] Current Date: 2026-04-19
[2026-04-19 16:15:00] [DEBUG] Current Time: 16:15
[2026-04-19 16:15:00] [DEBUG] Looking for meetings between 16:15 and 16:45
[2026-04-19 16:15:00] [DEBUG] Total scheduled meetings found: 55
[2026-04-19 16:15:00] [INFO] Meetings found for reminders: 0
[2026-04-19 16:15:00] [INFO] No reminders to send
[2026-04-19 16:15:00] [SUMMARY] ==================================================
Job: Send Reminders
Completed: 2026-04-19 16:15:00
Duration: 0s
reminders_sent: 0
reminders_failed: 0
==================================================
[2026-04-19 16:16:00] [INFO] Starting cron job: Send Meeting Reminders
[2026-04-19 16:16:00] [INFO] Connecting to MongoDB...
[2026-04-19 16:16:00] [DEBUG] Current Date: 2026-04-19
[2026-04-19 16:16:00] [DEBUG] Current Time: 16:16
[2026-04-19 16:16:00] [DEBUG] Looking for meetings between 16:16 and 16:46
[2026-04-19 16:16:00] [DEBUG] Total scheduled meetings found: 55
[2026-04-19 16:16:00] [INFO] Meetings found for reminders: 0
[2026-04-19 16:16:00] [INFO] No reminders to send
[2026-04-19 16:16:00] [SUMMARY] ==================================================
Job: Send Reminders
Completed: 2026-04-19 16:16:00
Duration: 0s
reminders_sent: 0
reminders_failed: 0
==================================================
[2026-04-19 16:17:00] [INFO] Starting cron job: Send Meeting Reminders
[2026-04-19 16:17:00] [INFO] Connecting to MongoDB...
[2026-04-19 16:17:00] [DEBUG] Current Date: 2026-04-19
[2026-04-19 16:17:00] [DEBUG] Current Time: 16:17
[2026-04-19 16:17:00] [DEBUG] Looking for meetings between 16:17 and 16:47
[2026-04-19 16:17:00] [DEBUG] Total scheduled meetings found: 55
[2026-04-19 16:17:00] [INFO] Meetings found for reminders: 0
[2026-04-19 16:17:00] [INFO] No reminders to send
[2026-04-19 16:17:00] [SUMMARY] ==================================================
Job: Send Reminders
Completed: 2026-04-19 16:17:00
Duration: 0s
reminders_sent: 0
reminders_failed: 0
==================================================
[2026-04-19 16:18:00] [INFO] Starting cron job: Send Meeting Reminders
[2026-04-19 16:18:00] [INFO] Connecting to MongoDB...
[2026-04-19 16:18:00] [DEBUG] Current Date: 2026-04-19
[2026-04-19 16:18:00] [DEBUG] Current Time: 16:18
[2026-04-19 16:18:00] [DEBUG] Looking for meetings between 16:18 and 16:48
[2026-04-19 16:18:00] [DEBUG] Total scheduled meetings found: 55
[2026-04-19 16:18:00] [INFO] Meetings found for reminders: 0
[2026-04-19 16:18:00] [INFO] No reminders to send
[2026-04-19 16:18:00] [SUMMARY] ==================================================
Job: Send Reminders
Completed: 2026-04-19 16:18:00
Duration: 0s
reminders_sent: 0
reminders_failed: 0
==================================================
[2026-04-19 16:19:00] [INFO] Starting cron job: Send Meeting Reminders
[2026-04-19 16:19:00] [INFO] Connecting to MongoDB...
[2026-04-19 16:19:00] [DEBUG] Current Date: 2026-04-19
[2026-04-19 16:19:00] [DEBUG] Current Time: 16:19
[2026-04-19 16:19:00] [DEBUG] Looking for meetings between 16:19 and 16:49
[2026-04-19 16:19:00] [DEBUG] Total scheduled meetings found: 55
[2026-04-19 16:19:00] [INFO] Meetings found for reminders: 0
[2026-04-19 16:19:00] [INFO] No reminders to send
[2026-04-19 16:19:00] [SUMMARY] ==================================================
Job: Send Reminders
Completed: 2026-04-19 16:19:00
Duration: 0s
reminders_sent: 0
reminders_failed: 0
==================================================
[2026-04-19 16:20:00] [INFO] Starting cron job: Send Meeting Reminders
[2026-04-19 16:20:00] [INFO] Connecting to MongoDB...
[2026-04-19 16:20:00] [DEBUG] Current Date: 2026-04-19
[2026-04-19 16:20:00] [DEBUG] Current Time: 16:20
[2026-04-19 16:20:00] [DEBUG] Looking for meetings between 16:20 and 16:50
[2026-04-19 16:20:00] [DEBUG] Total scheduled meetings found: 55
[2026-04-19 16:20:00] [INFO] Meetings found for reminders: 0
[2026-04-19 16:20:00] [INFO] No reminders to send
[2026-04-19 16:20:00] [SUMMARY] ==================================================
Job: Send Reminders
Completed: 2026-04-19 16:20:00
Duration: 0s
reminders_sent: 0
reminders_failed: 0
==================================================
[2026-04-19 16:21:00] [INFO] Starting cron job: Send Meeting Reminders
[2026-04-19 16:21:00] [INFO] Connecting to MongoDB...
[2026-04-19 16:21:00] [DEBUG] Current Date: 2026-04-19
[2026-04-19 16:21:00] [DEBUG] Current Time: 16:21
[2026-04-19 16:21:00] [DEBUG] Looking for meetings between 16:21 and 16:51
[2026-04-19 16:21:00] [DEBUG] Total scheduled meetings found: 55
[2026-04-19 16:21:00] [INFO] Meetings found for reminders: 0
[2026-04-19 16:21:00] [INFO] No reminders to send
[2026-04-19 16:21:00] [SUMMARY] ==================================================
Job: Send Reminders
Completed: 2026-04-19 16:21:00
Duration: 0s
reminders_sent: 0
reminders_failed: 0
==================================================
[2026-04-19 16:22:00] [INFO] Starting cron job: Send Meeting Reminders
[2026-04-19 16:22:00] [INFO] Connecting to MongoDB...
[2026-04-19 16:22:00] [DEBUG] Current Date: 2026-04-19
[2026-04-19 16:22:00] [DEBUG] Current Time: 16:22
[2026-04-19 16:22:00] [DEBUG] Looking for meetings between 16:22 and 16:52
[2026-04-19 16:22:00] [DEBUG] Total scheduled meetings found: 55
[2026-04-19 16:22:00] [INFO] Meetings found for reminders: 0
[2026-04-19 16:22:00] [INFO] No reminders to send
[2026-04-19 16:22:00] [SUMMARY] ==================================================
Job: Send Reminders
Completed: 2026-04-19 16:22:00
Duration: 0s
reminders_sent: 0
reminders_failed: 0
==================================================
[2026-04-19 16:23:00] [INFO] Starting cron job: Send Meeting Reminders
[2026-04-19 16:23:00] [INFO] Connecting to MongoDB...
[2026-04-19 16:23:00] [DEBUG] Current Date: 2026-04-19
[2026-04-19 16:23:00] [DEBUG] Current Time: 16:23
[2026-04-19 16:23:00] [DEBUG] Looking for meetings between 16:23 and 16:53
[2026-04-19 16:23:00] [DEBUG] Total scheduled meetings found: 55
[2026-04-19 16:23:00] [INFO] Meetings found for reminders: 0
[2026-04-19 16:23:00] [INFO] No reminders to send
[2026-04-19 16:23:00] [SUMMARY] ==================================================
Job: Send Reminders
Completed: 2026-04-19 16:23:00
Duration: 0s
reminders_sent: 0
reminders_failed: 0
==================================================
[2026-04-19 16:24:00] [INFO] Starting cron job: Send Meeting Reminders
[2026-04-19 16:24:00] [INFO] Connecting to MongoDB...
[2026-04-19 16:24:00] [DEBUG] Current Date: 2026-04-19
[2026-04-19 16:24:00] [DEBUG] Current Time: 16:24
[2026-04-19 16:24:00] [DEBUG] Looking for meetings between 16:24 and 16:54
[2026-04-19 16:24:00] [DEBUG] Total scheduled meetings found: 55
[2026-04-19 16:24:00] [INFO] Meetings found for reminders: 0
[2026-04-19 16:24:00] [INFO] No reminders to send
[2026-04-19 16:24:00] [SUMMARY] ==================================================
Job: Send Reminders
Completed: 2026-04-19 16:24:00
Duration: 0s
reminders_sent: 0
reminders_failed: 0
==================================================
[2026-04-19 16:25:00] [INFO] Starting cron job: Send Meeting Reminders
[2026-04-19 16:25:00] [INFO] Connecting to MongoDB...
[2026-04-19 16:25:00] [DEBUG] Current Date: 2026-04-19
[2026-04-19 16:25:00] [DEBUG] Current Time: 16:25
[2026-04-19 16:25:00] [DEBUG] Looking for meetings between 16:25 and 16:55
[2026-04-19 16:25:00] [DEBUG] Total scheduled meetings found: 55
[2026-04-19 16:25:00] [INFO] Meetings found for reminders: 0
[2026-04-19 16:25:00] [INFO] No reminders to send
[2026-04-19 16:25:00] [SUMMARY] ==================================================
Job: Send Reminders
Completed: 2026-04-19 16:25:00
Duration: 0s
reminders_sent: 0
reminders_failed: 0
==================================================
[2026-04-19 16:26:00] [INFO] Starting cron job: Send Meeting Reminders
[2026-04-19 16:26:00] [INFO] Connecting to MongoDB...
[2026-04-19 16:26:00] [DEBUG] Current Date: 2026-04-19
[2026-04-19 16:26:00] [DEBUG] Current Time: 16:26
[2026-04-19 16:26:00] [DEBUG] Looking for meetings between 16:26 and 16:56
[2026-04-19 16:26:00] [DEBUG] Total scheduled meetings found: 55
[2026-04-19 16:26:00] [INFO] Meetings found for reminders: 0
[2026-04-19 16:26:00] [INFO] No reminders to send
[2026-04-19 16:26:00] [SUMMARY] ==================================================
Job: Send Reminders
Completed: 2026-04-19 16:26:00
Duration: 0s
reminders_sent: 0
reminders_failed: 0
==================================================
[2026-04-19 16:27:00] [INFO] Starting cron job: Send Meeting Reminders
[2026-04-19 16:27:00] [INFO] Connecting to MongoDB...
[2026-04-19 16:27:00] [DEBUG] Current Date: 2026-04-19
[2026-04-19 16:27:00] [DEBUG] Current Time: 16:27
[2026-04-19 16:27:00] [DEBUG] Looking for meetings between 16:27 and 16:57
[2026-04-19 16:27:00] [DEBUG] Total scheduled meetings found: 55
[2026-04-19 16:27:00] [INFO] Meetings found for reminders: 0
[2026-04-19 16:27:00] [INFO] No reminders to send
[2026-04-19 16:27:00] [SUMMARY] ==================================================
Job: Send Reminders
Completed: 2026-04-19 16:27:00
Duration: 0s
reminders_sent: 0
reminders_failed: 0
==================================================
[2026-04-19 16:28:00] [INFO] Starting cron job: Send Meeting Reminders
[2026-04-19 16:28:00] [INFO] Connecting to MongoDB...
[2026-04-19 16:28:00] [DEBUG] Current Date: 2026-04-19
[2026-04-19 16:28:00] [DEBUG] Current Time: 16:28
[2026-04-19 16:28:00] [DEBUG] Looking for meetings between 16:28 and 16:58
[2026-04-19 16:28:00] [DEBUG] Total scheduled meetings found: 55
[2026-04-19 16:28:00] [INFO] Meetings found for reminders: 0
[2026-04-19 16:28:00] [INFO] No reminders to send
[2026-04-19 16:28:00] [SUMMARY] ==================================================
Job: Send Reminders
Completed: 2026-04-19 16:28:00
Duration: 0s
reminders_sent: 0
reminders_failed: 0
==================================================
[2026-04-19 16:29:00] [INFO] Starting cron job: Send Meeting Reminders
[2026-04-19 16:29:00] [INFO] Connecting to MongoDB...
[2026-04-19 16:29:00] [DEBUG] Current Date: 2026-04-19
[2026-04-19 16:29:00] [DEBUG] Current Time: 16:29
[2026-04-19 16:29:00] [DEBUG] Looking for meetings between 16:29 and 16:59
[2026-04-19 16:29:00] [DEBUG] Total scheduled meetings found: 55
[2026-04-19 16:29:00] [INFO] Meetings found for reminders: 0
[2026-04-19 16:29:00] [INFO] No reminders to send
[2026-04-19 16:29:00] [SUMMARY] ==================================================
Job: Send Reminders
Completed: 2026-04-19 16:29:00
Duration: 0s
reminders_sent: 0
reminders_failed: 0
==================================================
[2026-04-19 16:30:00] [INFO] Starting cron job: Send Meeting Reminders
[2026-04-19 16:30:00] [INFO] Connecting to MongoDB...
[2026-04-19 16:30:00] [DEBUG] Current Date: 2026-04-19
[2026-04-19 16:30:00] [DEBUG] Current Time: 16:30
[2026-04-19 16:30:00] [DEBUG] Looking for meetings between 16:30 and 17:00
[2026-04-19 16:30:00] [DEBUG] Total scheduled meetings found: 55
[2026-04-19 16:30:00] [INFO] Meetings found for reminders: 0
[2026-04-19 16:30:00] [INFO] No reminders to send
[2026-04-19 16:30:00] [SUMMARY] ==================================================
Job: Send Reminders
Completed: 2026-04-19 16:30:00
Duration: 0s
reminders_sent: 0
reminders_failed: 0
==================================================
[2026-04-19 16:31:00] [INFO] Starting cron job: Send Meeting Reminders
[2026-04-19 16:31:00] [INFO] Connecting to MongoDB...
[2026-04-19 16:31:00] [DEBUG] Current Date: 2026-04-19
[2026-04-19 16:31:00] [DEBUG] Current Time: 16:31
[2026-04-19 16:31:00] [DEBUG] Looking for meetings between 16:31 and 17:01
[2026-04-19 16:31:00] [DEBUG] Total scheduled meetings found: 55
[2026-04-19 16:31:00] [INFO] Meetings found for reminders: 0
[2026-04-19 16:31:00] [INFO] No reminders to send
[2026-04-19 16:31:00] [SUMMARY] ==================================================
Job: Send Reminders
Completed: 2026-04-19 16:31:00
Duration: 0s
reminders_sent: 0
reminders_failed: 0
==================================================
[2026-04-19 16:32:00] [INFO] Starting cron job: Send Meeting Reminders
[2026-04-19 16:32:00] [INFO] Connecting to MongoDB...
[2026-04-19 16:32:00] [DEBUG] Current Date: 2026-04-19
[2026-04-19 16:32:00] [DEBUG] Current Time: 16:32
[2026-04-19 16:32:00] [DEBUG] Looking for meetings between 16:32 and 17:02
[2026-04-19 16:32:00] [DEBUG] Total scheduled meetings found: 55
[2026-04-19 16:32:00] [INFO] Meetings found for reminders: 0
[2026-04-19 16:32:00] [INFO] No reminders to send
[2026-04-19 16:32:00] [SUMMARY] ==================================================
Job: Send Reminders
Completed: 2026-04-19 16:32:00
Duration: 0s
reminders_sent: 0
reminders_failed: 0
==================================================
[2026-04-19 16:33:00] [INFO] Starting cron job: Send Meeting Reminders
[2026-04-19 16:33:00] [INFO] Connecting to MongoDB...
[2026-04-19 16:33:00] [DEBUG] Current Date: 2026-04-19
[2026-04-19 16:33:00] [DEBUG] Current Time: 16:33
[2026-04-19 16:33:00] [DEBUG] Looking for meetings between 16:33 and 17:03
[2026-04-19 16:33:00] [DEBUG] Total scheduled meetings found: 55
[2026-04-19 16:33:00] [INFO] Meetings found for reminders: 0
[2026-04-19 16:33:00] [INFO] No reminders to send
[2026-04-19 16:33:00] [SUMMARY] ==================================================
Job: Send Reminders
Completed: 2026-04-19 16:33:00
Duration: 0s
reminders_sent: 0
reminders_failed: 0
==================================================
[2026-04-19 16:34:00] [INFO] Starting cron job: Send Meeting Reminders
[2026-04-19 16:34:00] [INFO] Connecting to MongoDB...
[2026-04-19 16:34:00] [DEBUG] Current Date: 2026-04-19
[2026-04-19 16:34:00] [DEBUG] Current Time: 16:34
[2026-04-19 16:34:00] [DEBUG] Looking for meetings between 16:34 and 17:04
[2026-04-19 16:34:00] [DEBUG] Total scheduled meetings found: 55
[2026-04-19 16:34:00] [INFO] Meetings found for reminders: 0
[2026-04-19 16:34:00] [INFO] No reminders to send
[2026-04-19 16:34:00] [SUMMARY] ==================================================
Job: Send Reminders
Completed: 2026-04-19 16:34:00
Duration: 0s
reminders_sent: 0
reminders_failed: 0
==================================================
[2026-04-19 16:35:00] [INFO] Starting cron job: Send Meeting Reminders
[2026-04-19 16:35:00] [INFO] Connecting to MongoDB...
[2026-04-19 16:35:00] [DEBUG] Current Date: 2026-04-19
[2026-04-19 16:35:00] [DEBUG] Current Time: 16:35
[2026-04-19 16:35:00] [DEBUG] Looking for meetings between 16:35 and 17:05
[2026-04-19 16:35:00] [DEBUG] Total scheduled meetings found: 55
[2026-04-19 16:35:00] [INFO] Meetings found for reminders: 0
[2026-04-19 16:35:00] [INFO] No reminders to send
[2026-04-19 16:35:00] [SUMMARY] ==================================================
Job: Send Reminders
Completed: 2026-04-19 16:35:00
Duration: 0s
reminders_sent: 0
reminders_failed: 0
==================================================
[2026-04-19 16:36:00] [INFO] Starting cron job: Send Meeting Reminders
[2026-04-19 16:36:00] [INFO] Connecting to MongoDB...
[2026-04-19 16:36:00] [DEBUG] Current Date: 2026-04-19
[2026-04-19 16:36:00] [DEBUG] Current Time: 16:36
[2026-04-19 16:36:00] [DEBUG] Looking for meetings between 16:36 and 17:06
[2026-04-19 16:36:00] [DEBUG] Total scheduled meetings found: 55
[2026-04-19 16:36:00] [INFO] Meetings found for reminders: 0
[2026-04-19 16:36:00] [INFO] No reminders to send
[2026-04-19 16:36:00] [SUMMARY] ==================================================
Job: Send Reminders
Completed: 2026-04-19 16:36:00
Duration: 0s
reminders_sent: 0
reminders_failed: 0
==================================================
[2026-04-19 16:37:00] [INFO] Starting cron job: Send Meeting Reminders
[2026-04-19 16:37:00] [INFO] Connecting to MongoDB...
[2026-04-19 16:37:00] [DEBUG] Current Date: 2026-04-19
[2026-04-19 16:37:00] [DEBUG] Current Time: 16:37
[2026-04-19 16:37:00] [DEBUG] Looking for meetings between 16:37 and 17:07
[2026-04-19 16:37:00] [DEBUG] Total scheduled meetings found: 55
[2026-04-19 16:37:00] [INFO] Meetings found for reminders: 0
[2026-04-19 16:37:00] [INFO] No reminders to send
[2026-04-19 16:37:00] [SUMMARY] ==================================================
Job: Send Reminders
Completed: 2026-04-19 16:37:00
Duration: 0s
reminders_sent: 0
reminders_failed: 0
==================================================
[2026-04-19 16:38:00] [INFO] Starting cron job: Send Meeting Reminders
[2026-04-19 16:38:00] [INFO] Connecting to MongoDB...
[2026-04-19 16:38:00] [DEBUG] Current Date: 2026-04-19
[2026-04-19 16:38:00] [DEBUG] Current Time: 16:38
[2026-04-19 16:38:00] [DEBUG] Looking for meetings between 16:38 and 17:08
[2026-04-19 16:38:00] [DEBUG] Total scheduled meetings found: 55
[2026-04-19 16:38:00] [INFO] Meetings found for reminders: 0
[2026-04-19 16:38:00] [INFO] No reminders to send
[2026-04-19 16:38:00] [SUMMARY] ==================================================
Job: Send Reminders
Completed: 2026-04-19 16:38:00
Duration: 0s
reminders_sent: 0
reminders_failed: 0
==================================================
[2026-04-19 16:39:00] [INFO] Starting cron job: Send Meeting Reminders
[2026-04-19 16:39:00] [INFO] Connecting to MongoDB...
[2026-04-19 16:39:00] [DEBUG] Current Date: 2026-04-19
[2026-04-19 16:39:00] [DEBUG] Current Time: 16:39
[2026-04-19 16:39:00] [DEBUG] Looking for meetings between 16:39 and 17:09
[2026-04-19 16:39:00] [DEBUG] Total scheduled meetings found: 55
[2026-04-19 16:39:00] [INFO] Meetings found for reminders: 0
[2026-04-19 16:39:00] [INFO] No reminders to send
[2026-04-19 16:39:00] [SUMMARY] ==================================================
Job: Send Reminders
Completed: 2026-04-19 16:39:00
Duration: 0s
reminders_sent: 0
reminders_failed: 0
==================================================
[2026-04-19 16:40:00] [INFO] Starting cron job: Send Meeting Reminders
[2026-04-19 16:40:00] [INFO] Connecting to MongoDB...
[2026-04-19 16:40:00] [DEBUG] Current Date: 2026-04-19
[2026-04-19 16:40:00] [DEBUG] Current Time: 16:40
[2026-04-19 16:40:00] [DEBUG] Looking for meetings between 16:40 and 17:10
[2026-04-19 16:40:00] [DEBUG] Total scheduled meetings found: 55
[2026-04-19 16:40:00] [INFO] Meetings found for reminders: 0
[2026-04-19 16:40:00] [INFO] No reminders to send
[2026-04-19 16:40:00] [SUMMARY] ==================================================
Job: Send Reminders
Completed: 2026-04-19 16:40:00
Duration: 0s
reminders_sent: 0
reminders_failed: 0
==================================================
[2026-04-19 16:41:00] [INFO] Starting cron job: Send Meeting Reminders
[2026-04-19 16:41:00] [INFO] Connecting to MongoDB...
[2026-04-19 16:41:00] [DEBUG] Current Date: 2026-04-19
[2026-04-19 16:41:00] [DEBUG] Current Time: 16:41
[2026-04-19 16:41:00] [DEBUG] Looking for meetings between 16:41 and 17:11
[2026-04-19 16:41:00] [DEBUG] Total scheduled meetings found: 55
[2026-04-19 16:41:00] [INFO] Meetings found for reminders: 0
[2026-04-19 16:41:00] [INFO] No reminders to send
[2026-04-19 16:41:00] [SUMMARY] ==================================================
Job: Send Reminders
Completed: 2026-04-19 16:41:00
Duration: 0s
reminders_sent: 0
reminders_failed: 0
==================================================
[2026-04-19 16:42:00] [INFO] Starting cron job: Send Meeting Reminders
[2026-04-19 16:42:00] [INFO] Connecting to MongoDB...
[2026-04-19 16:42:00] [DEBUG] Current Date: 2026-04-19
[2026-04-19 16:42:00] [DEBUG] Current Time: 16:42
[2026-04-19 16:42:00] [DEBUG] Looking for meetings between 16:42 and 17:12
[2026-04-19 16:42:00] [DEBUG] Total scheduled meetings found: 55
[2026-04-19 16:42:00] [INFO] Meetings found for reminders: 0
[2026-04-19 16:42:00] [INFO] No reminders to send
[2026-04-19 16:42:00] [SUMMARY] ==================================================
Job: Send Reminders
Completed: 2026-04-19 16:42:00
Duration: 0s
reminders_sent: 0
reminders_failed: 0
==================================================
[2026-04-19 16:43:00] [INFO] Starting cron job: Send Meeting Reminders
[2026-04-19 16:43:00] [INFO] Connecting to MongoDB...
[2026-04-19 16:43:00] [DEBUG] Current Date: 2026-04-19
[2026-04-19 16:43:00] [DEBUG] Current Time: 16:43
[2026-04-19 16:43:00] [DEBUG] Looking for meetings between 16:43 and 17:13
[2026-04-19 16:43:00] [DEBUG] Total scheduled meetings found: 55
[2026-04-19 16:43:00] [INFO] Meetings found for reminders: 0
[2026-04-19 16:43:00] [INFO] No reminders to send
[2026-04-19 16:43:00] [SUMMARY] ==================================================
Job: Send Reminders
Completed: 2026-04-19 16:43:00
Duration: 0s
reminders_sent: 0
reminders_failed: 0
==================================================
[2026-04-19 16:44:00] [INFO] Starting cron job: Send Meeting Reminders
[2026-04-19 16:44:00] [INFO] Connecting to MongoDB...
[2026-04-19 16:44:00] [DEBUG] Current Date: 2026-04-19
[2026-04-19 16:44:00] [DEBUG] Current Time: 16:44
[2026-04-19 16:44:00] [DEBUG] Looking for meetings between 16:44 and 17:14
[2026-04-19 16:44:00] [DEBUG] Total scheduled meetings found: 55
[2026-04-19 16:44:00] [INFO] Meetings found for reminders: 0
[2026-04-19 16:44:00] [INFO] No reminders to send
[2026-04-19 16:44:00] [SUMMARY] ==================================================
Job: Send Reminders
Completed: 2026-04-19 16:44:00
Duration: 0s
reminders_sent: 0
reminders_failed: 0
==================================================
[2026-04-19 16:45:00] [INFO] Starting cron job: Send Meeting Reminders
[2026-04-19 16:45:00] [INFO] Connecting to MongoDB...
[2026-04-19 16:45:00] [DEBUG] Current Date: 2026-04-19
[2026-04-19 16:45:00] [DEBUG] Current Time: 16:45
[2026-04-19 16:45:00] [DEBUG] Looking for meetings between 16:45 and 17:15
[2026-04-19 16:45:00] [DEBUG] Total scheduled meetings found: 55
[2026-04-19 16:45:00] [INFO] Meetings found for reminders: 0
[2026-04-19 16:45:00] [INFO] No reminders to send
[2026-04-19 16:45:00] [SUMMARY] ==================================================
Job: Send Reminders
Completed: 2026-04-19 16:45:00
Duration: 0s
reminders_sent: 0
reminders_failed: 0
==================================================
[2026-04-19 16:46:00] [INFO] Starting cron job: Send Meeting Reminders
[2026-04-19 16:46:00] [INFO] Connecting to MongoDB...
[2026-04-19 16:46:00] [DEBUG] Current Date: 2026-04-19
[2026-04-19 16:46:00] [DEBUG] Current Time: 16:46
[2026-04-19 16:46:00] [DEBUG] Looking for meetings between 16:46 and 17:16
[2026-04-19 16:46:00] [DEBUG] Total scheduled meetings found: 55
[2026-04-19 16:46:00] [INFO] Meetings found for reminders: 0
[2026-04-19 16:46:00] [INFO] No reminders to send
[2026-04-19 16:46:00] [SUMMARY] ==================================================
Job: Send Reminders
Completed: 2026-04-19 16:46:00
Duration: 0s
reminders_sent: 0
reminders_failed: 0
==================================================
[2026-04-19 16:47:00] [INFO] Starting cron job: Send Meeting Reminders
[2026-04-19 16:47:00] [INFO] Connecting to MongoDB...
[2026-04-19 16:47:00] [DEBUG] Current Date: 2026-04-19
[2026-04-19 16:47:00] [DEBUG] Current Time: 16:47
[2026-04-19 16:47:00] [DEBUG] Looking for meetings between 16:47 and 17:17
[2026-04-19 16:47:00] [DEBUG] Total scheduled meetings found: 55
[2026-04-19 16:47:00] [INFO] Meetings found for reminders: 0
[2026-04-19 16:47:00] [INFO] No reminders to send
[2026-04-19 16:47:00] [SUMMARY] ==================================================
Job: Send Reminders
Completed: 2026-04-19 16:47:00
Duration: 0s
reminders_sent: 0
reminders_failed: 0
==================================================
[2026-04-19 16:48:00] [INFO] Starting cron job: Send Meeting Reminders
[2026-04-19 16:48:00] [INFO] Connecting to MongoDB...
[2026-04-19 16:48:00] [DEBUG] Current Date: 2026-04-19
[2026-04-19 16:48:00] [DEBUG] Current Time: 16:48
[2026-04-19 16:48:00] [DEBUG] Looking for meetings between 16:48 and 17:18
[2026-04-19 16:48:00] [DEBUG] Total scheduled meetings found: 55
[2026-04-19 16:48:00] [INFO] Meetings found for reminders: 0
[2026-04-19 16:48:00] [INFO] No reminders to send
[2026-04-19 16:48:00] [SUMMARY] ==================================================
Job: Send Reminders
Completed: 2026-04-19 16:48:00
Duration: 0s
reminders_sent: 0
reminders_failed: 0
==================================================
[2026-04-19 16:49:00] [INFO] Starting cron job: Send Meeting Reminders
[2026-04-19 16:49:00] [INFO] Connecting to MongoDB...
[2026-04-19 16:49:00] [DEBUG] Current Date: 2026-04-19
[2026-04-19 16:49:00] [DEBUG] Current Time: 16:49
[2026-04-19 16:49:00] [DEBUG] Looking for meetings between 16:49 and 17:19
[2026-04-19 16:49:00] [DEBUG] Total scheduled meetings found: 55
[2026-04-19 16:49:00] [INFO] Meetings found for reminders: 0
[2026-04-19 16:49:00] [INFO] No reminders to send
[2026-04-19 16:49:00] [SUMMARY] ==================================================
Job: Send Reminders
Completed: 2026-04-19 16:49:00
Duration: 0s
reminders_sent: 0
reminders_failed: 0
==================================================
[2026-04-19 16:50:00] [INFO] Starting cron job: Send Meeting Reminders
[2026-04-19 16:50:00] [INFO] Connecting to MongoDB...
[2026-04-19 16:50:00] [DEBUG] Current Date: 2026-04-19
[2026-04-19 16:50:00] [DEBUG] Current Time: 16:50
[2026-04-19 16:50:00] [DEBUG] Looking for meetings between 16:50 and 17:20
[2026-04-19 16:50:00] [DEBUG] Total scheduled meetings found: 55
[2026-04-19 16:50:00] [INFO] Meetings found for reminders: 0
[2026-04-19 16:50:00] [INFO] No reminders to send
[2026-04-19 16:50:00] [SUMMARY] ==================================================
Job: Send Reminders
Completed: 2026-04-19 16:50:00
Duration: 0s
reminders_sent: 0
reminders_failed: 0
==================================================
[2026-04-19 16:51:00] [INFO] Starting cron job: Send Meeting Reminders
[2026-04-19 16:51:00] [INFO] Connecting to MongoDB...
[2026-04-19 16:51:00] [DEBUG] Current Date: 2026-04-19
[2026-04-19 16:51:00] [DEBUG] Current Time: 16:51
[2026-04-19 16:51:00] [DEBUG] Looking for meetings between 16:51 and 17:21
[2026-04-19 16:51:00] [DEBUG] Total scheduled meetings found: 55
[2026-04-19 16:51:00] [INFO] Meetings found for reminders: 0
[2026-04-19 16:51:00] [INFO] No reminders to send
[2026-04-19 16:51:00] [SUMMARY] ==================================================
Job: Send Reminders
Completed: 2026-04-19 16:51:00
Duration: 0s
reminders_sent: 0
reminders_failed: 0
==================================================
[2026-04-19 16:52:00] [INFO] Starting cron job: Send Meeting Reminders
[2026-04-19 16:52:00] [INFO] Connecting to MongoDB...
[2026-04-19 16:52:00] [DEBUG] Current Date: 2026-04-19
[2026-04-19 16:52:00] [DEBUG] Current Time: 16:52
[2026-04-19 16:52:00] [DEBUG] Looking for meetings between 16:52 and 17:22
[2026-04-19 16:52:00] [DEBUG] Total scheduled meetings found: 55
[2026-04-19 16:52:00] [INFO] Meetings found for reminders: 0
[2026-04-19 16:52:00] [INFO] No reminders to send
[2026-04-19 16:52:00] [SUMMARY] ==================================================
Job: Send Reminders
Completed: 2026-04-19 16:52:00
Duration: 0s
reminders_sent: 0
reminders_failed: 0
==================================================
[2026-04-19 16:53:00] [INFO] Starting cron job: Send Meeting Reminders
[2026-04-19 16:53:00] [INFO] Connecting to MongoDB...
[2026-04-19 16:53:00] [DEBUG] Current Date: 2026-04-19
[2026-04-19 16:53:00] [DEBUG] Current Time: 16:53
[2026-04-19 16:53:00] [DEBUG] Looking for meetings between 16:53 and 17:23
[2026-04-19 16:53:00] [DEBUG] Total scheduled meetings found: 56
[2026-04-19 16:53:00] [INFO] Meetings found for reminders: 1
[2026-04-19 16:53:00] [INFO] Processing meeting: sadsaf
[2026-04-19 16:53:00] [DEBUG] Sending reminder to host: shrutivaishnani@gmail.com
[2026-04-19 16:53:04] [SUCCESS] Reminder email sent to host
[2026-04-19 16:53:04] [DEBUG] Marked as sent in database
[2026-04-19 16:53:04] [SUMMARY] ==================================================
Job: Send Reminders
Completed: 2026-04-19 16:53:04
Duration: 3.78s
reminders_sent: 1
reminders_failed: 0
total_meetings_processed: 1
==================================================
[2026-04-19 16:54:00] [INFO] Starting cron job: Send Meeting Reminders
[2026-04-19 16:54:00] [INFO] Connecting to MongoDB...
[2026-04-19 16:54:00] [DEBUG] Current Date: 2026-04-19
[2026-04-19 16:54:00] [DEBUG] Current Time: 16:54
[2026-04-19 16:54:00] [DEBUG] Looking for meetings between 16:54 and 17:24
[2026-04-19 16:54:00] [DEBUG] Total scheduled meetings found: 55
[2026-04-19 16:54:00] [INFO] Meetings found for reminders: 0
[2026-04-19 16:54:00] [INFO] No reminders to send
[2026-04-19 16:54:00] [SUMMARY] ==================================================
Job: Send Reminders
Completed: 2026-04-19 16:54:00
Duration: 0s
reminders_sent: 0
reminders_failed: 0
==================================================
[2026-04-19 16:55:00] [INFO] Starting cron job: Send Meeting Reminders
[2026-04-19 16:55:00] [INFO] Connecting to MongoDB...
[2026-04-19 16:55:00] [DEBUG] Current Date: 2026-04-19
[2026-04-19 16:55:00] [DEBUG] Current Time: 16:55
[2026-04-19 16:55:00] [DEBUG] Looking for meetings between 16:55 and 17:25
[2026-04-19 16:55:00] [DEBUG] Total scheduled meetings found: 55
[2026-04-19 16:55:00] [INFO] Meetings found for reminders: 0
[2026-04-19 16:55:00] [INFO] No reminders to send
[2026-04-19 16:55:00] [SUMMARY] ==================================================
Job: Send Reminders
Completed: 2026-04-19 16:55:00
Duration: 0s
reminders_sent: 0
reminders_failed: 0
==================================================
[2026-04-19 16:56:00] [INFO] Starting cron job: Send Meeting Reminders
[2026-04-19 16:56:00] [INFO] Connecting to MongoDB...
[2026-04-19 16:56:00] [DEBUG] Current Date: 2026-04-19
[2026-04-19 16:56:00] [DEBUG] Current Time: 16:56
[2026-04-19 16:56:00] [DEBUG] Looking for meetings between 16:56 and 17:26
[2026-04-19 16:56:00] [DEBUG] Total scheduled meetings found: 55
[2026-04-19 16:56:00] [INFO] Meetings found for reminders: 0
[2026-04-19 16:56:00] [INFO] No reminders to send
[2026-04-19 16:56:00] [SUMMARY] ==================================================
Job: Send Reminders
Completed: 2026-04-19 16:56:00
Duration: 0.01s
reminders_sent: 0
reminders_failed: 0
==================================================
[2026-04-19 16:57:00] [INFO] Starting cron job: Send Meeting Reminders
[2026-04-19 16:57:00] [INFO] Connecting to MongoDB...
[2026-04-19 16:57:00] [DEBUG] Current Date: 2026-04-19
[2026-04-19 16:57:00] [DEBUG] Current Time: 16:57
[2026-04-19 16:57:00] [DEBUG] Looking for meetings between 16:57 and 17:27
[2026-04-19 16:57:00] [DEBUG] Total scheduled meetings found: 55
[2026-04-19 16:57:00] [INFO] Meetings found for reminders: 0
[2026-04-19 16:57:00] [INFO] No reminders to send
[2026-04-19 16:57:00] [SUMMARY] ==================================================
Job: Send Reminders
Completed: 2026-04-19 16:57:00
Duration: 0.01s
reminders_sent: 0
reminders_failed: 0
==================================================
[2026-04-19 16:58:00] [INFO] Starting cron job: Send Meeting Reminders
[2026-04-19 16:58:00] [INFO] Connecting to MongoDB...
[2026-04-19 16:58:00] [DEBUG] Current Date: 2026-04-19
[2026-04-19 16:58:00] [DEBUG] Current Time: 16:58
[2026-04-19 16:58:00] [DEBUG] Looking for meetings between 16:58 and 17:28
[2026-04-19 16:58:00] [DEBUG] Total scheduled meetings found: 55
[2026-04-19 16:58:00] [INFO] Meetings found for reminders: 0
[2026-04-19 16:58:00] [INFO] No reminders to send
[2026-04-19 16:58:00] [SUMMARY] ==================================================
Job: Send Reminders
Completed: 2026-04-19 16:58:00
Duration: 0.01s
reminders_sent: 0
reminders_failed: 0
==================================================
[2026-04-19 16:59:00] [INFO] Starting cron job: Send Meeting Reminders
[2026-04-19 16:59:00] [INFO] Connecting to MongoDB...
[2026-04-19 16:59:00] [DEBUG] Current Date: 2026-04-19
[2026-04-19 16:59:00] [DEBUG] Current Time: 16:59
[2026-04-19 16:59:00] [DEBUG] Looking for meetings between 16:59 and 17:29
[2026-04-19 16:59:00] [DEBUG] Total scheduled meetings found: 55
[2026-04-19 16:59:00] [INFO] Meetings found for reminders: 0
[2026-04-19 16:59:00] [INFO] No reminders to send
[2026-04-19 16:59:00] [SUMMARY] ==================================================
Job: Send Reminders
Completed: 2026-04-19 16:59:00
Duration: 0.01s
reminders_sent: 0
reminders_failed: 0
==================================================
[2026-04-19 17:00:00] [INFO] Starting cron job: Send Meeting Reminders
[2026-04-19 17:00:00] [INFO] Connecting to MongoDB...
[2026-04-19 17:00:00] [DEBUG] Current Date: 2026-04-19
[2026-04-19 17:00:00] [DEBUG] Current Time: 17:00
[2026-04-19 17:00:00] [DEBUG] Looking for meetings between 17:00 and 17:30
[2026-04-19 17:00:00] [DEBUG] Total scheduled meetings found: 55
[2026-04-19 17:00:00] [INFO] Meetings found for reminders: 0
[2026-04-19 17:00:00] [INFO] No reminders to send
[2026-04-19 17:00:00] [SUMMARY] ==================================================
Job: Send Reminders
Completed: 2026-04-19 17:00:00
Duration: 0s
reminders_sent: 0
reminders_failed: 0
==================================================
[2026-04-19 17:01:00] [INFO] Starting cron job: Send Meeting Reminders
[2026-04-19 17:01:00] [INFO] Connecting to MongoDB...
[2026-04-19 17:01:00] [DEBUG] Current Date: 2026-04-19
[2026-04-19 17:01:00] [DEBUG] Current Time: 17:01
[2026-04-19 17:01:00] [DEBUG] Looking for meetings between 17:01 and 17:31
[2026-04-19 17:01:00] [DEBUG] Total scheduled meetings found: 55
[2026-04-19 17:01:00] [INFO] Meetings found for reminders: 0
[2026-04-19 17:01:00] [INFO] No reminders to send
[2026-04-19 17:01:00] [SUMMARY] ==================================================
Job: Send Reminders
Completed: 2026-04-19 17:01:00
Duration: 0.01s
reminders_sent: 0
reminders_failed: 0
==================================================
[2026-04-19 17:02:00] [INFO] Starting cron job: Send Meeting Reminders
[2026-04-19 17:02:00] [INFO] Connecting to MongoDB...
[2026-04-19 17:02:00] [DEBUG] Current Date: 2026-04-19
[2026-04-19 17:02:00] [DEBUG] Current Time: 17:02
[2026-04-19 17:02:00] [DEBUG] Looking for meetings between 17:02 and 17:32
[2026-04-19 17:02:00] [DEBUG] Total scheduled meetings found: 55
[2026-04-19 17:02:00] [INFO] Meetings found for reminders: 0
[2026-04-19 17:02:00] [INFO] No reminders to send
[2026-04-19 17:02:00] [SUMMARY] ==================================================
Job: Send Reminders
Completed: 2026-04-19 17:02:00
Duration: 0s
reminders_sent: 0
reminders_failed: 0
==================================================
[2026-04-19 17:03:00] [INFO] Starting cron job: Send Meeting Reminders
[2026-04-19 17:03:00] [INFO] Connecting to MongoDB...
[2026-04-19 17:03:00] [DEBUG] Current Date: 2026-04-19
[2026-04-19 17:03:00] [DEBUG] Current Time: 17:03
[2026-04-19 17:03:00] [DEBUG] Looking for meetings between 17:03 and 17:33
[2026-04-19 17:03:00] [DEBUG] Total scheduled meetings found: 55
[2026-04-19 17:03:00] [INFO] Meetings found for reminders: 0
[2026-04-19 17:03:00] [INFO] No reminders to send
[2026-04-19 17:03:00] [SUMMARY] ==================================================
Job: Send Reminders
Completed: 2026-04-19 17:03:00
Duration: 0s
reminders_sent: 0
reminders_failed: 0
==================================================
[2026-04-19 17:04:00] [INFO] Starting cron job: Send Meeting Reminders
[2026-04-19 17:04:00] [INFO] Connecting to MongoDB...
[2026-04-19 17:04:00] [DEBUG] Current Date: 2026-04-19
[2026-04-19 17:04:00] [DEBUG] Current Time: 17:04
[2026-04-19 17:04:00] [DEBUG] Looking for meetings between 17:04 and 17:34
[2026-04-19 17:04:00] [DEBUG] Total scheduled meetings found: 55
[2026-04-19 17:04:00] [INFO] Meetings found for reminders: 0
[2026-04-19 17:04:00] [INFO] No reminders to send
[2026-04-19 17:04:00] [SUMMARY] ==================================================
Job: Send Reminders
Completed: 2026-04-19 17:04:00
Duration: 0s
reminders_sent: 0
reminders_failed: 0
==================================================
[2026-04-19 17:05:00] [INFO] Starting cron job: Send Meeting Reminders
[2026-04-19 17:05:00] [INFO] Connecting to MongoDB...
[2026-04-19 17:05:00] [DEBUG] Current Date: 2026-04-19
[2026-04-19 17:05:00] [DEBUG] Current Time: 17:05
[2026-04-19 17:05:00] [DEBUG] Looking for meetings between 17:05 and 17:35
[2026-04-19 17:05:00] [DEBUG] Total scheduled meetings found: 55
[2026-04-19 17:05:00] [INFO] Meetings found for reminders: 0
[2026-04-19 17:05:00] [INFO] No reminders to send
[2026-04-19 17:05:00] [SUMMARY] ==================================================
Job: Send Reminders
Completed: 2026-04-19 17:05:00
Duration: 0s
reminders_sent: 0
reminders_failed: 0
==================================================
[2026-04-19 17:06:00] [INFO] Starting cron job: Send Meeting Reminders
[2026-04-19 17:06:00] [INFO] Connecting to MongoDB...
[2026-04-19 17:06:00] [DEBUG] Current Date: 2026-04-19
[2026-04-19 17:06:00] [DEBUG] Current Time: 17:06
[2026-04-19 17:06:00] [DEBUG] Looking for meetings between 17:06 and 17:36
[2026-04-19 17:06:00] [DEBUG] Total scheduled meetings found: 55
[2026-04-19 17:06:00] [INFO] Meetings found for reminders: 0
[2026-04-19 17:06:00] [INFO] No reminders to send
[2026-04-19 17:06:00] [SUMMARY] ==================================================
Job: Send Reminders
Completed: 2026-04-19 17:06:00
Duration: 0s
reminders_sent: 0
reminders_failed: 0
==================================================
[2026-04-19 17:07:00] [INFO] Starting cron job: Send Meeting Reminders
[2026-04-19 17:07:00] [INFO] Connecting to MongoDB...
[2026-04-19 17:07:00] [DEBUG] Current Date: 2026-04-19
[2026-04-19 17:07:00] [DEBUG] Current Time: 17:07
[2026-04-19 17:07:00] [DEBUG] Looking for meetings between 17:07 and 17:37
[2026-04-19 17:07:00] [DEBUG] Total scheduled meetings found: 55
[2026-04-19 17:07:00] [INFO] Meetings found for reminders: 0
[2026-04-19 17:07:00] [INFO] No reminders to send
[2026-04-19 17:07:00] [SUMMARY] ==================================================
Job: Send Reminders
Completed: 2026-04-19 17:07:00
Duration: 0s
reminders_sent: 0
reminders_failed: 0
==================================================
[2026-04-19 17:08:00] [INFO] Starting cron job: Send Meeting Reminders
[2026-04-19 17:08:00] [INFO] Connecting to MongoDB...
[2026-04-19 17:08:00] [DEBUG] Current Date: 2026-04-19
[2026-04-19 17:08:00] [DEBUG] Current Time: 17:08
[2026-04-19 17:08:00] [DEBUG] Looking for meetings between 17:08 and 17:38
[2026-04-19 17:08:00] [DEBUG] Total scheduled meetings found: 55
[2026-04-19 17:08:00] [INFO] Meetings found for reminders: 0
[2026-04-19 17:08:00] [INFO] No reminders to send
[2026-04-19 17:08:00] [SUMMARY] ==================================================
Job: Send Reminders
Completed: 2026-04-19 17:08:00
Duration: 0s
reminders_sent: 0
reminders_failed: 0
==================================================
[2026-04-19 17:09:00] [INFO] Starting cron job: Send Meeting Reminders
[2026-04-19 17:09:00] [INFO] Connecting to MongoDB...
[2026-04-19 17:09:00] [DEBUG] Current Date: 2026-04-19
[2026-04-19 17:09:00] [DEBUG] Current Time: 17:09
[2026-04-19 17:09:00] [DEBUG] Looking for meetings between 17:09 and 17:39
[2026-04-19 17:09:00] [DEBUG] Total scheduled meetings found: 55
[2026-04-19 17:09:00] [INFO] Meetings found for reminders: 0
[2026-04-19 17:09:00] [INFO] No reminders to send
[2026-04-19 17:09:00] [SUMMARY] ==================================================
Job: Send Reminders
Completed: 2026-04-19 17:09:00
Duration: 0s
reminders_sent: 0
reminders_failed: 0
==================================================
[2026-04-19 17:10:00] [INFO] Starting cron job: Send Meeting Reminders
[2026-04-19 17:10:00] [INFO] Connecting to MongoDB...
[2026-04-19 17:10:00] [DEBUG] Current Date: 2026-04-19
[2026-04-19 17:10:00] [DEBUG] Current Time: 17:10
[2026-04-19 17:10:00] [DEBUG] Looking for meetings between 17:10 and 17:40
[2026-04-19 17:10:00] [DEBUG] Total scheduled meetings found: 55
[2026-04-19 17:10:00] [INFO] Meetings found for reminders: 0
[2026-04-19 17:10:00] [INFO] No reminders to send
[2026-04-19 17:10:00] [SUMMARY] ==================================================
Job: Send Reminders
Completed: 2026-04-19 17:10:00
Duration: 0s
reminders_sent: 0
reminders_failed: 0
==================================================
[2026-04-19 17:11:00] [INFO] Starting cron job: Send Meeting Reminders
[2026-04-19 17:11:00] [INFO] Connecting to MongoDB...
[2026-04-19 17:11:00] [DEBUG] Current Date: 2026-04-19
[2026-04-19 17:11:00] [DEBUG] Current Time: 17:11
[2026-04-19 17:11:00] [DEBUG] Looking for meetings between 17:11 and 17:41
[2026-04-19 17:11:00] [DEBUG] Total scheduled meetings found: 55
[2026-04-19 17:11:00] [INFO] Meetings found for reminders: 0
[2026-04-19 17:11:00] [INFO] No reminders to send
[2026-04-19 17:11:00] [SUMMARY] ==================================================
Job: Send Reminders
Completed: 2026-04-19 17:11:00
Duration: 0s
reminders_sent: 0
reminders_failed: 0
==================================================
[2026-04-19 17:12:00] [INFO] Starting cron job: Send Meeting Reminders
[2026-04-19 17:12:00] [INFO] Connecting to MongoDB...
[2026-04-19 17:12:00] [DEBUG] Current Date: 2026-04-19
[2026-04-19 17:12:00] [DEBUG] Current Time: 17:12
[2026-04-19 17:12:00] [DEBUG] Looking for meetings between 17:12 and 17:42
[2026-04-19 17:12:00] [DEBUG] Total scheduled meetings found: 55
[2026-04-19 17:12:00] [INFO] Meetings found for reminders: 0
[2026-04-19 17:12:00] [INFO] No reminders to send
[2026-04-19 17:12:00] [SUMMARY] ==================================================
Job: Send Reminders
Completed: 2026-04-19 17:12:00
Duration: 0s
reminders_sent: 0
reminders_failed: 0
==================================================
[2026-04-19 17:13:00] [INFO] Starting cron job: Send Meeting Reminders
[2026-04-19 17:13:00] [INFO] Connecting to MongoDB...
[2026-04-19 17:13:00] [DEBUG] Current Date: 2026-04-19
[2026-04-19 17:13:00] [DEBUG] Current Time: 17:13
[2026-04-19 17:13:00] [DEBUG] Looking for meetings between 17:13 and 17:43
[2026-04-19 17:13:00] [DEBUG] Total scheduled meetings found: 55
[2026-04-19 17:13:00] [INFO] Meetings found for reminders: 0
[2026-04-19 17:13:00] [INFO] No reminders to send
[2026-04-19 17:13:00] [SUMMARY] ==================================================
Job: Send Reminders
Completed: 2026-04-19 17:13:00
Duration: 0s
reminders_sent: 0
reminders_failed: 0
==================================================
[2026-04-19 17:14:00] [INFO] Starting cron job: Send Meeting Reminders
[2026-04-19 17:14:00] [INFO] Connecting to MongoDB...
[2026-04-19 17:14:00] [DEBUG] Current Date: 2026-04-19
[2026-04-19 17:14:00] [DEBUG] Current Time: 17:14
[2026-04-19 17:14:00] [DEBUG] Looking for meetings between 17:14 and 17:44
[2026-04-19 17:14:00] [DEBUG] Total scheduled meetings found: 55
[2026-04-19 17:14:00] [INFO] Meetings found for reminders: 0
[2026-04-19 17:14:00] [INFO] No reminders to send
[2026-04-19 17:14:00] [SUMMARY] ==================================================
Job: Send Reminders
Completed: 2026-04-19 17:14:00
Duration: 0s
reminders_sent: 0
reminders_failed: 0
==================================================
[2026-04-19 17:15:00] [INFO] Starting cron job: Send Meeting Reminders
[2026-04-19 17:15:00] [INFO] Connecting to MongoDB...
[2026-04-19 17:15:00] [DEBUG] Current Date: 2026-04-19
[2026-04-19 17:15:00] [DEBUG] Current Time: 17:15
[2026-04-19 17:15:00] [DEBUG] Looking for meetings between 17:15 and 17:45
[2026-04-19 17:15:00] [DEBUG] Total scheduled meetings found: 55
[2026-04-19 17:15:00] [INFO] Meetings found for reminders: 0
[2026-04-19 17:15:00] [INFO] No reminders to send
[2026-04-19 17:15:00] [SUMMARY] ==================================================
Job: Send Reminders
Completed: 2026-04-19 17:15:00
Duration: 0s
reminders_sent: 0
reminders_failed: 0
==================================================
[2026-04-19 17:16:00] [INFO] Starting cron job: Send Meeting Reminders
[2026-04-19 17:16:00] [INFO] Connecting to MongoDB...
[2026-04-19 17:16:00] [DEBUG] Current Date: 2026-04-19
[2026-04-19 17:16:00] [DEBUG] Current Time: 17:16
[2026-04-19 17:16:00] [DEBUG] Looking for meetings between 17:16 and 17:46
[2026-04-19 17:16:00] [DEBUG] Total scheduled meetings found: 55
[2026-04-19 17:16:00] [INFO] Meetings found for reminders: 0
[2026-04-19 17:16:00] [INFO] No reminders to send
[2026-04-19 17:16:00] [SUMMARY] ==================================================
Job: Send Reminders
Completed: 2026-04-19 17:16:00
Duration: 0s
reminders_sent: 0
reminders_failed: 0
==================================================
[2026-04-19 17:17:00] [INFO] Starting cron job: Send Meeting Reminders
[2026-04-19 17:17:00] [INFO] Connecting to MongoDB...
[2026-04-19 17:17:00] [DEBUG] Current Date: 2026-04-19
[2026-04-19 17:17:00] [DEBUG] Current Time: 17:17
[2026-04-19 17:17:00] [DEBUG] Looking for meetings between 17:17 and 17:47
[2026-04-19 17:17:00] [DEBUG] Total scheduled meetings found: 55
[2026-04-19 17:17:00] [INFO] Meetings found for reminders: 0
[2026-04-19 17:17:00] [INFO] No reminders to send
[2026-04-19 17:17:00] [SUMMARY] ==================================================
Job: Send Reminders
Completed: 2026-04-19 17:17:00
Duration: 0s
reminders_sent: 0
reminders_failed: 0
==================================================
[2026-04-19 17:18:00] [INFO] Starting cron job: Send Meeting Reminders
[2026-04-19 17:18:00] [INFO] Connecting to MongoDB...
[2026-04-19 17:18:00] [DEBUG] Current Date: 2026-04-19
[2026-04-19 17:18:00] [DEBUG] Current Time: 17:18
[2026-04-19 17:18:00] [DEBUG] Looking for meetings between 17:18 and 17:48
[2026-04-19 17:18:00] [DEBUG] Total scheduled meetings found: 55
[2026-04-19 17:18:00] [INFO] Meetings found for reminders: 0
[2026-04-19 17:18:00] [INFO] No reminders to send
[2026-04-19 17:18:00] [SUMMARY] ==================================================
Job: Send Reminders
Completed: 2026-04-19 17:18:00
Duration: 0s
reminders_sent: 0
reminders_failed: 0
==================================================
[2026-04-19 17:19:00] [INFO] Starting cron job: Send Meeting Reminders
[2026-04-19 17:19:00] [INFO] Connecting to MongoDB...
[2026-04-19 17:19:00] [DEBUG] Current Date: 2026-04-19
[2026-04-19 17:19:00] [DEBUG] Current Time: 17:19
[2026-04-19 17:19:00] [DEBUG] Looking for meetings between 17:19 and 17:49
[2026-04-19 17:19:00] [DEBUG] Total scheduled meetings found: 55
[2026-04-19 17:19:00] [INFO] Meetings found for reminders: 0
[2026-04-19 17:19:00] [INFO] No reminders to send
[2026-04-19 17:19:00] [SUMMARY] ==================================================
Job: Send Reminders
Completed: 2026-04-19 17:19:00
Duration: 0s
reminders_sent: 0
reminders_failed: 0
==================================================
[2026-04-19 17:20:00] [INFO] Starting cron job: Send Meeting Reminders
[2026-04-19 17:20:00] [INFO] Connecting to MongoDB...
[2026-04-19 17:20:00] [DEBUG] Current Date: 2026-04-19
[2026-04-19 17:20:00] [DEBUG] Current Time: 17:20
[2026-04-19 17:20:00] [DEBUG] Looking for meetings between 17:20 and 17:50
[2026-04-19 17:20:00] [DEBUG] Total scheduled meetings found: 55
[2026-04-19 17:20:00] [INFO] Meetings found for reminders: 0
[2026-04-19 17:20:00] [INFO] No reminders to send
[2026-04-19 17:20:00] [SUMMARY] ==================================================
Job: Send Reminders
Completed: 2026-04-19 17:20:00
Duration: 0s
reminders_sent: 0
reminders_failed: 0
==================================================
[2026-04-19 17:21:00] [INFO] Starting cron job: Send Meeting Reminders
[2026-04-19 17:21:00] [INFO] Connecting to MongoDB...
[2026-04-19 17:21:00] [DEBUG] Current Date: 2026-04-19
[2026-04-19 17:21:00] [DEBUG] Current Time: 17:21
[2026-04-19 17:21:00] [DEBUG] Looking for meetings between 17:21 and 17:51
[2026-04-19 17:21:00] [DEBUG] Total scheduled meetings found: 55
[2026-04-19 17:21:00] [INFO] Meetings found for reminders: 0
[2026-04-19 17:21:00] [INFO] No reminders to send
[2026-04-19 17:21:00] [SUMMARY] ==================================================
Job: Send Reminders
Completed: 2026-04-19 17:21:00
Duration: 0s
reminders_sent: 0
reminders_failed: 0
==================================================
[2026-04-19 17:22:00] [INFO] Starting cron job: Send Meeting Reminders
[2026-04-19 17:22:00] [INFO] Connecting to MongoDB...
[2026-04-19 17:22:00] [DEBUG] Current Date: 2026-04-19
[2026-04-19 17:22:00] [DEBUG] Current Time: 17:22
[2026-04-19 17:22:00] [DEBUG] Looking for meetings between 17:22 and 17:52
[2026-04-19 17:22:00] [DEBUG] Total scheduled meetings found: 55
[2026-04-19 17:22:00] [INFO] Meetings found for reminders: 0
[2026-04-19 17:22:00] [INFO] No reminders to send
[2026-04-19 17:22:00] [SUMMARY] ==================================================
Job: Send Reminders
Completed: 2026-04-19 17:22:00
Duration: 0s
reminders_sent: 0
reminders_failed: 0
==================================================
[2026-04-19 17:23:00] [INFO] Starting cron job: Send Meeting Reminders
[2026-04-19 17:23:00] [INFO] Connecting to MongoDB...
[2026-04-19 17:23:00] [DEBUG] Current Date: 2026-04-19
[2026-04-19 17:23:00] [DEBUG] Current Time: 17:23
[2026-04-19 17:23:00] [DEBUG] Looking for meetings between 17:23 and 17:53
[2026-04-19 17:23:00] [DEBUG] Total scheduled meetings found: 55
[2026-04-19 17:23:00] [INFO] Meetings found for reminders: 0
[2026-04-19 17:23:00] [INFO] No reminders to send
[2026-04-19 17:23:00] [SUMMARY] ==================================================
Job: Send Reminders
Completed: 2026-04-19 17:23:00
Duration: 0s
reminders_sent: 0
reminders_failed: 0
==================================================
[2026-04-19 17:24:00] [INFO] Starting cron job: Send Meeting Reminders
[2026-04-19 17:24:00] [INFO] Connecting to MongoDB...
[2026-04-19 17:24:00] [DEBUG] Current Date: 2026-04-19
[2026-04-19 17:24:00] [DEBUG] Current Time: 17:24
[2026-04-19 17:24:00] [DEBUG] Looking for meetings between 17:24 and 17:54
[2026-04-19 17:24:00] [DEBUG] Total scheduled meetings found: 55
[2026-04-19 17:24:00] [INFO] Meetings found for reminders: 0
[2026-04-19 17:24:00] [INFO] No reminders to send
[2026-04-19 17:24:00] [SUMMARY] ==================================================
Job: Send Reminders
Completed: 2026-04-19 17:24:00
Duration: 0s
reminders_sent: 0
reminders_failed: 0
==================================================
[2026-04-19 17:25:00] [INFO] Starting cron job: Send Meeting Reminders
[2026-04-19 17:25:00] [INFO] Connecting to MongoDB...
[2026-04-19 17:25:00] [DEBUG] Current Date: 2026-04-19
[2026-04-19 17:25:00] [DEBUG] Current Time: 17:25
[2026-04-19 17:25:00] [DEBUG] Looking for meetings between 17:25 and 17:55
[2026-04-19 17:25:00] [DEBUG] Total scheduled meetings found: 55
[2026-04-19 17:25:00] [INFO] Meetings found for reminders: 0
[2026-04-19 17:25:00] [INFO] No reminders to send
[2026-04-19 17:25:00] [SUMMARY] ==================================================
Job: Send Reminders
Completed: 2026-04-19 17:25:00
Duration: 0s
reminders_sent: 0
reminders_failed: 0
==================================================
[2026-04-19 17:26:00] [INFO] Starting cron job: Send Meeting Reminders
[2026-04-19 17:26:00] [INFO] Connecting to MongoDB...
[2026-04-19 17:26:00] [DEBUG] Current Date: 2026-04-19
[2026-04-19 17:26:00] [DEBUG] Current Time: 17:26
[2026-04-19 17:26:00] [DEBUG] Looking for meetings between 17:26 and 17:56
[2026-04-19 17:26:00] [DEBUG] Total scheduled meetings found: 55
[2026-04-19 17:26:00] [INFO] Meetings found for reminders: 0
[2026-04-19 17:26:00] [INFO] No reminders to send
[2026-04-19 17:26:00] [SUMMARY] ==================================================
Job: Send Reminders
Completed: 2026-04-19 17:26:00
Duration: 0s
reminders_sent: 0
reminders_failed: 0
==================================================
[2026-04-19 17:27:00] [INFO] Starting cron job: Send Meeting Reminders
[2026-04-19 17:27:00] [INFO] Connecting to MongoDB...
[2026-04-19 17:27:00] [DEBUG] Current Date: 2026-04-19
[2026-04-19 17:27:00] [DEBUG] Current Time: 17:27
[2026-04-19 17:27:00] [DEBUG] Looking for meetings between 17:27 and 17:57
[2026-04-19 17:27:00] [DEBUG] Total scheduled meetings found: 55
[2026-04-19 17:27:00] [INFO] Meetings found for reminders: 0
[2026-04-19 17:27:00] [INFO] No reminders to send
[2026-04-19 17:27:00] [SUMMARY] ==================================================
Job: Send Reminders
Completed: 2026-04-19 17:27:00
Duration: 0s
reminders_sent: 0
reminders_failed: 0
==================================================
[2026-04-19 17:32:47] [INFO] Starting cron job: Send Meeting Reminders
[2026-04-19 17:32:47] [INFO] Connecting to MongoDB...
[2026-04-19 17:32:47] [DEBUG] Current Date: 2026-04-19
[2026-04-19 17:32:47] [DEBUG] Current Time: 17:32
[2026-04-19 17:32:47] [DEBUG] Looking for meetings between 17:32 and 18:02
[2026-04-19 17:32:47] [DEBUG] Total scheduled meetings found: 55
[2026-04-19 17:32:47] [INFO] Meetings found for reminders: 0
[2026-04-19 17:32:47] [INFO] No reminders to send
[2026-04-19 17:32:47] [SUMMARY] ==================================================
Job: Send Reminders
Completed: 2026-04-19 17:32:47
Duration: 0s
reminders_sent: 0
reminders_failed: 0
==================================================
[2026-04-19 17:33:00] [INFO] Starting cron job: Send Meeting Reminders
[2026-04-19 17:33:00] [INFO] Connecting to MongoDB...
[2026-04-19 17:33:00] [DEBUG] Current Date: 2026-04-19
[2026-04-19 17:33:00] [DEBUG] Current Time: 17:33
[2026-04-19 17:33:00] [DEBUG] Looking for meetings between 17:33 and 18:03
[2026-04-19 17:33:00] [DEBUG] Total scheduled meetings found: 55
[2026-04-19 17:33:00] [INFO] Meetings found for reminders: 0
[2026-04-19 17:33:00] [INFO] No reminders to send
[2026-04-19 17:33:00] [SUMMARY] ==================================================
Job: Send Reminders
Completed: 2026-04-19 17:33:00
Duration: 0.01s
reminders_sent: 0
reminders_failed: 0
==================================================
[2026-04-19 17:34:00] [INFO] Starting cron job: Send Meeting Reminders
[2026-04-19 17:34:00] [INFO] Connecting to MongoDB...
[2026-04-19 17:34:00] [DEBUG] Current Date: 2026-04-19
[2026-04-19 17:34:00] [DEBUG] Current Time: 17:34
[2026-04-19 17:34:00] [DEBUG] Looking for meetings between 17:34 and 18:04
[2026-04-19 17:34:00] [DEBUG] Total scheduled meetings found: 55
[2026-04-19 17:34:00] [INFO] Meetings found for reminders: 0
[2026-04-19 17:34:00] [INFO] No reminders to send
[2026-04-19 17:34:00] [SUMMARY] ==================================================
Job: Send Reminders
Completed: 2026-04-19 17:34:00
Duration: 0s
reminders_sent: 0
reminders_failed: 0
==================================================
[2026-04-19 17:35:00] [INFO] Starting cron job: Send Meeting Reminders
[2026-04-19 17:35:00] [INFO] Connecting to MongoDB...
[2026-04-19 17:35:00] [DEBUG] Current Date: 2026-04-19
[2026-04-19 17:35:00] [DEBUG] Current Time: 17:35
[2026-04-19 17:35:00] [DEBUG] Looking for meetings between 17:35 and 18:05
[2026-04-19 17:35:00] [DEBUG] Total scheduled meetings found: 55
[2026-04-19 17:35:00] [INFO] Meetings found for reminders: 0
[2026-04-19 17:35:00] [INFO] No reminders to send
[2026-04-19 17:35:00] [SUMMARY] ==================================================
Job: Send Reminders
Completed: 2026-04-19 17:35:00
Duration: 0s
reminders_sent: 0
reminders_failed: 0
==================================================
[2026-04-19 17:36:00] [INFO] Starting cron job: Send Meeting Reminders
[2026-04-19 17:36:00] [INFO] Connecting to MongoDB...
[2026-04-19 17:36:00] [DEBUG] Current Date: 2026-04-19
[2026-04-19 17:36:00] [DEBUG] Current Time: 17:36
[2026-04-19 17:36:00] [DEBUG] Looking for meetings between 17:36 and 18:06
[2026-04-19 17:36:00] [DEBUG] Total scheduled meetings found: 55
[2026-04-19 17:36:00] [INFO] Meetings found for reminders: 0
[2026-04-19 17:36:00] [INFO] No reminders to send
[2026-04-19 17:36:00] [SUMMARY] ==================================================
Job: Send Reminders
Completed: 2026-04-19 17:36:00
Duration: 0s
reminders_sent: 0
reminders_failed: 0
==================================================
[2026-04-19 17:37:00] [INFO] Starting cron job: Send Meeting Reminders
[2026-04-19 17:37:00] [INFO] Connecting to MongoDB...
[2026-04-19 17:37:00] [DEBUG] Current Date: 2026-04-19
[2026-04-19 17:37:00] [DEBUG] Current Time: 17:37
[2026-04-19 17:37:00] [DEBUG] Looking for meetings between 17:37 and 18:07
[2026-04-19 17:37:00] [DEBUG] Total scheduled meetings found: 55
[2026-04-19 17:37:00] [INFO] Meetings found for reminders: 0
[2026-04-19 17:37:00] [INFO] No reminders to send
[2026-04-19 17:37:00] [SUMMARY] ==================================================
Job: Send Reminders
Completed: 2026-04-19 17:37:00
Duration: 0s
reminders_sent: 0
reminders_failed: 0
==================================================
[2026-04-19 17:38:00] [INFO] Starting cron job: Send Meeting Reminders
[2026-04-19 17:38:00] [INFO] Connecting to MongoDB...
[2026-04-19 17:38:00] [DEBUG] Current Date: 2026-04-19
[2026-04-19 17:38:00] [DEBUG] Current Time: 17:38
[2026-04-19 17:38:00] [DEBUG] Looking for meetings between 17:38 and 18:08
[2026-04-19 17:38:00] [DEBUG] Total scheduled meetings found: 55
[2026-04-19 17:38:00] [INFO] Meetings found for reminders: 0
[2026-04-19 17:38:00] [INFO] No reminders to send
[2026-04-19 17:38:00] [SUMMARY] ==================================================
Job: Send Reminders
Completed: 2026-04-19 17:38:00
Duration: 0s
reminders_sent: 0
reminders_failed: 0
==================================================
[2026-04-19 17:39:00] [INFO] Starting cron job: Send Meeting Reminders
[2026-04-19 17:39:00] [INFO] Connecting to MongoDB...
[2026-04-19 17:39:00] [DEBUG] Current Date: 2026-04-19
[2026-04-19 17:39:00] [DEBUG] Current Time: 17:39
[2026-04-19 17:39:00] [DEBUG] Looking for meetings between 17:39 and 18:09
[2026-04-19 17:39:00] [DEBUG] Total scheduled meetings found: 55
[2026-04-19 17:39:00] [INFO] Meetings found for reminders: 0
[2026-04-19 17:39:00] [INFO] No reminders to send
[2026-04-19 17:39:00] [SUMMARY] ==================================================
Job: Send Reminders
Completed: 2026-04-19 17:39:00
Duration: 0s
reminders_sent: 0
reminders_failed: 0
==================================================
[2026-04-19 17:40:00] [INFO] Starting cron job: Send Meeting Reminders
[2026-04-19 17:40:00] [INFO] Connecting to MongoDB...
[2026-04-19 17:40:00] [DEBUG] Current Date: 2026-04-19
[2026-04-19 17:40:00] [DEBUG] Current Time: 17:40
[2026-04-19 17:40:00] [DEBUG] Looking for meetings between 17:40 and 18:10
[2026-04-19 17:40:00] [DEBUG] Total scheduled meetings found: 55
[2026-04-19 17:40:00] [INFO] Meetings found for reminders: 0
[2026-04-19 17:40:00] [INFO] No reminders to send
[2026-04-19 17:40:00] [SUMMARY] ==================================================
Job: Send Reminders
Completed: 2026-04-19 17:40:00
Duration: 0s
reminders_sent: 0
reminders_failed: 0
==================================================
[2026-04-19 17:41:00] [INFO] Starting cron job: Send Meeting Reminders
[2026-04-19 17:41:00] [INFO] Connecting to MongoDB...
[2026-04-19 17:41:00] [DEBUG] Current Date: 2026-04-19
[2026-04-19 17:41:00] [DEBUG] Current Time: 17:41
[2026-04-19 17:41:00] [DEBUG] Looking for meetings between 17:41 and 18:11
[2026-04-19 17:41:00] [DEBUG] Total scheduled meetings found: 55
[2026-04-19 17:41:00] [INFO] Meetings found for reminders: 0
[2026-04-19 17:41:00] [INFO] No reminders to send
[2026-04-19 17:41:00] [SUMMARY] ==================================================
Job: Send Reminders
Completed: 2026-04-19 17:41:00
Duration: 0s
reminders_sent: 0
reminders_failed: 0
==================================================
[2026-04-19 17:42:00] [INFO] Starting cron job: Send Meeting Reminders
[2026-04-19 17:42:00] [INFO] Connecting to MongoDB...
[2026-04-19 17:42:00] [DEBUG] Current Date: 2026-04-19
[2026-04-19 17:42:00] [DEBUG] Current Time: 17:42
[2026-04-19 17:42:00] [DEBUG] Looking for meetings between 17:42 and 18:12
[2026-04-19 17:42:00] [DEBUG] Total scheduled meetings found: 55
[2026-04-19 17:42:00] [INFO] Meetings found for reminders: 0
[2026-04-19 17:42:00] [INFO] No reminders to send
[2026-04-19 17:42:00] [SUMMARY] ==================================================
Job: Send Reminders
Completed: 2026-04-19 17:42:00
Duration: 0s
reminders_sent: 0
reminders_failed: 0
==================================================
[2026-04-19 17:43:00] [INFO] Starting cron job: Send Meeting Reminders
[2026-04-19 17:43:00] [INFO] Connecting to MongoDB...
[2026-04-19 17:43:00] [DEBUG] Current Date: 2026-04-19
[2026-04-19 17:43:00] [DEBUG] Current Time: 17:43
[2026-04-19 17:43:00] [DEBUG] Looking for meetings between 17:43 and 18:13
[2026-04-19 17:43:00] [DEBUG] Total scheduled meetings found: 55
[2026-04-19 17:43:00] [INFO] Meetings found for reminders: 0
[2026-04-19 17:43:00] [INFO] No reminders to send
[2026-04-19 17:43:00] [SUMMARY] ==================================================
Job: Send Reminders
Completed: 2026-04-19 17:43:00
Duration: 0s
reminders_sent: 0
reminders_failed: 0
==================================================
[2026-04-19 17:44:00] [INFO] Starting cron job: Send Meeting Reminders
[2026-04-19 17:44:00] [INFO] Connecting to MongoDB...
[2026-04-19 17:44:00] [DEBUG] Current Date: 2026-04-19
[2026-04-19 17:44:00] [DEBUG] Current Time: 17:44
[2026-04-19 17:44:00] [DEBUG] Looking for meetings between 17:44 and 18:14
[2026-04-19 17:44:00] [DEBUG] Total scheduled meetings found: 55
[2026-04-19 17:44:00] [INFO] Meetings found for reminders: 0
[2026-04-19 17:44:00] [INFO] No reminders to send
[2026-04-19 17:44:00] [SUMMARY] ==================================================
Job: Send Reminders
Completed: 2026-04-19 17:44:00
Duration: 0s
reminders_sent: 0
reminders_failed: 0
==================================================
[2026-04-19 17:45:00] [INFO] Starting cron job: Send Meeting Reminders
[2026-04-19 17:45:00] [INFO] Connecting to MongoDB...
[2026-04-19 17:45:00] [DEBUG] Current Date: 2026-04-19
[2026-04-19 17:45:00] [DEBUG] Current Time: 17:45
[2026-04-19 17:45:00] [DEBUG] Looking for meetings between 17:45 and 18:15
[2026-04-19 17:45:00] [DEBUG] Total scheduled meetings found: 55
[2026-04-19 17:45:00] [INFO] Meetings found for reminders: 0
[2026-04-19 17:45:00] [INFO] No reminders to send
[2026-04-19 17:45:00] [SUMMARY] ==================================================
Job: Send Reminders
Completed: 2026-04-19 17:45:00
Duration: 0s
reminders_sent: 0
reminders_failed: 0
==================================================
[2026-04-19 17:46:00] [INFO] Starting cron job: Send Meeting Reminders
[2026-04-19 17:46:00] [INFO] Connecting to MongoDB...
[2026-04-19 17:46:00] [DEBUG] Current Date: 2026-04-19
[2026-04-19 17:46:00] [DEBUG] Current Time: 17:46
[2026-04-19 17:46:00] [DEBUG] Looking for meetings between 17:46 and 18:16
[2026-04-19 17:46:00] [DEBUG] Total scheduled meetings found: 55
[2026-04-19 17:46:00] [INFO] Meetings found for reminders: 0
[2026-04-19 17:46:00] [INFO] No reminders to send
[2026-04-19 17:46:00] [SUMMARY] ==================================================
Job: Send Reminders
Completed: 2026-04-19 17:46:00
Duration: 0s
reminders_sent: 0
reminders_failed: 0
==================================================
[2026-04-19 17:47:00] [INFO] Starting cron job: Send Meeting Reminders
[2026-04-19 17:47:00] [INFO] Connecting to MongoDB...
[2026-04-19 17:47:00] [DEBUG] Current Date: 2026-04-19
[2026-04-19 17:47:00] [DEBUG] Current Time: 17:47
[2026-04-19 17:47:00] [DEBUG] Looking for meetings between 17:47 and 18:17
[2026-04-19 17:47:00] [DEBUG] Total scheduled meetings found: 55
[2026-04-19 17:47:00] [INFO] Meetings found for reminders: 0
[2026-04-19 17:47:00] [INFO] No reminders to send
[2026-04-19 17:47:00] [SUMMARY] ==================================================
Job: Send Reminders
Completed: 2026-04-19 17:47:00
Duration: 0s
reminders_sent: 0
reminders_failed: 0
==================================================
[2026-04-19 17:48:00] [INFO] Starting cron job: Send Meeting Reminders
[2026-04-19 17:48:00] [INFO] Connecting to MongoDB...
[2026-04-19 17:48:00] [DEBUG] Current Date: 2026-04-19
[2026-04-19 17:48:00] [DEBUG] Current Time: 17:48
[2026-04-19 17:48:00] [DEBUG] Looking for meetings between 17:48 and 18:18
[2026-04-19 17:48:00] [DEBUG] Total scheduled meetings found: 55
[2026-04-19 17:48:00] [INFO] Meetings found for reminders: 0
[2026-04-19 17:48:00] [INFO] No reminders to send
[2026-04-19 17:48:00] [SUMMARY] ==================================================
Job: Send Reminders
Completed: 2026-04-19 17:48:00
Duration: 0s
reminders_sent: 0
reminders_failed: 0
==================================================
[2026-04-19 17:49:00] [INFO] Starting cron job: Send Meeting Reminders
[2026-04-19 17:49:00] [INFO] Connecting to MongoDB...
[2026-04-19 17:49:00] [DEBUG] Current Date: 2026-04-19
[2026-04-19 17:49:00] [DEBUG] Current Time: 17:49
[2026-04-19 17:49:00] [DEBUG] Looking for meetings between 17:49 and 18:19
[2026-04-19 17:49:00] [DEBUG] Total scheduled meetings found: 55
[2026-04-19 17:49:00] [INFO] Meetings found for reminders: 0
[2026-04-19 17:49:00] [INFO] No reminders to send
[2026-04-19 17:49:00] [SUMMARY] ==================================================
Job: Send Reminders
Completed: 2026-04-19 17:49:00
Duration: 0s
reminders_sent: 0
reminders_failed: 0
==================================================
[2026-04-19 17:50:00] [INFO] Starting cron job: Send Meeting Reminders
[2026-04-19 17:50:00] [INFO] Connecting to MongoDB...
[2026-04-19 17:50:00] [DEBUG] Current Date: 2026-04-19
[2026-04-19 17:50:00] [DEBUG] Current Time: 17:50
[2026-04-19 17:50:00] [DEBUG] Looking for meetings between 17:50 and 18:20
[2026-04-19 17:50:00] [DEBUG] Total scheduled meetings found: 55
[2026-04-19 17:50:00] [INFO] Meetings found for reminders: 0
[2026-04-19 17:50:00] [INFO] No reminders to send
[2026-04-19 17:50:00] [SUMMARY] ==================================================
Job: Send Reminders
Completed: 2026-04-19 17:50:00
Duration: 0s
reminders_sent: 0
reminders_failed: 0
==================================================
[2026-04-19 17:51:00] [INFO] Starting cron job: Send Meeting Reminders
[2026-04-19 17:51:00] [INFO] Connecting to MongoDB...
[2026-04-19 17:51:00] [DEBUG] Current Date: 2026-04-19
[2026-04-19 17:51:00] [DEBUG] Current Time: 17:51
[2026-04-19 17:51:00] [DEBUG] Looking for meetings between 17:51 and 18:21
[2026-04-19 17:51:00] [DEBUG] Total scheduled meetings found: 55
[2026-04-19 17:51:00] [INFO] Meetings found for reminders: 0
[2026-04-19 17:51:00] [INFO] No reminders to send
[2026-04-19 17:51:00] [SUMMARY] ==================================================
Job: Send Reminders
Completed: 2026-04-19 17:51:00
Duration: 0s
reminders_sent: 0
reminders_failed: 0
==================================================
[2026-04-19 17:52:00] [INFO] Starting cron job: Send Meeting Reminders
[2026-04-19 17:52:00] [INFO] Connecting to MongoDB...
[2026-04-19 17:52:00] [DEBUG] Current Date: 2026-04-19
[2026-04-19 17:52:00] [DEBUG] Current Time: 17:52
[2026-04-19 17:52:00] [DEBUG] Looking for meetings between 17:52 and 18:22
[2026-04-19 17:52:00] [DEBUG] Total scheduled meetings found: 55
[2026-04-19 17:52:00] [INFO] Meetings found for reminders: 0
[2026-04-19 17:52:00] [INFO] No reminders to send
[2026-04-19 17:52:00] [SUMMARY] ==================================================
Job: Send Reminders
Completed: 2026-04-19 17:52:00
Duration: 0s
reminders_sent: 0
reminders_failed: 0
==================================================
[2026-04-19 17:53:01] [INFO] Starting cron job: Send Meeting Reminders
[2026-04-19 17:53:01] [INFO] Connecting to MongoDB...
[2026-04-19 17:53:01] [DEBUG] Current Date: 2026-04-19
[2026-04-19 17:53:01] [DEBUG] Current Time: 17:53
[2026-04-19 17:53:01] [DEBUG] Looking for meetings between 17:53 and 18:23
[2026-04-19 17:53:01] [DEBUG] Total scheduled meetings found: 55
[2026-04-19 17:53:01] [INFO] Meetings found for reminders: 0
[2026-04-19 17:53:01] [INFO] No reminders to send
[2026-04-19 17:53:01] [SUMMARY] ==================================================
Job: Send Reminders
Completed: 2026-04-19 17:53:01
Duration: 0s
reminders_sent: 0
reminders_failed: 0
==================================================
[2026-04-19 17:54:00] [INFO] Starting cron job: Send Meeting Reminders
[2026-04-19 17:54:00] [INFO] Connecting to MongoDB...
[2026-04-19 17:54:00] [DEBUG] Current Date: 2026-04-19
[2026-04-19 17:54:00] [DEBUG] Current Time: 17:54
[2026-04-19 17:54:00] [DEBUG] Looking for meetings between 17:54 and 18:24
[2026-04-19 17:54:00] [DEBUG] Total scheduled meetings found: 55
[2026-04-19 17:54:00] [INFO] Meetings found for reminders: 0
[2026-04-19 17:54:00] [INFO] No reminders to send
[2026-04-19 17:54:00] [SUMMARY] ==================================================
Job: Send Reminders
Completed: 2026-04-19 17:54:00
Duration: 0s
reminders_sent: 0
reminders_failed: 0
==================================================
[2026-04-19 17:55:01] [INFO] Starting cron job: Send Meeting Reminders
[2026-04-19 17:55:01] [INFO] Connecting to MongoDB...
[2026-04-19 17:55:01] [DEBUG] Current Date: 2026-04-19
[2026-04-19 17:55:01] [DEBUG] Current Time: 17:55
[2026-04-19 17:55:01] [DEBUG] Looking for meetings between 17:55 and 18:25
[2026-04-19 17:55:01] [DEBUG] Total scheduled meetings found: 55
[2026-04-19 17:55:01] [INFO] Meetings found for reminders: 0
[2026-04-19 17:55:01] [INFO] No reminders to send
[2026-04-19 17:55:01] [SUMMARY] ==================================================
Job: Send Reminders
Completed: 2026-04-19 17:55:01
Duration: 0s
reminders_sent: 0
reminders_failed: 0
==================================================
[2026-04-19 17:56:01] [INFO] Starting cron job: Send Meeting Reminders
[2026-04-19 17:56:01] [INFO] Connecting to MongoDB...
[2026-04-19 17:56:01] [DEBUG] Current Date: 2026-04-19
[2026-04-19 17:56:01] [DEBUG] Current Time: 17:56
[2026-04-19 17:56:01] [DEBUG] Looking for meetings between 17:56 and 18:26
[2026-04-19 17:56:01] [DEBUG] Total scheduled meetings found: 55
[2026-04-19 17:56:01] [INFO] Meetings found for reminders: 0
[2026-04-19 17:56:01] [INFO] No reminders to send
[2026-04-19 17:56:01] [SUMMARY] ==================================================
Job: Send Reminders
Completed: 2026-04-19 17:56:01
Duration: 0s
reminders_sent: 0
reminders_failed: 0
==================================================
[2026-04-19 17:57:01] [INFO] Starting cron job: Send Meeting Reminders
[2026-04-19 17:57:01] [INFO] Connecting to MongoDB...
[2026-04-19 17:57:01] [DEBUG] Current Date: 2026-04-19
[2026-04-19 17:57:01] [DEBUG] Current Time: 17:57
[2026-04-19 17:57:01] [DEBUG] Looking for meetings between 17:57 and 18:27
[2026-04-19 17:57:01] [DEBUG] Total scheduled meetings found: 55
[2026-04-19 17:57:01] [INFO] Meetings found for reminders: 0
[2026-04-19 17:57:01] [INFO] No reminders to send
[2026-04-19 17:57:01] [SUMMARY] ==================================================
Job: Send Reminders
Completed: 2026-04-19 17:57:01
Duration: 0s
reminders_sent: 0
reminders_failed: 0
==================================================
[2026-04-19 17:58:01] [INFO] Starting cron job: Send Meeting Reminders
[2026-04-19 17:58:01] [INFO] Connecting to MongoDB...
[2026-04-19 17:58:01] [DEBUG] Current Date: 2026-04-19
[2026-04-19 17:58:01] [DEBUG] Current Time: 17:58
[2026-04-19 17:58:01] [DEBUG] Looking for meetings between 17:58 and 18:28
[2026-04-19 17:58:01] [DEBUG] Total scheduled meetings found: 55
[2026-04-19 17:58:01] [INFO] Meetings found for reminders: 0
[2026-04-19 17:58:01] [INFO] No reminders to send
[2026-04-19 17:58:01] [SUMMARY] ==================================================
Job: Send Reminders
Completed: 2026-04-19 17:58:01
Duration: 0s
reminders_sent: 0
reminders_failed: 0
==================================================
[2026-04-19 17:59:01] [INFO] Starting cron job: Send Meeting Reminders
[2026-04-19 17:59:01] [INFO] Connecting to MongoDB...
[2026-04-19 17:59:01] [DEBUG] Current Date: 2026-04-19
[2026-04-19 17:59:01] [DEBUG] Current Time: 17:59
[2026-04-19 17:59:01] [DEBUG] Looking for meetings between 17:59 and 18:29
[2026-04-19 17:59:01] [DEBUG] Total scheduled meetings found: 55
[2026-04-19 17:59:01] [INFO] Meetings found for reminders: 0
[2026-04-19 17:59:01] [INFO] No reminders to send
[2026-04-19 17:59:01] [SUMMARY] ==================================================
Job: Send Reminders
Completed: 2026-04-19 17:59:01
Duration: 0s
reminders_sent: 0
reminders_failed: 0
==================================================
[2026-04-19 18:00:01] [INFO] Starting cron job: Send Meeting Reminders
[2026-04-19 18:00:01] [INFO] Connecting to MongoDB...
[2026-04-19 18:00:01] [DEBUG] Current Date: 2026-04-19
[2026-04-19 18:00:01] [DEBUG] Current Time: 18:00
[2026-04-19 18:00:01] [DEBUG] Looking for meetings between 18:00 and 18:30
[2026-04-19 18:00:01] [DEBUG] Total scheduled meetings found: 55
[2026-04-19 18:00:01] [INFO] Meetings found for reminders: 0
[2026-04-19 18:00:01] [INFO] No reminders to send
[2026-04-19 18:00:01] [SUMMARY] ==================================================
Job: Send Reminders
Completed: 2026-04-19 18:00:01
Duration: 0s
reminders_sent: 0
reminders_failed: 0
==================================================
[2026-04-19 18:01:01] [INFO] Starting cron job: Send Meeting Reminders
[2026-04-19 18:01:01] [INFO] Connecting to MongoDB...
[2026-04-19 18:01:01] [DEBUG] Current Date: 2026-04-19
[2026-04-19 18:01:01] [DEBUG] Current Time: 18:01
[2026-04-19 18:01:01] [DEBUG] Looking for meetings between 18:01 and 18:31
[2026-04-19 18:01:01] [DEBUG] Total scheduled meetings found: 55
[2026-04-19 18:01:01] [INFO] Meetings found for reminders: 0
[2026-04-19 18:01:01] [INFO] No reminders to send
[2026-04-19 18:01:01] [SUMMARY] ==================================================
Job: Send Reminders
Completed: 2026-04-19 18:01:01
Duration: 0s
reminders_sent: 0
reminders_failed: 0
==================================================
[2026-04-19 18:02:01] [INFO] Starting cron job: Send Meeting Reminders
[2026-04-19 18:02:01] [INFO] Connecting to MongoDB...
[2026-04-19 18:02:01] [DEBUG] Current Date: 2026-04-19
[2026-04-19 18:02:01] [DEBUG] Current Time: 18:02
[2026-04-19 18:02:01] [DEBUG] Looking for meetings between 18:02 and 18:32
[2026-04-19 18:02:01] [DEBUG] Total scheduled meetings found: 55
[2026-04-19 18:02:01] [INFO] Meetings found for reminders: 0
[2026-04-19 18:02:01] [INFO] No reminders to send
[2026-04-19 18:02:01] [SUMMARY] ==================================================
Job: Send Reminders
Completed: 2026-04-19 18:02:01
Duration: 0s
reminders_sent: 0
reminders_failed: 0
==================================================
[2026-04-19 18:03:01] [INFO] Starting cron job: Send Meeting Reminders
[2026-04-19 18:03:01] [INFO] Connecting to MongoDB...
[2026-04-19 18:03:01] [DEBUG] Current Date: 2026-04-19
[2026-04-19 18:03:01] [DEBUG] Current Time: 18:03
[2026-04-19 18:03:01] [DEBUG] Looking for meetings between 18:03 and 18:33
[2026-04-19 18:03:01] [DEBUG] Total scheduled meetings found: 55
[2026-04-19 18:03:01] [INFO] Meetings found for reminders: 0
[2026-04-19 18:03:01] [INFO] No reminders to send
[2026-04-19 18:03:01] [SUMMARY] ==================================================
Job: Send Reminders
Completed: 2026-04-19 18:03:01
Duration: 0s
reminders_sent: 0
reminders_failed: 0
==================================================
[2026-04-19 18:04:01] [INFO] Starting cron job: Send Meeting Reminders
[2026-04-19 18:04:01] [INFO] Connecting to MongoDB...
[2026-04-19 18:04:01] [DEBUG] Current Date: 2026-04-19
[2026-04-19 18:04:01] [DEBUG] Current Time: 18:04
[2026-04-19 18:04:01] [DEBUG] Looking for meetings between 18:04 and 18:34
[2026-04-19 18:04:01] [DEBUG] Total scheduled meetings found: 55
[2026-04-19 18:04:01] [INFO] Meetings found for reminders: 0
[2026-04-19 18:04:01] [INFO] No reminders to send
[2026-04-19 18:04:01] [SUMMARY] ==================================================
Job: Send Reminders
Completed: 2026-04-19 18:04:01
Duration: 0s
reminders_sent: 0
reminders_failed: 0
==================================================
[2026-04-19 18:05:01] [INFO] Starting cron job: Send Meeting Reminders
[2026-04-19 18:05:01] [INFO] Connecting to MongoDB...
[2026-04-19 18:05:01] [DEBUG] Current Date: 2026-04-19
[2026-04-19 18:05:01] [DEBUG] Current Time: 18:05
[2026-04-19 18:05:01] [DEBUG] Looking for meetings between 18:05 and 18:35
[2026-04-19 18:05:01] [DEBUG] Total scheduled meetings found: 55
[2026-04-19 18:05:01] [INFO] Meetings found for reminders: 0
[2026-04-19 18:05:01] [INFO] No reminders to send
[2026-04-19 18:05:01] [SUMMARY] ==================================================
Job: Send Reminders
Completed: 2026-04-19 18:05:01
Duration: 0s
reminders_sent: 0
reminders_failed: 0
==================================================
[2026-04-19 18:06:01] [INFO] Starting cron job: Send Meeting Reminders
[2026-04-19 18:06:01] [INFO] Connecting to MongoDB...
[2026-04-19 18:06:01] [DEBUG] Current Date: 2026-04-19
[2026-04-19 18:06:01] [DEBUG] Current Time: 18:06
[2026-04-19 18:06:01] [DEBUG] Looking for meetings between 18:06 and 18:36
[2026-04-19 18:06:01] [DEBUG] Total scheduled meetings found: 55
[2026-04-19 18:06:01] [INFO] Meetings found for reminders: 0
[2026-04-19 18:06:01] [INFO] No reminders to send
[2026-04-19 18:06:01] [SUMMARY] ==================================================
Job: Send Reminders
Completed: 2026-04-19 18:06:01
Duration: 0s
reminders_sent: 0
reminders_failed: 0
==================================================
[2026-04-19 18:07:01] [INFO] Starting cron job: Send Meeting Reminders
[2026-04-19 18:07:01] [INFO] Connecting to MongoDB...
[2026-04-19 18:07:01] [DEBUG] Current Date: 2026-04-19
[2026-04-19 18:07:01] [DEBUG] Current Time: 18:07
[2026-04-19 18:07:01] [DEBUG] Looking for meetings between 18:07 and 18:37
[2026-04-19 18:07:01] [DEBUG] Total scheduled meetings found: 55
[2026-04-19 18:07:01] [INFO] Meetings found for reminders: 0
[2026-04-19 18:07:01] [INFO] No reminders to send
[2026-04-19 18:07:01] [SUMMARY] ==================================================
Job: Send Reminders
Completed: 2026-04-19 18:07:01
Duration: 0s
reminders_sent: 0
reminders_failed: 0
==================================================
[2026-04-19 18:08:01] [INFO] Starting cron job: Send Meeting Reminders
[2026-04-19 18:08:01] [INFO] Connecting to MongoDB...
[2026-04-19 18:08:01] [DEBUG] Current Date: 2026-04-19
[2026-04-19 18:08:01] [DEBUG] Current Time: 18:08
[2026-04-19 18:08:01] [DEBUG] Looking for meetings between 18:08 and 18:38
[2026-04-19 18:08:01] [DEBUG] Total scheduled meetings found: 55
[2026-04-19 18:08:01] [INFO] Meetings found for reminders: 0
[2026-04-19 18:08:01] [INFO] No reminders to send
[2026-04-19 18:08:01] [SUMMARY] ==================================================
Job: Send Reminders
Completed: 2026-04-19 18:08:01
Duration: 0s
reminders_sent: 0
reminders_failed: 0
==================================================
[2026-04-19 18:09:01] [INFO] Starting cron job: Send Meeting Reminders
[2026-04-19 18:09:01] [INFO] Connecting to MongoDB...
[2026-04-19 18:09:01] [DEBUG] Current Date: 2026-04-19
[2026-04-19 18:09:01] [DEBUG] Current Time: 18:09
[2026-04-19 18:09:01] [DEBUG] Looking for meetings between 18:09 and 18:39
[2026-04-19 18:09:01] [DEBUG] Total scheduled meetings found: 55
[2026-04-19 18:09:01] [INFO] Meetings found for reminders: 0
[2026-04-19 18:09:01] [INFO] No reminders to send
[2026-04-19 18:09:01] [SUMMARY] ==================================================
Job: Send Reminders
Completed: 2026-04-19 18:09:01
Duration: 0s
reminders_sent: 0
reminders_failed: 0
==================================================
[2026-04-19 18:10:01] [INFO] Starting cron job: Send Meeting Reminders
[2026-04-19 18:10:01] [INFO] Connecting to MongoDB...
[2026-04-19 18:10:01] [DEBUG] Current Date: 2026-04-19
[2026-04-19 18:10:01] [DEBUG] Current Time: 18:10
[2026-04-19 18:10:01] [DEBUG] Looking for meetings between 18:10 and 18:40
[2026-04-19 18:10:01] [DEBUG] Total scheduled meetings found: 55
[2026-04-19 18:10:01] [INFO] Meetings found for reminders: 0
[2026-04-19 18:10:01] [INFO] No reminders to send
[2026-04-19 18:10:01] [SUMMARY] ==================================================
Job: Send Reminders
Completed: 2026-04-19 18:10:01
Duration: 0s
reminders_sent: 0
reminders_failed: 0
==================================================
[2026-04-19 18:11:01] [INFO] Starting cron job: Send Meeting Reminders
[2026-04-19 18:11:01] [INFO] Connecting to MongoDB...
[2026-04-19 18:11:01] [DEBUG] Current Date: 2026-04-19
[2026-04-19 18:11:01] [DEBUG] Current Time: 18:11
[2026-04-19 18:11:01] [DEBUG] Looking for meetings between 18:11 and 18:41
[2026-04-19 18:11:01] [DEBUG] Total scheduled meetings found: 55
[2026-04-19 18:11:01] [INFO] Meetings found for reminders: 0
[2026-04-19 18:11:01] [INFO] No reminders to send
[2026-04-19 18:11:01] [SUMMARY] ==================================================
Job: Send Reminders
Completed: 2026-04-19 18:11:01
Duration: 0s
reminders_sent: 0
reminders_failed: 0
==================================================
[2026-04-19 18:12:01] [INFO] Starting cron job: Send Meeting Reminders
[2026-04-19 18:12:01] [INFO] Connecting to MongoDB...
[2026-04-19 18:12:01] [DEBUG] Current Date: 2026-04-19
[2026-04-19 18:12:01] [DEBUG] Current Time: 18:12
[2026-04-19 18:12:01] [DEBUG] Looking for meetings between 18:12 and 18:42
[2026-04-19 18:12:01] [DEBUG] Total scheduled meetings found: 55
[2026-04-19 18:12:01] [INFO] Meetings found for reminders: 0
[2026-04-19 18:12:01] [INFO] No reminders to send
[2026-04-19 18:12:01] [SUMMARY] ==================================================
Job: Send Reminders
Completed: 2026-04-19 18:12:01
Duration: 0s
reminders_sent: 0
reminders_failed: 0
==================================================
[2026-04-19 18:13:01] [INFO] Starting cron job: Send Meeting Reminders
[2026-04-19 18:13:01] [INFO] Connecting to MongoDB...
[2026-04-19 18:13:01] [DEBUG] Current Date: 2026-04-19
[2026-04-19 18:13:01] [DEBUG] Current Time: 18:13
[2026-04-19 18:13:01] [DEBUG] Looking for meetings between 18:13 and 18:43
[2026-04-19 18:13:01] [DEBUG] Total scheduled meetings found: 55
[2026-04-19 18:13:01] [INFO] Meetings found for reminders: 0
[2026-04-19 18:13:01] [INFO] No reminders to send
[2026-04-19 18:13:01] [SUMMARY] ==================================================
Job: Send Reminders
Completed: 2026-04-19 18:13:01
Duration: 0s
reminders_sent: 0
reminders_failed: 0
==================================================
[2026-04-19 18:14:01] [INFO] Starting cron job: Send Meeting Reminders
[2026-04-19 18:14:01] [INFO] Connecting to MongoDB...
[2026-04-19 18:14:01] [DEBUG] Current Date: 2026-04-19
[2026-04-19 18:14:01] [DEBUG] Current Time: 18:14
[2026-04-19 18:14:01] [DEBUG] Looking for meetings between 18:14 and 18:44
[2026-04-19 18:14:01] [DEBUG] Total scheduled meetings found: 55
[2026-04-19 18:14:01] [INFO] Meetings found for reminders: 0
[2026-04-19 18:14:01] [INFO] No reminders to send
[2026-04-19 18:14:01] [SUMMARY] ==================================================
Job: Send Reminders
Completed: 2026-04-19 18:14:01
Duration: 0s
reminders_sent: 0
reminders_failed: 0
==================================================
[2026-04-19 18:15:01] [INFO] Starting cron job: Send Meeting Reminders
[2026-04-19 18:15:01] [INFO] Connecting to MongoDB...
[2026-04-19 18:15:01] [DEBUG] Current Date: 2026-04-19
[2026-04-19 18:15:01] [DEBUG] Current Time: 18:15
[2026-04-19 18:15:01] [DEBUG] Looking for meetings between 18:15 and 18:45
[2026-04-19 18:15:01] [DEBUG] Total scheduled meetings found: 55
[2026-04-19 18:15:01] [INFO] Meetings found for reminders: 0
[2026-04-19 18:15:01] [INFO] No reminders to send
[2026-04-19 18:15:01] [SUMMARY] ==================================================
Job: Send Reminders
Completed: 2026-04-19 18:15:01
Duration: 0s
reminders_sent: 0
reminders_failed: 0
==================================================
[2026-04-19 18:16:19] [INFO] Starting cron job: Send Meeting Reminders
[2026-04-19 18:16:19] [INFO] Connecting to MongoDB...
[2026-04-19 18:16:19] [DEBUG] Current Date: 2026-04-19
[2026-04-19 18:16:19] [DEBUG] Current Time: 18:16
[2026-04-19 18:16:19] [DEBUG] Looking for meetings between 18:16 and 18:46
[2026-04-19 18:16:19] [DEBUG] Total scheduled meetings found: 55
[2026-04-19 18:16:19] [INFO] Meetings found for reminders: 0
[2026-04-19 18:16:19] [INFO] No reminders to send
[2026-04-19 18:16:19] [SUMMARY] ==================================================
Job: Send Reminders
Completed: 2026-04-19 18:16:19
Duration: 0s
reminders_sent: 0
reminders_failed: 0
==================================================
[2026-04-19 18:17:01] [INFO] Starting cron job: Send Meeting Reminders
[2026-04-19 18:17:01] [INFO] Connecting to MongoDB...
[2026-04-19 18:17:01] [DEBUG] Current Date: 2026-04-19
[2026-04-19 18:17:01] [DEBUG] Current Time: 18:17
[2026-04-19 18:17:01] [DEBUG] Looking for meetings between 18:17 and 18:47
[2026-04-19 18:17:01] [DEBUG] Total scheduled meetings found: 55
[2026-04-19 18:17:01] [INFO] Meetings found for reminders: 0
[2026-04-19 18:17:01] [INFO] No reminders to send
[2026-04-19 18:17:01] [SUMMARY] ==================================================
Job: Send Reminders
Completed: 2026-04-19 18:17:01
Duration: 0s
reminders_sent: 0
reminders_failed: 0
==================================================
[2026-04-19 18:18:01] [INFO] Starting cron job: Send Meeting Reminders
[2026-04-19 18:18:01] [INFO] Connecting to MongoDB...
[2026-04-19 18:18:01] [DEBUG] Current Date: 2026-04-19
[2026-04-19 18:18:01] [DEBUG] Current Time: 18:18
[2026-04-19 18:18:01] [DEBUG] Looking for meetings between 18:18 and 18:48
[2026-04-19 18:18:01] [DEBUG] Total scheduled meetings found: 55
[2026-04-19 18:18:01] [INFO] Meetings found for reminders: 0
[2026-04-19 18:18:01] [INFO] No reminders to send
[2026-04-19 18:18:01] [SUMMARY] ==================================================
Job: Send Reminders
Completed: 2026-04-19 18:18:01
Duration: 0s
reminders_sent: 0
reminders_failed: 0
==================================================
[2026-04-19 18:19:01] [INFO] Starting cron job: Send Meeting Reminders
[2026-04-19 18:19:01] [INFO] Connecting to MongoDB...
[2026-04-19 18:19:01] [DEBUG] Current Date: 2026-04-19
[2026-04-19 18:19:01] [DEBUG] Current Time: 18:19
[2026-04-19 18:19:01] [DEBUG] Looking for meetings between 18:19 and 18:49
[2026-04-19 18:19:01] [DEBUG] Total scheduled meetings found: 55
[2026-04-19 18:19:01] [INFO] Meetings found for reminders: 0
[2026-04-19 18:19:01] [INFO] No reminders to send
[2026-04-19 18:19:01] [SUMMARY] ==================================================
Job: Send Reminders
Completed: 2026-04-19 18:19:01
Duration: 0s
reminders_sent: 0
reminders_failed: 0
==================================================
[2026-04-19 18:20:01] [INFO] Starting cron job: Send Meeting Reminders
[2026-04-19 18:20:01] [INFO] Connecting to MongoDB...
[2026-04-19 18:20:01] [DEBUG] Current Date: 2026-04-19
[2026-04-19 18:20:01] [DEBUG] Current Time: 18:20
[2026-04-19 18:20:01] [DEBUG] Looking for meetings between 18:20 and 18:50
[2026-04-19 18:20:01] [DEBUG] Total scheduled meetings found: 55
[2026-04-19 18:20:01] [INFO] Meetings found for reminders: 0
[2026-04-19 18:20:01] [INFO] No reminders to send
[2026-04-19 18:20:01] [SUMMARY] ==================================================
Job: Send Reminders
Completed: 2026-04-19 18:20:01
Duration: 0s
reminders_sent: 0
reminders_failed: 0
==================================================
[2026-04-19 18:21:01] [INFO] Starting cron job: Send Meeting Reminders
[2026-04-19 18:21:01] [INFO] Connecting to MongoDB...
[2026-04-19 18:21:01] [DEBUG] Current Date: 2026-04-19
[2026-04-19 18:21:01] [DEBUG] Current Time: 18:21
[2026-04-19 18:21:01] [DEBUG] Looking for meetings between 18:21 and 18:51
[2026-04-19 18:21:01] [DEBUG] Total scheduled meetings found: 55
[2026-04-19 18:21:01] [INFO] Meetings found for reminders: 0
[2026-04-19 18:21:01] [INFO] No reminders to send
[2026-04-19 18:21:01] [SUMMARY] ==================================================
Job: Send Reminders
Completed: 2026-04-19 18:21:01
Duration: 0s
reminders_sent: 0
reminders_failed: 0
==================================================
[2026-04-19 18:22:11] [INFO] Starting cron job: Send Meeting Reminders
[2026-04-19 18:22:11] [INFO] Connecting to MongoDB...
[2026-04-19 18:22:11] [DEBUG] Current Date: 2026-04-19
[2026-04-19 18:22:11] [DEBUG] Current Time: 18:22
[2026-04-19 18:22:11] [DEBUG] Looking for meetings between 18:22 and 18:52
[2026-04-19 18:22:11] [DEBUG] Total scheduled meetings found: 55
[2026-04-19 18:22:11] [INFO] Meetings found for reminders: 0
[2026-04-19 18:22:11] [INFO] No reminders to send
[2026-04-19 18:22:11] [SUMMARY] ==================================================
Job: Send Reminders
Completed: 2026-04-19 18:22:11
Duration: 0.01s
reminders_sent: 0
reminders_failed: 0
==================================================
[2026-04-19 18:23:01] [INFO] Starting cron job: Send Meeting Reminders
[2026-04-19 18:23:01] [INFO] Connecting to MongoDB...
[2026-04-19 18:23:01] [DEBUG] Current Date: 2026-04-19
[2026-04-19 18:23:01] [DEBUG] Current Time: 18:23
[2026-04-19 18:23:01] [DEBUG] Looking for meetings between 18:23 and 18:53
[2026-04-19 18:23:01] [DEBUG] Total scheduled meetings found: 55
[2026-04-19 18:23:01] [INFO] Meetings found for reminders: 0
[2026-04-19 18:23:01] [INFO] No reminders to send
[2026-04-19 18:23:01] [SUMMARY] ==================================================
Job: Send Reminders
Completed: 2026-04-19 18:23:01
Duration: 0s
reminders_sent: 0
reminders_failed: 0
==================================================
[2026-04-19 18:24:01] [INFO] Starting cron job: Send Meeting Reminders
[2026-04-19 18:24:01] [INFO] Connecting to MongoDB...
[2026-04-19 18:24:01] [DEBUG] Current Date: 2026-04-19
[2026-04-19 18:24:01] [DEBUG] Current Time: 18:24
[2026-04-19 18:24:01] [DEBUG] Looking for meetings between 18:24 and 18:54
[2026-04-19 18:24:01] [DEBUG] Total scheduled meetings found: 55
[2026-04-19 18:24:01] [INFO] Meetings found for reminders: 0
[2026-04-19 18:24:01] [INFO] No reminders to send
[2026-04-19 18:24:01] [SUMMARY] ==================================================
Job: Send Reminders
Completed: 2026-04-19 18:24:01
Duration: 0s
reminders_sent: 0
reminders_failed: 0
==================================================
[2026-04-19 18:25:01] [INFO] Starting cron job: Send Meeting Reminders
[2026-04-19 18:25:01] [INFO] Connecting to MongoDB...
[2026-04-19 18:25:01] [DEBUG] Current Date: 2026-04-19
[2026-04-19 18:25:01] [DEBUG] Current Time: 18:25
[2026-04-19 18:25:01] [DEBUG] Looking for meetings between 18:25 and 18:55
[2026-04-19 18:25:01] [DEBUG] Total scheduled meetings found: 55
[2026-04-19 18:25:01] [INFO] Meetings found for reminders: 0
[2026-04-19 18:25:01] [INFO] No reminders to send
[2026-04-19 18:25:01] [SUMMARY] ==================================================
Job: Send Reminders
Completed: 2026-04-19 18:25:01
Duration: 0s
reminders_sent: 0
reminders_failed: 0
==================================================
[2026-04-19 18:26:01] [INFO] Starting cron job: Send Meeting Reminders
[2026-04-19 18:26:01] [INFO] Connecting to MongoDB...
[2026-04-19 18:26:01] [DEBUG] Current Date: 2026-04-19
[2026-04-19 18:26:01] [DEBUG] Current Time: 18:26
[2026-04-19 18:26:01] [DEBUG] Looking for meetings between 18:26 and 18:56
[2026-04-19 18:26:01] [DEBUG] Total scheduled meetings found: 55
[2026-04-19 18:26:01] [INFO] Meetings found for reminders: 0
[2026-04-19 18:26:01] [INFO] No reminders to send
[2026-04-19 18:26:01] [SUMMARY] ==================================================
Job: Send Reminders
Completed: 2026-04-19 18:26:01
Duration: 0s
reminders_sent: 0
reminders_failed: 0
==================================================
[2026-04-19 18:27:00] [INFO] Starting cron job: Send Meeting Reminders
[2026-04-19 18:27:00] [INFO] Connecting to MongoDB...
[2026-04-19 18:27:00] [DEBUG] Current Date: 2026-04-19
[2026-04-19 18:27:00] [DEBUG] Current Time: 18:27
[2026-04-19 18:27:00] [DEBUG] Looking for meetings between 18:27 and 18:57
[2026-04-19 18:27:00] [DEBUG] Total scheduled meetings found: 55
[2026-04-19 18:27:00] [INFO] Meetings found for reminders: 0
[2026-04-19 18:27:00] [INFO] No reminders to send
[2026-04-19 18:27:00] [SUMMARY] ==================================================
Job: Send Reminders
Completed: 2026-04-19 18:27:00
Duration: 0s
reminders_sent: 0
reminders_failed: 0
==================================================
[2026-04-19 18:28:00] [INFO] Starting cron job: Send Meeting Reminders
[2026-04-19 18:28:00] [INFO] Connecting to MongoDB...
[2026-04-19 18:28:00] [DEBUG] Current Date: 2026-04-19
[2026-04-19 18:28:00] [DEBUG] Current Time: 18:28
[2026-04-19 18:28:00] [DEBUG] Looking for meetings between 18:28 and 18:58
[2026-04-19 18:28:00] [DEBUG] Total scheduled meetings found: 55
[2026-04-19 18:28:00] [INFO] Meetings found for reminders: 0
[2026-04-19 18:28:00] [INFO] No reminders to send
[2026-04-19 18:28:00] [SUMMARY] ==================================================
Job: Send Reminders
Completed: 2026-04-19 18:28:00
Duration: 0s
reminders_sent: 0
reminders_failed: 0
==================================================
[2026-04-19 18:29:00] [INFO] Starting cron job: Send Meeting Reminders
[2026-04-19 18:29:00] [INFO] Connecting to MongoDB...
[2026-04-19 18:29:00] [DEBUG] Current Date: 2026-04-19
[2026-04-19 18:29:00] [DEBUG] Current Time: 18:29
[2026-04-19 18:29:00] [DEBUG] Looking for meetings between 18:29 and 18:59
[2026-04-19 18:29:00] [DEBUG] Total scheduled meetings found: 55
[2026-04-19 18:29:00] [INFO] Meetings found for reminders: 0
[2026-04-19 18:29:00] [INFO] No reminders to send
[2026-04-19 18:29:00] [SUMMARY] ==================================================
Job: Send Reminders
Completed: 2026-04-19 18:29:00
Duration: 0s
reminders_sent: 0
reminders_failed: 0
==================================================
[2026-04-19 18:30:00] [INFO] Starting cron job: Send Meeting Reminders
[2026-04-19 18:30:00] [INFO] Connecting to MongoDB...
[2026-04-19 18:30:00] [DEBUG] Current Date: 2026-04-19
[2026-04-19 18:30:00] [DEBUG] Current Time: 18:30
[2026-04-19 18:30:00] [DEBUG] Looking for meetings between 18:30 and 19:00
[2026-04-19 18:30:00] [DEBUG] Total scheduled meetings found: 55
[2026-04-19 18:30:00] [INFO] Meetings found for reminders: 0
[2026-04-19 18:30:00] [INFO] No reminders to send
[2026-04-19 18:30:00] [SUMMARY] ==================================================
Job: Send Reminders
Completed: 2026-04-19 18:30:00
Duration: 0s
reminders_sent: 0
reminders_failed: 0
==================================================
[2026-04-19 18:31:00] [INFO] Starting cron job: Send Meeting Reminders
[2026-04-19 18:31:00] [INFO] Connecting to MongoDB...
[2026-04-19 18:31:00] [DEBUG] Current Date: 2026-04-19
[2026-04-19 18:31:00] [DEBUG] Current Time: 18:31
[2026-04-19 18:31:00] [DEBUG] Looking for meetings between 18:31 and 19:01
[2026-04-19 18:31:00] [DEBUG] Total scheduled meetings found: 55
[2026-04-19 18:31:00] [INFO] Meetings found for reminders: 0
[2026-04-19 18:31:00] [INFO] No reminders to send
[2026-04-19 18:31:00] [SUMMARY] ==================================================
Job: Send Reminders
Completed: 2026-04-19 18:31:00
Duration: 0s
reminders_sent: 0
reminders_failed: 0
==================================================
[2026-04-19 18:32:00] [INFO] Starting cron job: Send Meeting Reminders
[2026-04-19 18:32:00] [INFO] Connecting to MongoDB...
[2026-04-19 18:32:00] [DEBUG] Current Date: 2026-04-19
[2026-04-19 18:32:00] [DEBUG] Current Time: 18:32
[2026-04-19 18:32:00] [DEBUG] Looking for meetings between 18:32 and 19:02
[2026-04-19 18:32:00] [DEBUG] Total scheduled meetings found: 55
[2026-04-19 18:32:00] [INFO] Meetings found for reminders: 0
[2026-04-19 18:32:00] [INFO] No reminders to send
[2026-04-19 18:32:00] [SUMMARY] ==================================================
Job: Send Reminders
Completed: 2026-04-19 18:32:00
Duration: 0s
reminders_sent: 0
reminders_failed: 0
==================================================
[2026-04-19 18:33:00] [INFO] Starting cron job: Send Meeting Reminders
[2026-04-19 18:33:00] [INFO] Connecting to MongoDB...
[2026-04-19 18:33:00] [DEBUG] Current Date: 2026-04-19
[2026-04-19 18:33:00] [DEBUG] Current Time: 18:33
[2026-04-19 18:33:00] [DEBUG] Looking for meetings between 18:33 and 19:03
[2026-04-19 18:33:00] [DEBUG] Total scheduled meetings found: 55
[2026-04-19 18:33:00] [INFO] Meetings found for reminders: 0
[2026-04-19 18:33:00] [INFO] No reminders to send
[2026-04-19 18:33:00] [SUMMARY] ==================================================
Job: Send Reminders
Completed: 2026-04-19 18:33:00
Duration: 0s
reminders_sent: 0
reminders_failed: 0
==================================================
[2026-04-19 18:34:00] [INFO] Starting cron job: Send Meeting Reminders
[2026-04-19 18:34:00] [INFO] Connecting to MongoDB...
[2026-04-19 18:34:00] [DEBUG] Current Date: 2026-04-19
[2026-04-19 18:34:00] [DEBUG] Current Time: 18:34
[2026-04-19 18:34:00] [DEBUG] Looking for meetings between 18:34 and 19:04
[2026-04-19 18:34:00] [DEBUG] Total scheduled meetings found: 55
[2026-04-19 18:34:00] [INFO] Meetings found for reminders: 0
[2026-04-19 18:34:00] [INFO] No reminders to send
[2026-04-19 18:34:00] [SUMMARY] ==================================================
Job: Send Reminders
Completed: 2026-04-19 18:34:00
Duration: 0s
reminders_sent: 0
reminders_failed: 0
==================================================
[2026-04-19 18:35:00] [INFO] Starting cron job: Send Meeting Reminders
[2026-04-19 18:35:00] [INFO] Connecting to MongoDB...
[2026-04-19 18:35:00] [DEBUG] Current Date: 2026-04-19
[2026-04-19 18:35:00] [DEBUG] Current Time: 18:35
[2026-04-19 18:35:00] [DEBUG] Looking for meetings between 18:35 and 19:05
[2026-04-19 18:35:00] [DEBUG] Total scheduled meetings found: 55
[2026-04-19 18:35:00] [INFO] Meetings found for reminders: 0
[2026-04-19 18:35:00] [INFO] No reminders to send
[2026-04-19 18:35:00] [SUMMARY] ==================================================
Job: Send Reminders
Completed: 2026-04-19 18:35:00
Duration: 0s
reminders_sent: 0
reminders_failed: 0
==================================================
[2026-04-19 18:36:00] [INFO] Starting cron job: Send Meeting Reminders
[2026-04-19 18:36:00] [INFO] Connecting to MongoDB...
[2026-04-19 18:36:00] [DEBUG] Current Date: 2026-04-19
[2026-04-19 18:36:00] [DEBUG] Current Time: 18:36
[2026-04-19 18:36:00] [DEBUG] Looking for meetings between 18:36 and 19:06
[2026-04-19 18:36:00] [DEBUG] Total scheduled meetings found: 55
[2026-04-19 18:36:00] [INFO] Meetings found for reminders: 0
[2026-04-19 18:36:00] [INFO] No reminders to send
[2026-04-19 18:36:00] [SUMMARY] ==================================================
Job: Send Reminders
Completed: 2026-04-19 18:36:00
Duration: 0s
reminders_sent: 0
reminders_failed: 0
==================================================
[2026-04-19 18:37:00] [INFO] Starting cron job: Send Meeting Reminders
[2026-04-19 18:37:00] [INFO] Connecting to MongoDB...
[2026-04-19 18:37:00] [DEBUG] Current Date: 2026-04-19
[2026-04-19 18:37:00] [DEBUG] Current Time: 18:37
[2026-04-19 18:37:00] [DEBUG] Looking for meetings between 18:37 and 19:07
[2026-04-19 18:37:00] [DEBUG] Total scheduled meetings found: 55
[2026-04-19 18:37:00] [INFO] Meetings found for reminders: 0
[2026-04-19 18:37:00] [INFO] No reminders to send
[2026-04-19 18:37:00] [SUMMARY] ==================================================
Job: Send Reminders
Completed: 2026-04-19 18:37:00
Duration: 0s
reminders_sent: 0
reminders_failed: 0
==================================================
[2026-04-19 18:38:00] [INFO] Starting cron job: Send Meeting Reminders
[2026-04-19 18:38:00] [INFO] Connecting to MongoDB...
[2026-04-19 18:38:00] [DEBUG] Current Date: 2026-04-19
[2026-04-19 18:38:00] [DEBUG] Current Time: 18:38
[2026-04-19 18:38:00] [DEBUG] Looking for meetings between 18:38 and 19:08
[2026-04-19 18:38:00] [DEBUG] Total scheduled meetings found: 55
[2026-04-19 18:38:00] [INFO] Meetings found for reminders: 0
[2026-04-19 18:38:00] [INFO] No reminders to send
[2026-04-19 18:38:00] [SUMMARY] ==================================================
Job: Send Reminders
Completed: 2026-04-19 18:38:00
Duration: 0s
reminders_sent: 0
reminders_failed: 0
==================================================
[2026-04-19 18:39:00] [INFO] Starting cron job: Send Meeting Reminders
[2026-04-19 18:39:00] [INFO] Connecting to MongoDB...
[2026-04-19 18:39:00] [DEBUG] Current Date: 2026-04-19
[2026-04-19 18:39:00] [DEBUG] Current Time: 18:39
[2026-04-19 18:39:00] [DEBUG] Looking for meetings between 18:39 and 19:09
[2026-04-19 18:39:00] [DEBUG] Total scheduled meetings found: 55
[2026-04-19 18:39:00] [INFO] Meetings found for reminders: 0
[2026-04-19 18:39:00] [INFO] No reminders to send
[2026-04-19 18:39:00] [SUMMARY] ==================================================
Job: Send Reminders
Completed: 2026-04-19 18:39:00
Duration: 0s
reminders_sent: 0
reminders_failed: 0
==================================================
[2026-04-19 18:40:00] [INFO] Starting cron job: Send Meeting Reminders
[2026-04-19 18:40:00] [INFO] Connecting to MongoDB...
[2026-04-19 18:40:00] [DEBUG] Current Date: 2026-04-19
[2026-04-19 18:40:00] [DEBUG] Current Time: 18:40
[2026-04-19 18:40:00] [DEBUG] Looking for meetings between 18:40 and 19:10
[2026-04-19 18:40:00] [DEBUG] Total scheduled meetings found: 55
[2026-04-19 18:40:00] [INFO] Meetings found for reminders: 0
[2026-04-19 18:40:00] [INFO] No reminders to send
[2026-04-19 18:40:00] [SUMMARY] ==================================================
Job: Send Reminders
Completed: 2026-04-19 18:40:00
Duration: 0s
reminders_sent: 0
reminders_failed: 0
==================================================
[2026-04-19 18:41:00] [INFO] Starting cron job: Send Meeting Reminders
[2026-04-19 18:41:00] [INFO] Connecting to MongoDB...
[2026-04-19 18:41:00] [DEBUG] Current Date: 2026-04-19
[2026-04-19 18:41:00] [DEBUG] Current Time: 18:41
[2026-04-19 18:41:00] [DEBUG] Looking for meetings between 18:41 and 19:11
[2026-04-19 18:41:00] [DEBUG] Total scheduled meetings found: 55
[2026-04-19 18:41:00] [INFO] Meetings found for reminders: 0
[2026-04-19 18:41:00] [INFO] No reminders to send
[2026-04-19 18:41:00] [SUMMARY] ==================================================
Job: Send Reminders
Completed: 2026-04-19 18:41:00
Duration: 0s
reminders_sent: 0
reminders_failed: 0
==================================================
[2026-04-19 18:42:00] [INFO] Starting cron job: Send Meeting Reminders
[2026-04-19 18:42:00] [INFO] Connecting to MongoDB...
[2026-04-19 18:42:00] [DEBUG] Current Date: 2026-04-19
[2026-04-19 18:42:00] [DEBUG] Current Time: 18:42
[2026-04-19 18:42:00] [DEBUG] Looking for meetings between 18:42 and 19:12
[2026-04-19 18:42:00] [DEBUG] Total scheduled meetings found: 55
[2026-04-19 18:42:00] [INFO] Meetings found for reminders: 0
[2026-04-19 18:42:00] [INFO] No reminders to send
[2026-04-19 18:42:00] [SUMMARY] ==================================================
Job: Send Reminders
Completed: 2026-04-19 18:42:00
Duration: 0s
reminders_sent: 0
reminders_failed: 0
==================================================
[2026-04-19 18:43:00] [INFO] Starting cron job: Send Meeting Reminders
[2026-04-19 18:43:00] [INFO] Connecting to MongoDB...
[2026-04-19 18:43:00] [DEBUG] Current Date: 2026-04-19
[2026-04-19 18:43:00] [DEBUG] Current Time: 18:43
[2026-04-19 18:43:00] [DEBUG] Looking for meetings between 18:43 and 19:13
[2026-04-19 18:43:00] [DEBUG] Total scheduled meetings found: 55
[2026-04-19 18:43:00] [INFO] Meetings found for reminders: 0
[2026-04-19 18:43:00] [INFO] No reminders to send
[2026-04-19 18:43:00] [SUMMARY] ==================================================
Job: Send Reminders
Completed: 2026-04-19 18:43:00
Duration: 0.01s
reminders_sent: 0
reminders_failed: 0
==================================================
[2026-04-19 18:44:00] [INFO] Starting cron job: Send Meeting Reminders
[2026-04-19 18:44:00] [INFO] Connecting to MongoDB...
[2026-04-19 18:44:00] [DEBUG] Current Date: 2026-04-19
[2026-04-19 18:44:00] [DEBUG] Current Time: 18:44
[2026-04-19 18:44:00] [DEBUG] Looking for meetings between 18:44 and 19:14
[2026-04-19 18:44:00] [DEBUG] Total scheduled meetings found: 55
[2026-04-19 18:44:00] [INFO] Meetings found for reminders: 0
[2026-04-19 18:44:00] [INFO] No reminders to send
[2026-04-19 18:44:00] [SUMMARY] ==================================================
Job: Send Reminders
Completed: 2026-04-19 18:44:00
Duration: 0s
reminders_sent: 0
reminders_failed: 0
==================================================
[2026-04-19 18:45:00] [INFO] Starting cron job: Send Meeting Reminders
[2026-04-19 18:45:00] [INFO] Connecting to MongoDB...
[2026-04-19 18:45:00] [DEBUG] Current Date: 2026-04-19
[2026-04-19 18:45:00] [DEBUG] Current Time: 18:45
[2026-04-19 18:45:00] [DEBUG] Looking for meetings between 18:45 and 19:15
[2026-04-19 18:45:00] [DEBUG] Total scheduled meetings found: 55
[2026-04-19 18:45:00] [INFO] Meetings found for reminders: 0
[2026-04-19 18:45:00] [INFO] No reminders to send
[2026-04-19 18:45:00] [SUMMARY] ==================================================
Job: Send Reminders
Completed: 2026-04-19 18:45:00
Duration: 0s
reminders_sent: 0
reminders_failed: 0
==================================================
