[2026-04-13 20:53:06] [INFO] Starting cron job: Send Meeting Reminders
[2026-04-13 20:53:06] [INFO] Connecting to MongoDB...
[2026-04-13 20:53:06] [DEBUG] Current Date: 2026-04-13
[2026-04-13 20:53:06] [DEBUG] Current Time: 20:53
[2026-04-13 20:53:06] [DEBUG] Looking for meetings between 20:53 and 21:23
[2026-04-13 20:53:06] [DEBUG] Total scheduled meetings found: 54
[2026-04-13 20:53:06] [INFO] Meetings found for reminders: 0
[2026-04-13 20:53:06] [INFO] No reminders to send
[2026-04-13 20:53:06] [SUMMARY] ==================================================
Job: Send Reminders
Completed: 2026-04-13 20:53:06
Duration: 0.26s
reminders_sent: 0
reminders_failed: 0
==================================================
[2026-04-13 20:54:01] [INFO] Starting cron job: Send Meeting Reminders
[2026-04-13 20:54:01] [INFO] Connecting to MongoDB...
[2026-04-13 20:54:01] [DEBUG] Current Date: 2026-04-13
[2026-04-13 20:54:01] [DEBUG] Current Time: 20:54
[2026-04-13 20:54:01] [DEBUG] Looking for meetings between 20:54 and 21:24
[2026-04-13 20:54:01] [DEBUG] Total scheduled meetings found: 54
[2026-04-13 20:54:01] [INFO] Meetings found for reminders: 0
[2026-04-13 20:54:01] [INFO] No reminders to send
[2026-04-13 20:54:01] [SUMMARY] ==================================================
Job: Send Reminders
Completed: 2026-04-13 20:54:01
Duration: 0s
reminders_sent: 0
reminders_failed: 0
==================================================
[2026-04-13 20:55:01] [INFO] Starting cron job: Send Meeting Reminders
[2026-04-13 20:55:01] [INFO] Connecting to MongoDB...
[2026-04-13 20:55:01] [DEBUG] Current Date: 2026-04-13
[2026-04-13 20:55:01] [DEBUG] Current Time: 20:55
[2026-04-13 20:55:01] [DEBUG] Looking for meetings between 20:55 and 21:25
[2026-04-13 20:55:01] [DEBUG] Total scheduled meetings found: 54
[2026-04-13 20:55:01] [INFO] Meetings found for reminders: 0
[2026-04-13 20:55:01] [INFO] No reminders to send
[2026-04-13 20:55:01] [SUMMARY] ==================================================
Job: Send Reminders
Completed: 2026-04-13 20:55:01
Duration: 0s
reminders_sent: 0
reminders_failed: 0
==================================================
[2026-04-13 20:56:01] [INFO] Starting cron job: Send Meeting Reminders
[2026-04-13 20:56:01] [INFO] Connecting to MongoDB...
[2026-04-13 20:56:01] [DEBUG] Current Date: 2026-04-13
[2026-04-13 20:56:01] [DEBUG] Current Time: 20:56
[2026-04-13 20:56:01] [DEBUG] Looking for meetings between 20:56 and 21:26
[2026-04-13 20:56:01] [DEBUG] Total scheduled meetings found: 54
[2026-04-13 20:56:01] [INFO] Meetings found for reminders: 0
[2026-04-13 20:56:01] [INFO] No reminders to send
[2026-04-13 20:56:01] [SUMMARY] ==================================================
Job: Send Reminders
Completed: 2026-04-13 20:56:01
Duration: 0s
reminders_sent: 0
reminders_failed: 0
==================================================
[2026-04-13 20:57:01] [INFO] Starting cron job: Send Meeting Reminders
[2026-04-13 20:57:01] [INFO] Connecting to MongoDB...
[2026-04-13 20:57:01] [DEBUG] Current Date: 2026-04-13
[2026-04-13 20:57:01] [DEBUG] Current Time: 20:57
[2026-04-13 20:57:01] [DEBUG] Looking for meetings between 20:57 and 21:27
[2026-04-13 20:57:01] [DEBUG] Total scheduled meetings found: 54
[2026-04-13 20:57:01] [INFO] Meetings found for reminders: 0
[2026-04-13 20:57:01] [INFO] No reminders to send
[2026-04-13 20:57:01] [SUMMARY] ==================================================
Job: Send Reminders
Completed: 2026-04-13 20:57:01
Duration: 0s
reminders_sent: 0
reminders_failed: 0
==================================================
[2026-04-13 20:58:01] [INFO] Starting cron job: Send Meeting Reminders
[2026-04-13 20:58:01] [INFO] Connecting to MongoDB...
[2026-04-13 20:58:01] [DEBUG] Current Date: 2026-04-13
[2026-04-13 20:58:01] [DEBUG] Current Time: 20:58
[2026-04-13 20:58:01] [DEBUG] Looking for meetings between 20:58 and 21:28
[2026-04-13 20:58:01] [DEBUG] Total scheduled meetings found: 54
[2026-04-13 20:58:01] [INFO] Meetings found for reminders: 0
[2026-04-13 20:58:01] [INFO] No reminders to send
[2026-04-13 20:58:01] [SUMMARY] ==================================================
Job: Send Reminders
Completed: 2026-04-13 20:58:01
Duration: 0s
reminders_sent: 0
reminders_failed: 0
==================================================
[2026-04-13 20:59:01] [INFO] Starting cron job: Send Meeting Reminders
[2026-04-13 20:59:01] [INFO] Connecting to MongoDB...
[2026-04-13 20:59:01] [DEBUG] Current Date: 2026-04-13
[2026-04-13 20:59:01] [DEBUG] Current Time: 20:59
[2026-04-13 20:59:01] [DEBUG] Looking for meetings between 20:59 and 21:29
[2026-04-13 20:59:01] [DEBUG] Total scheduled meetings found: 54
[2026-04-13 20:59:01] [INFO] Meetings found for reminders: 0
[2026-04-13 20:59:01] [INFO] No reminders to send
[2026-04-13 20:59:01] [SUMMARY] ==================================================
Job: Send Reminders
Completed: 2026-04-13 20:59:01
Duration: 0s
reminders_sent: 0
reminders_failed: 0
==================================================
[2026-04-13 21:01:15] [INFO] Starting cron job: Send Meeting Reminders
[2026-04-13 21:01:15] [INFO] Connecting to MongoDB...
[2026-04-13 21:01:15] [DEBUG] Current Date: 2026-04-13
[2026-04-13 21:01:15] [DEBUG] Current Time: 21:01
[2026-04-13 21:01:15] [DEBUG] Looking for meetings between 21:01 and 21:31
[2026-04-13 21:01:15] [DEBUG] Total scheduled meetings found: 54
[2026-04-13 21:01:15] [INFO] Meetings found for reminders: 0
[2026-04-13 21:01:15] [INFO] No reminders to send
[2026-04-13 21:01:15] [SUMMARY] ==================================================
Job: Send Reminders
Completed: 2026-04-13 21:01:15
Duration: 0.01s
reminders_sent: 0
reminders_failed: 0
==================================================
[2026-04-13 21:06:57] [INFO] Starting cron job: Send Meeting Reminders
[2026-04-13 21:06:57] [INFO] Connecting to MongoDB...
[2026-04-13 21:06:57] [DEBUG] Current Date: 2026-04-13
[2026-04-13 21:06:57] [DEBUG] Current Time: 21:06
[2026-04-13 21:06:57] [DEBUG] Looking for meetings between 21:06 and 21:36
[2026-04-13 21:06:57] [DEBUG] Total scheduled meetings found: 54
[2026-04-13 21:06:57] [INFO] Meetings found for reminders: 0
[2026-04-13 21:06:57] [INFO] No reminders to send
[2026-04-13 21:06:57] [SUMMARY] ==================================================
Job: Send Reminders
Completed: 2026-04-13 21:06:57
Duration: 0s
reminders_sent: 0
reminders_failed: 0
==================================================
[2026-04-13 21:09:06] [INFO] Starting cron job: Send Meeting Reminders
[2026-04-13 21:09:06] [INFO] Connecting to MongoDB...
[2026-04-13 21:09:06] [DEBUG] Current Date: 2026-04-13
[2026-04-13 21:09:06] [DEBUG] Current Time: 21:09
[2026-04-13 21:09:06] [DEBUG] Looking for meetings between 21:09 and 21:39
[2026-04-13 21:09:06] [DEBUG] Total scheduled meetings found: 54
[2026-04-13 21:09:06] [INFO] Meetings found for reminders: 0
[2026-04-13 21:09:06] [INFO] No reminders to send
[2026-04-13 21:09:06] [SUMMARY] ==================================================
Job: Send Reminders
Completed: 2026-04-13 21:09:06
Duration: 0.01s
reminders_sent: 0
reminders_failed: 0
==================================================
[2026-04-13 21:10:01] [INFO] Starting cron job: Send Meeting Reminders
[2026-04-13 21:10:01] [INFO] Connecting to MongoDB...
[2026-04-13 21:10:01] [DEBUG] Current Date: 2026-04-13
[2026-04-13 21:10:01] [DEBUG] Current Time: 21:10
[2026-04-13 21:10:01] [DEBUG] Looking for meetings between 21:10 and 21:40
[2026-04-13 21:10:01] [DEBUG] Total scheduled meetings found: 54
[2026-04-13 21:10:01] [INFO] Meetings found for reminders: 0
[2026-04-13 21:10:01] [INFO] No reminders to send
[2026-04-13 21:10:01] [SUMMARY] ==================================================
Job: Send Reminders
Completed: 2026-04-13 21:10:01
Duration: 0s
reminders_sent: 0
reminders_failed: 0
==================================================
[2026-04-13 21:11:01] [INFO] Starting cron job: Send Meeting Reminders
[2026-04-13 21:11:01] [INFO] Connecting to MongoDB...
[2026-04-13 21:11:01] [DEBUG] Current Date: 2026-04-13
[2026-04-13 21:11:01] [DEBUG] Current Time: 21:11
[2026-04-13 21:11:01] [DEBUG] Looking for meetings between 21:11 and 21:41
[2026-04-13 21:11:01] [DEBUG] Total scheduled meetings found: 54
[2026-04-13 21:11:01] [INFO] Meetings found for reminders: 0
[2026-04-13 21:11:01] [INFO] No reminders to send
[2026-04-13 21:11:01] [SUMMARY] ==================================================
Job: Send Reminders
Completed: 2026-04-13 21:11:01
Duration: 0s
reminders_sent: 0
reminders_failed: 0
==================================================
[2026-04-13 21:12:00] [INFO] Starting cron job: Send Meeting Reminders
[2026-04-13 21:12:00] [INFO] Connecting to MongoDB...
[2026-04-13 21:12:00] [DEBUG] Current Date: 2026-04-13
[2026-04-13 21:12:00] [DEBUG] Current Time: 21:12
[2026-04-13 21:12:00] [DEBUG] Looking for meetings between 21:12 and 21:42
[2026-04-13 21:12:00] [DEBUG] Total scheduled meetings found: 54
[2026-04-13 21:12:00] [INFO] Meetings found for reminders: 0
[2026-04-13 21:12:00] [INFO] No reminders to send
[2026-04-13 21:12:00] [SUMMARY] ==================================================
Job: Send Reminders
Completed: 2026-04-13 21:12:00
Duration: 0s
reminders_sent: 0
reminders_failed: 0
==================================================
[2026-04-13 21:13:00] [INFO] Starting cron job: Send Meeting Reminders
[2026-04-13 21:13:00] [INFO] Connecting to MongoDB...
[2026-04-13 21:13:00] [DEBUG] Current Date: 2026-04-13
[2026-04-13 21:13:00] [DEBUG] Current Time: 21:13
[2026-04-13 21:13:00] [DEBUG] Looking for meetings between 21:13 and 21:43
[2026-04-13 21:13:00] [DEBUG] Total scheduled meetings found: 54
[2026-04-13 21:13:00] [INFO] Meetings found for reminders: 0
[2026-04-13 21:13:00] [INFO] No reminders to send
[2026-04-13 21:13:00] [SUMMARY] ==================================================
Job: Send Reminders
Completed: 2026-04-13 21:13:00
Duration: 0s
reminders_sent: 0
reminders_failed: 0
==================================================
[2026-04-13 21:14:00] [INFO] Starting cron job: Send Meeting Reminders
[2026-04-13 21:14:00] [INFO] Connecting to MongoDB...
[2026-04-13 21:14:00] [DEBUG] Current Date: 2026-04-13
[2026-04-13 21:14:00] [DEBUG] Current Time: 21:14
[2026-04-13 21:14:00] [DEBUG] Looking for meetings between 21:14 and 21:44
[2026-04-13 21:14:00] [DEBUG] Total scheduled meetings found: 54
[2026-04-13 21:14:00] [INFO] Meetings found for reminders: 0
[2026-04-13 21:14:00] [INFO] No reminders to send
[2026-04-13 21:14:00] [SUMMARY] ==================================================
Job: Send Reminders
Completed: 2026-04-13 21:14:00
Duration: 0s
reminders_sent: 0
reminders_failed: 0
==================================================
[2026-04-13 21:15:00] [INFO] Starting cron job: Send Meeting Reminders
[2026-04-13 21:15:00] [INFO] Connecting to MongoDB...
[2026-04-13 21:15:00] [DEBUG] Current Date: 2026-04-13
[2026-04-13 21:15:00] [DEBUG] Current Time: 21:15
[2026-04-13 21:15:00] [DEBUG] Looking for meetings between 21:15 and 21:45
[2026-04-13 21:15:00] [DEBUG] Total scheduled meetings found: 54
[2026-04-13 21:15:00] [INFO] Meetings found for reminders: 0
[2026-04-13 21:15:00] [INFO] No reminders to send
[2026-04-13 21:15:00] [SUMMARY] ==================================================
Job: Send Reminders
Completed: 2026-04-13 21:15:00
Duration: 0s
reminders_sent: 0
reminders_failed: 0
==================================================
[2026-04-13 21:16:00] [INFO] Starting cron job: Send Meeting Reminders
[2026-04-13 21:16:00] [INFO] Connecting to MongoDB...
[2026-04-13 21:16:00] [DEBUG] Current Date: 2026-04-13
[2026-04-13 21:16:00] [DEBUG] Current Time: 21:16
[2026-04-13 21:16:00] [DEBUG] Looking for meetings between 21:16 and 21:46
[2026-04-13 21:16:00] [DEBUG] Total scheduled meetings found: 54
[2026-04-13 21:16:00] [INFO] Meetings found for reminders: 0
[2026-04-13 21:16:00] [INFO] No reminders to send
[2026-04-13 21:16:00] [SUMMARY] ==================================================
Job: Send Reminders
Completed: 2026-04-13 21:16:00
Duration: 0s
reminders_sent: 0
reminders_failed: 0
==================================================
[2026-04-13 21:17:00] [INFO] Starting cron job: Send Meeting Reminders
[2026-04-13 21:17:00] [INFO] Connecting to MongoDB...
[2026-04-13 21:17:00] [DEBUG] Current Date: 2026-04-13
[2026-04-13 21:17:00] [DEBUG] Current Time: 21:17
[2026-04-13 21:17:00] [DEBUG] Looking for meetings between 21:17 and 21:47
[2026-04-13 21:17:00] [DEBUG] Total scheduled meetings found: 54
[2026-04-13 21:17:00] [INFO] Meetings found for reminders: 0
[2026-04-13 21:17:00] [INFO] No reminders to send
[2026-04-13 21:17:00] [SUMMARY] ==================================================
Job: Send Reminders
Completed: 2026-04-13 21:17:00
Duration: 0s
reminders_sent: 0
reminders_failed: 0
==================================================
[2026-04-13 21:18:00] [INFO] Starting cron job: Send Meeting Reminders
[2026-04-13 21:18:00] [INFO] Connecting to MongoDB...
[2026-04-13 21:18:00] [DEBUG] Current Date: 2026-04-13
[2026-04-13 21:18:00] [DEBUG] Current Time: 21:18
[2026-04-13 21:18:00] [DEBUG] Looking for meetings between 21:18 and 21:48
[2026-04-13 21:18:00] [DEBUG] Total scheduled meetings found: 54
[2026-04-13 21:18:00] [INFO] Meetings found for reminders: 0
[2026-04-13 21:18:00] [INFO] No reminders to send
[2026-04-13 21:18:00] [SUMMARY] ==================================================
Job: Send Reminders
Completed: 2026-04-13 21:18:00
Duration: 0s
reminders_sent: 0
reminders_failed: 0
==================================================
[2026-04-13 21:19:00] [INFO] Starting cron job: Send Meeting Reminders
[2026-04-13 21:19:00] [INFO] Connecting to MongoDB...
[2026-04-13 21:19:00] [DEBUG] Current Date: 2026-04-13
[2026-04-13 21:19:00] [DEBUG] Current Time: 21:19
[2026-04-13 21:19:00] [DEBUG] Looking for meetings between 21:19 and 21:49
[2026-04-13 21:19:00] [DEBUG] Total scheduled meetings found: 54
[2026-04-13 21:19:00] [INFO] Meetings found for reminders: 0
[2026-04-13 21:19:00] [INFO] No reminders to send
[2026-04-13 21:19:00] [SUMMARY] ==================================================
Job: Send Reminders
Completed: 2026-04-13 21:19:00
Duration: 0s
reminders_sent: 0
reminders_failed: 0
==================================================
[2026-04-13 21:20:00] [INFO] Starting cron job: Send Meeting Reminders
[2026-04-13 21:20:00] [INFO] Connecting to MongoDB...
[2026-04-13 21:20:00] [DEBUG] Current Date: 2026-04-13
[2026-04-13 21:20:00] [DEBUG] Current Time: 21:20
[2026-04-13 21:20:00] [DEBUG] Looking for meetings between 21:20 and 21:50
[2026-04-13 21:20:00] [DEBUG] Total scheduled meetings found: 54
[2026-04-13 21:20:00] [INFO] Meetings found for reminders: 0
[2026-04-13 21:20:00] [INFO] No reminders to send
[2026-04-13 21:20:00] [SUMMARY] ==================================================
Job: Send Reminders
Completed: 2026-04-13 21:20:00
Duration: 0s
reminders_sent: 0
reminders_failed: 0
==================================================
[2026-04-13 21:21:00] [INFO] Starting cron job: Send Meeting Reminders
[2026-04-13 21:21:00] [INFO] Connecting to MongoDB...
[2026-04-13 21:21:00] [DEBUG] Current Date: 2026-04-13
[2026-04-13 21:21:00] [DEBUG] Current Time: 21:21
[2026-04-13 21:21:00] [DEBUG] Looking for meetings between 21:21 and 21:51
[2026-04-13 21:21:00] [DEBUG] Total scheduled meetings found: 54
[2026-04-13 21:21:00] [INFO] Meetings found for reminders: 0
[2026-04-13 21:21:00] [INFO] No reminders to send
[2026-04-13 21:21:00] [SUMMARY] ==================================================
Job: Send Reminders
Completed: 2026-04-13 21:21:00
Duration: 0s
reminders_sent: 0
reminders_failed: 0
==================================================
[2026-04-13 21:22:00] [INFO] Starting cron job: Send Meeting Reminders
[2026-04-13 21:22:00] [INFO] Connecting to MongoDB...
[2026-04-13 21:22:00] [DEBUG] Current Date: 2026-04-13
[2026-04-13 21:22:00] [DEBUG] Current Time: 21:22
[2026-04-13 21:22:00] [DEBUG] Looking for meetings between 21:22 and 21:52
[2026-04-13 21:22:00] [DEBUG] Total scheduled meetings found: 54
[2026-04-13 21:22:00] [INFO] Meetings found for reminders: 0
[2026-04-13 21:22:00] [INFO] No reminders to send
[2026-04-13 21:22:00] [SUMMARY] ==================================================
Job: Send Reminders
Completed: 2026-04-13 21:22:00
Duration: 0s
reminders_sent: 0
reminders_failed: 0
==================================================
[2026-04-13 21:23:00] [INFO] Starting cron job: Send Meeting Reminders
[2026-04-13 21:23:00] [INFO] Connecting to MongoDB...
[2026-04-13 21:23:00] [DEBUG] Current Date: 2026-04-13
[2026-04-13 21:23:00] [DEBUG] Current Time: 21:23
[2026-04-13 21:23:00] [DEBUG] Looking for meetings between 21:23 and 21:53
[2026-04-13 21:23:00] [DEBUG] Total scheduled meetings found: 54
[2026-04-13 21:23:00] [INFO] Meetings found for reminders: 0
[2026-04-13 21:23:00] [INFO] No reminders to send
[2026-04-13 21:23:00] [SUMMARY] ==================================================
Job: Send Reminders
Completed: 2026-04-13 21:23:00
Duration: 0s
reminders_sent: 0
reminders_failed: 0
==================================================
[2026-04-13 21:24:00] [INFO] Starting cron job: Send Meeting Reminders
[2026-04-13 21:24:00] [INFO] Connecting to MongoDB...
[2026-04-13 21:24:00] [DEBUG] Current Date: 2026-04-13
[2026-04-13 21:24:00] [DEBUG] Current Time: 21:24
[2026-04-13 21:24:00] [DEBUG] Looking for meetings between 21:24 and 21:54
[2026-04-13 21:24:00] [DEBUG] Total scheduled meetings found: 54
[2026-04-13 21:24:00] [INFO] Meetings found for reminders: 0
[2026-04-13 21:24:00] [INFO] No reminders to send
[2026-04-13 21:24:00] [SUMMARY] ==================================================
Job: Send Reminders
Completed: 2026-04-13 21:24:00
Duration: 0s
reminders_sent: 0
reminders_failed: 0
==================================================
[2026-04-13 21:25:00] [INFO] Starting cron job: Send Meeting Reminders
[2026-04-13 21:25:00] [INFO] Connecting to MongoDB...
[2026-04-13 21:25:00] [DEBUG] Current Date: 2026-04-13
[2026-04-13 21:25:00] [DEBUG] Current Time: 21:25
[2026-04-13 21:25:00] [DEBUG] Looking for meetings between 21:25 and 21:55
[2026-04-13 21:25:00] [DEBUG] Total scheduled meetings found: 54
[2026-04-13 21:25:00] [INFO] Meetings found for reminders: 0
[2026-04-13 21:25:00] [INFO] No reminders to send
[2026-04-13 21:25:00] [SUMMARY] ==================================================
Job: Send Reminders
Completed: 2026-04-13 21:25:00
Duration: 0s
reminders_sent: 0
reminders_failed: 0
==================================================
[2026-04-13 21:26:00] [INFO] Starting cron job: Send Meeting Reminders
[2026-04-13 21:26:00] [INFO] Connecting to MongoDB...
[2026-04-13 21:26:00] [DEBUG] Current Date: 2026-04-13
[2026-04-13 21:26:00] [DEBUG] Current Time: 21:26
[2026-04-13 21:26:00] [DEBUG] Looking for meetings between 21:26 and 21:56
[2026-04-13 21:26:00] [DEBUG] Total scheduled meetings found: 54
[2026-04-13 21:26:00] [INFO] Meetings found for reminders: 0
[2026-04-13 21:26:00] [INFO] No reminders to send
[2026-04-13 21:26:00] [SUMMARY] ==================================================
Job: Send Reminders
Completed: 2026-04-13 21:26:00
Duration: 0s
reminders_sent: 0
reminders_failed: 0
==================================================
[2026-04-13 21:27:00] [INFO] Starting cron job: Send Meeting Reminders
[2026-04-13 21:27:00] [INFO] Connecting to MongoDB...
[2026-04-13 21:27:00] [DEBUG] Current Date: 2026-04-13
[2026-04-13 21:27:00] [DEBUG] Current Time: 21:27
[2026-04-13 21:27:00] [DEBUG] Looking for meetings between 21:27 and 21:57
[2026-04-13 21:27:00] [DEBUG] Total scheduled meetings found: 54
[2026-04-13 21:27:00] [INFO] Meetings found for reminders: 0
[2026-04-13 21:27:00] [INFO] No reminders to send
[2026-04-13 21:27:00] [SUMMARY] ==================================================
Job: Send Reminders
Completed: 2026-04-13 21:27:00
Duration: 0s
reminders_sent: 0
reminders_failed: 0
==================================================
[2026-04-13 21:28:00] [INFO] Starting cron job: Send Meeting Reminders
[2026-04-13 21:28:00] [INFO] Connecting to MongoDB...
[2026-04-13 21:28:00] [DEBUG] Current Date: 2026-04-13
[2026-04-13 21:28:00] [DEBUG] Current Time: 21:28
[2026-04-13 21:28:00] [DEBUG] Looking for meetings between 21:28 and 21:58
[2026-04-13 21:28:00] [DEBUG] Total scheduled meetings found: 54
[2026-04-13 21:28:00] [INFO] Meetings found for reminders: 0
[2026-04-13 21:28:00] [INFO] No reminders to send
[2026-04-13 21:28:00] [SUMMARY] ==================================================
Job: Send Reminders
Completed: 2026-04-13 21:28:00
Duration: 0s
reminders_sent: 0
reminders_failed: 0
==================================================
[2026-04-13 21:29:00] [INFO] Starting cron job: Send Meeting Reminders
[2026-04-13 21:29:00] [INFO] Connecting to MongoDB...
[2026-04-13 21:29:00] [DEBUG] Current Date: 2026-04-13
[2026-04-13 21:29:00] [DEBUG] Current Time: 21:29
[2026-04-13 21:29:00] [DEBUG] Looking for meetings between 21:29 and 21:59
[2026-04-13 21:29:00] [DEBUG] Total scheduled meetings found: 54
[2026-04-13 21:29:00] [INFO] Meetings found for reminders: 0
[2026-04-13 21:29:00] [INFO] No reminders to send
[2026-04-13 21:29:00] [SUMMARY] ==================================================
Job: Send Reminders
Completed: 2026-04-13 21:29:00
Duration: 0s
reminders_sent: 0
reminders_failed: 0
==================================================
[2026-04-13 21:30:00] [INFO] Starting cron job: Send Meeting Reminders
[2026-04-13 21:30:00] [INFO] Connecting to MongoDB...
[2026-04-13 21:30:00] [DEBUG] Current Date: 2026-04-13
[2026-04-13 21:30:00] [DEBUG] Current Time: 21:30
[2026-04-13 21:30:00] [DEBUG] Looking for meetings between 21:30 and 22:00
[2026-04-13 21:30:00] [DEBUG] Total scheduled meetings found: 54
[2026-04-13 21:30:00] [INFO] Meetings found for reminders: 0
[2026-04-13 21:30:00] [INFO] No reminders to send
[2026-04-13 21:30:00] [SUMMARY] ==================================================
Job: Send Reminders
Completed: 2026-04-13 21:30:00
Duration: 0s
reminders_sent: 0
reminders_failed: 0
==================================================
[2026-04-13 21:31:00] [INFO] Starting cron job: Send Meeting Reminders
[2026-04-13 21:31:00] [INFO] Connecting to MongoDB...
[2026-04-13 21:31:00] [DEBUG] Current Date: 2026-04-13
[2026-04-13 21:31:00] [DEBUG] Current Time: 21:31
[2026-04-13 21:31:00] [DEBUG] Looking for meetings between 21:31 and 22:01
[2026-04-13 21:31:00] [DEBUG] Total scheduled meetings found: 54
[2026-04-13 21:31:00] [INFO] Meetings found for reminders: 0
[2026-04-13 21:31:00] [INFO] No reminders to send
[2026-04-13 21:31:00] [SUMMARY] ==================================================
Job: Send Reminders
Completed: 2026-04-13 21:31:00
Duration: 0s
reminders_sent: 0
reminders_failed: 0
==================================================
[2026-04-13 21:32:00] [INFO] Starting cron job: Send Meeting Reminders
[2026-04-13 21:32:00] [INFO] Connecting to MongoDB...
[2026-04-13 21:32:00] [DEBUG] Current Date: 2026-04-13
[2026-04-13 21:32:00] [DEBUG] Current Time: 21:32
[2026-04-13 21:32:00] [DEBUG] Looking for meetings between 21:32 and 22:02
[2026-04-13 21:32:00] [DEBUG] Total scheduled meetings found: 54
[2026-04-13 21:32:00] [INFO] Meetings found for reminders: 0
[2026-04-13 21:32:00] [INFO] No reminders to send
[2026-04-13 21:32:00] [SUMMARY] ==================================================
Job: Send Reminders
Completed: 2026-04-13 21:32:00
Duration: 0s
reminders_sent: 0
reminders_failed: 0
==================================================
[2026-04-13 21:33:00] [INFO] Starting cron job: Send Meeting Reminders
[2026-04-13 21:33:00] [INFO] Connecting to MongoDB...
[2026-04-13 21:33:00] [DEBUG] Current Date: 2026-04-13
[2026-04-13 21:33:00] [DEBUG] Current Time: 21:33
[2026-04-13 21:33:00] [DEBUG] Looking for meetings between 21:33 and 22:03
[2026-04-13 21:33:00] [DEBUG] Total scheduled meetings found: 54
[2026-04-13 21:33:00] [INFO] Meetings found for reminders: 0
[2026-04-13 21:33:00] [INFO] No reminders to send
[2026-04-13 21:33:00] [SUMMARY] ==================================================
Job: Send Reminders
Completed: 2026-04-13 21:33:00
Duration: 0s
reminders_sent: 0
reminders_failed: 0
==================================================
[2026-04-13 21:34:00] [INFO] Starting cron job: Send Meeting Reminders
[2026-04-13 21:34:00] [INFO] Connecting to MongoDB...
[2026-04-13 21:34:00] [DEBUG] Current Date: 2026-04-13
[2026-04-13 21:34:00] [DEBUG] Current Time: 21:34
[2026-04-13 21:34:00] [DEBUG] Looking for meetings between 21:34 and 22:04
[2026-04-13 21:34:00] [DEBUG] Total scheduled meetings found: 54
[2026-04-13 21:34:00] [INFO] Meetings found for reminders: 0
[2026-04-13 21:34:00] [INFO] No reminders to send
[2026-04-13 21:34:00] [SUMMARY] ==================================================
Job: Send Reminders
Completed: 2026-04-13 21:34:00
Duration: 0s
reminders_sent: 0
reminders_failed: 0
==================================================
[2026-04-13 21:35:00] [INFO] Starting cron job: Send Meeting Reminders
[2026-04-13 21:35:00] [INFO] Connecting to MongoDB...
[2026-04-13 21:35:00] [DEBUG] Current Date: 2026-04-13
[2026-04-13 21:35:00] [DEBUG] Current Time: 21:35
[2026-04-13 21:35:00] [DEBUG] Looking for meetings between 21:35 and 22:05
[2026-04-13 21:35:00] [DEBUG] Total scheduled meetings found: 54
[2026-04-13 21:35:00] [INFO] Meetings found for reminders: 0
[2026-04-13 21:35:00] [INFO] No reminders to send
[2026-04-13 21:35:00] [SUMMARY] ==================================================
Job: Send Reminders
Completed: 2026-04-13 21:35:00
Duration: 0s
reminders_sent: 0
reminders_failed: 0
==================================================
[2026-04-13 21:36:00] [INFO] Starting cron job: Send Meeting Reminders
[2026-04-13 21:36:00] [INFO] Connecting to MongoDB...
[2026-04-13 21:36:00] [DEBUG] Current Date: 2026-04-13
[2026-04-13 21:36:00] [DEBUG] Current Time: 21:36
[2026-04-13 21:36:00] [DEBUG] Looking for meetings between 21:36 and 22:06
[2026-04-13 21:36:00] [DEBUG] Total scheduled meetings found: 54
[2026-04-13 21:36:00] [INFO] Meetings found for reminders: 0
[2026-04-13 21:36:00] [INFO] No reminders to send
[2026-04-13 21:36:00] [SUMMARY] ==================================================
Job: Send Reminders
Completed: 2026-04-13 21:36:00
Duration: 0s
reminders_sent: 0
reminders_failed: 0
==================================================
[2026-04-13 21:37:00] [INFO] Starting cron job: Send Meeting Reminders
[2026-04-13 21:37:00] [INFO] Connecting to MongoDB...
[2026-04-13 21:37:00] [DEBUG] Current Date: 2026-04-13
[2026-04-13 21:37:00] [DEBUG] Current Time: 21:37
[2026-04-13 21:37:00] [DEBUG] Looking for meetings between 21:37 and 22:07
[2026-04-13 21:37:00] [DEBUG] Total scheduled meetings found: 54
[2026-04-13 21:37:00] [INFO] Meetings found for reminders: 0
[2026-04-13 21:37:00] [INFO] No reminders to send
[2026-04-13 21:37:00] [SUMMARY] ==================================================
Job: Send Reminders
Completed: 2026-04-13 21:37:00
Duration: 0s
reminders_sent: 0
reminders_failed: 0
==================================================
[2026-04-13 21:38:00] [INFO] Starting cron job: Send Meeting Reminders
[2026-04-13 21:38:00] [INFO] Connecting to MongoDB...
[2026-04-13 21:38:00] [DEBUG] Current Date: 2026-04-13
[2026-04-13 21:38:00] [DEBUG] Current Time: 21:38
[2026-04-13 21:38:00] [DEBUG] Looking for meetings between 21:38 and 22:08
[2026-04-13 21:38:00] [DEBUG] Total scheduled meetings found: 54
[2026-04-13 21:38:00] [INFO] Meetings found for reminders: 0
[2026-04-13 21:38:00] [INFO] No reminders to send
[2026-04-13 21:38:00] [SUMMARY] ==================================================
Job: Send Reminders
Completed: 2026-04-13 21:38:00
Duration: 0s
reminders_sent: 0
reminders_failed: 0
==================================================
[2026-04-13 21:39:00] [INFO] Starting cron job: Send Meeting Reminders
[2026-04-13 21:39:00] [INFO] Connecting to MongoDB...
[2026-04-13 21:39:00] [DEBUG] Current Date: 2026-04-13
[2026-04-13 21:39:00] [DEBUG] Current Time: 21:39
[2026-04-13 21:39:00] [DEBUG] Looking for meetings between 21:39 and 22:09
[2026-04-13 21:39:00] [DEBUG] Total scheduled meetings found: 54
[2026-04-13 21:39:00] [INFO] Meetings found for reminders: 0
[2026-04-13 21:39:00] [INFO] No reminders to send
[2026-04-13 21:39:00] [SUMMARY] ==================================================
Job: Send Reminders
Completed: 2026-04-13 21:39:00
Duration: 0s
reminders_sent: 0
reminders_failed: 0
==================================================
[2026-04-13 21:40:00] [INFO] Starting cron job: Send Meeting Reminders
[2026-04-13 21:40:00] [INFO] Connecting to MongoDB...
[2026-04-13 21:40:00] [DEBUG] Current Date: 2026-04-13
[2026-04-13 21:40:00] [DEBUG] Current Time: 21:40
[2026-04-13 21:40:00] [DEBUG] Looking for meetings between 21:40 and 22:10
[2026-04-13 21:40:00] [DEBUG] Total scheduled meetings found: 54
[2026-04-13 21:40:00] [INFO] Meetings found for reminders: 0
[2026-04-13 21:40:00] [INFO] No reminders to send
[2026-04-13 21:40:00] [SUMMARY] ==================================================
Job: Send Reminders
Completed: 2026-04-13 21:40:00
Duration: 0s
reminders_sent: 0
reminders_failed: 0
==================================================
[2026-04-13 21:41:00] [INFO] Starting cron job: Send Meeting Reminders
[2026-04-13 21:41:00] [INFO] Connecting to MongoDB...
[2026-04-13 21:41:00] [DEBUG] Current Date: 2026-04-13
[2026-04-13 21:41:00] [DEBUG] Current Time: 21:41
[2026-04-13 21:41:00] [DEBUG] Looking for meetings between 21:41 and 22:11
[2026-04-13 21:41:00] [DEBUG] Total scheduled meetings found: 54
[2026-04-13 21:41:00] [INFO] Meetings found for reminders: 0
[2026-04-13 21:41:00] [INFO] No reminders to send
[2026-04-13 21:41:00] [SUMMARY] ==================================================
Job: Send Reminders
Completed: 2026-04-13 21:41:00
Duration: 0s
reminders_sent: 0
reminders_failed: 0
==================================================
[2026-04-13 21:42:00] [INFO] Starting cron job: Send Meeting Reminders
[2026-04-13 21:42:00] [INFO] Connecting to MongoDB...
[2026-04-13 21:42:00] [DEBUG] Current Date: 2026-04-13
[2026-04-13 21:42:00] [DEBUG] Current Time: 21:42
[2026-04-13 21:42:00] [DEBUG] Looking for meetings between 21:42 and 22:12
[2026-04-13 21:42:00] [DEBUG] Total scheduled meetings found: 54
[2026-04-13 21:42:00] [INFO] Meetings found for reminders: 0
[2026-04-13 21:42:00] [INFO] No reminders to send
[2026-04-13 21:42:00] [SUMMARY] ==================================================
Job: Send Reminders
Completed: 2026-04-13 21:42:00
Duration: 0s
reminders_sent: 0
reminders_failed: 0
==================================================
[2026-04-13 21:43:00] [INFO] Starting cron job: Send Meeting Reminders
[2026-04-13 21:43:00] [INFO] Connecting to MongoDB...
[2026-04-13 21:43:00] [DEBUG] Current Date: 2026-04-13
[2026-04-13 21:43:00] [DEBUG] Current Time: 21:43
[2026-04-13 21:43:00] [DEBUG] Looking for meetings between 21:43 and 22:13
[2026-04-13 21:43:00] [DEBUG] Total scheduled meetings found: 54
[2026-04-13 21:43:00] [INFO] Meetings found for reminders: 0
[2026-04-13 21:43:00] [INFO] No reminders to send
[2026-04-13 21:43:00] [SUMMARY] ==================================================
Job: Send Reminders
Completed: 2026-04-13 21:43:00
Duration: 0s
reminders_sent: 0
reminders_failed: 0
==================================================
[2026-04-13 21:44:00] [INFO] Starting cron job: Send Meeting Reminders
[2026-04-13 21:44:00] [INFO] Connecting to MongoDB...
[2026-04-13 21:44:00] [DEBUG] Current Date: 2026-04-13
[2026-04-13 21:44:00] [DEBUG] Current Time: 21:44
[2026-04-13 21:44:00] [DEBUG] Looking for meetings between 21:44 and 22:14
[2026-04-13 21:44:00] [DEBUG] Total scheduled meetings found: 54
[2026-04-13 21:44:00] [INFO] Meetings found for reminders: 0
[2026-04-13 21:44:00] [INFO] No reminders to send
[2026-04-13 21:44:00] [SUMMARY] ==================================================
Job: Send Reminders
Completed: 2026-04-13 21:44:00
Duration: 0s
reminders_sent: 0
reminders_failed: 0
==================================================
[2026-04-13 21:45:00] [INFO] Starting cron job: Send Meeting Reminders
[2026-04-13 21:45:00] [INFO] Connecting to MongoDB...
[2026-04-13 21:45:00] [DEBUG] Current Date: 2026-04-13
[2026-04-13 21:45:00] [DEBUG] Current Time: 21:45
[2026-04-13 21:45:00] [DEBUG] Looking for meetings between 21:45 and 22:15
[2026-04-13 21:45:00] [DEBUG] Total scheduled meetings found: 54
[2026-04-13 21:45:00] [INFO] Meetings found for reminders: 0
[2026-04-13 21:45:00] [INFO] No reminders to send
[2026-04-13 21:45:00] [SUMMARY] ==================================================
Job: Send Reminders
Completed: 2026-04-13 21:45:00
Duration: 0s
reminders_sent: 0
reminders_failed: 0
==================================================
[2026-04-13 21:46:00] [INFO] Starting cron job: Send Meeting Reminders
[2026-04-13 21:46:00] [INFO] Connecting to MongoDB...
[2026-04-13 21:46:00] [DEBUG] Current Date: 2026-04-13
[2026-04-13 21:46:00] [DEBUG] Current Time: 21:46
[2026-04-13 21:46:00] [DEBUG] Looking for meetings between 21:46 and 22:16
[2026-04-13 21:46:00] [DEBUG] Total scheduled meetings found: 54
[2026-04-13 21:46:00] [INFO] Meetings found for reminders: 0
[2026-04-13 21:46:00] [INFO] No reminders to send
[2026-04-13 21:46:00] [SUMMARY] ==================================================
Job: Send Reminders
Completed: 2026-04-13 21:46:00
Duration: 0s
reminders_sent: 0
reminders_failed: 0
==================================================
[2026-04-13 21:47:00] [INFO] Starting cron job: Send Meeting Reminders
[2026-04-13 21:47:00] [INFO] Connecting to MongoDB...
[2026-04-13 21:47:00] [DEBUG] Current Date: 2026-04-13
[2026-04-13 21:47:00] [DEBUG] Current Time: 21:47
[2026-04-13 21:47:00] [DEBUG] Looking for meetings between 21:47 and 22:17
[2026-04-13 21:47:00] [DEBUG] Total scheduled meetings found: 54
[2026-04-13 21:47:00] [INFO] Meetings found for reminders: 0
[2026-04-13 21:47:00] [INFO] No reminders to send
[2026-04-13 21:47:00] [SUMMARY] ==================================================
Job: Send Reminders
Completed: 2026-04-13 21:47:00
Duration: 0s
reminders_sent: 0
reminders_failed: 0
==================================================
[2026-04-13 21:48:00] [INFO] Starting cron job: Send Meeting Reminders
[2026-04-13 21:48:00] [INFO] Connecting to MongoDB...
[2026-04-13 21:48:00] [DEBUG] Current Date: 2026-04-13
[2026-04-13 21:48:00] [DEBUG] Current Time: 21:48
[2026-04-13 21:48:00] [DEBUG] Looking for meetings between 21:48 and 22:18
[2026-04-13 21:48:00] [DEBUG] Total scheduled meetings found: 54
[2026-04-13 21:48:00] [INFO] Meetings found for reminders: 0
[2026-04-13 21:48:00] [INFO] No reminders to send
[2026-04-13 21:48:00] [SUMMARY] ==================================================
Job: Send Reminders
Completed: 2026-04-13 21:48:00
Duration: 0s
reminders_sent: 0
reminders_failed: 0
==================================================
[2026-04-13 21:49:00] [INFO] Starting cron job: Send Meeting Reminders
[2026-04-13 21:49:00] [INFO] Connecting to MongoDB...
[2026-04-13 21:49:00] [DEBUG] Current Date: 2026-04-13
[2026-04-13 21:49:00] [DEBUG] Current Time: 21:49
[2026-04-13 21:49:00] [DEBUG] Looking for meetings between 21:49 and 22:19
[2026-04-13 21:49:00] [DEBUG] Total scheduled meetings found: 54
[2026-04-13 21:49:00] [INFO] Meetings found for reminders: 0
[2026-04-13 21:49:00] [INFO] No reminders to send
[2026-04-13 21:49:00] [SUMMARY] ==================================================
Job: Send Reminders
Completed: 2026-04-13 21:49:00
Duration: 0s
reminders_sent: 0
reminders_failed: 0
==================================================
[2026-04-13 21:50:00] [INFO] Starting cron job: Send Meeting Reminders
[2026-04-13 21:50:00] [INFO] Connecting to MongoDB...
[2026-04-13 21:50:00] [DEBUG] Current Date: 2026-04-13
[2026-04-13 21:50:00] [DEBUG] Current Time: 21:50
[2026-04-13 21:50:00] [DEBUG] Looking for meetings between 21:50 and 22:20
[2026-04-13 21:50:00] [DEBUG] Total scheduled meetings found: 54
[2026-04-13 21:50:00] [INFO] Meetings found for reminders: 0
[2026-04-13 21:50:00] [INFO] No reminders to send
[2026-04-13 21:50:00] [SUMMARY] ==================================================
Job: Send Reminders
Completed: 2026-04-13 21:50:00
Duration: 0s
reminders_sent: 0
reminders_failed: 0
==================================================
[2026-04-13 21:51:00] [INFO] Starting cron job: Send Meeting Reminders
[2026-04-13 21:51:00] [INFO] Connecting to MongoDB...
[2026-04-13 21:51:00] [DEBUG] Current Date: 2026-04-13
[2026-04-13 21:51:00] [DEBUG] Current Time: 21:51
[2026-04-13 21:51:00] [DEBUG] Looking for meetings between 21:51 and 22:21
[2026-04-13 21:51:00] [DEBUG] Total scheduled meetings found: 55
[2026-04-13 21:51:00] [INFO] Meetings found for reminders: 0
[2026-04-13 21:51:00] [INFO] No reminders to send
[2026-04-13 21:51:00] [SUMMARY] ==================================================
Job: Send Reminders
Completed: 2026-04-13 21:51:00
Duration: 0s
reminders_sent: 0
reminders_failed: 0
==================================================
[2026-04-13 21:52:00] [INFO] Starting cron job: Send Meeting Reminders
[2026-04-13 21:52:00] [INFO] Connecting to MongoDB...
[2026-04-13 21:52:00] [DEBUG] Current Date: 2026-04-13
[2026-04-13 21:52:00] [DEBUG] Current Time: 21:52
[2026-04-13 21:52:00] [DEBUG] Looking for meetings between 21:52 and 22:22
[2026-04-13 21:52:00] [DEBUG] Total scheduled meetings found: 55
[2026-04-13 21:52:00] [INFO] Meetings found for reminders: 0
[2026-04-13 21:52:00] [INFO] No reminders to send
[2026-04-13 21:52:00] [SUMMARY] ==================================================
Job: Send Reminders
Completed: 2026-04-13 21:52:00
Duration: 0s
reminders_sent: 0
reminders_failed: 0
==================================================
[2026-04-13 21:53:00] [INFO] Starting cron job: Send Meeting Reminders
[2026-04-13 21:53:00] [INFO] Connecting to MongoDB...
[2026-04-13 21:53:00] [DEBUG] Current Date: 2026-04-13
[2026-04-13 21:53:00] [DEBUG] Current Time: 21:53
[2026-04-13 21:53:00] [DEBUG] Looking for meetings between 21:53 and 22:23
[2026-04-13 21:53:00] [DEBUG] Total scheduled meetings found: 55
[2026-04-13 21:53:00] [INFO] Meetings found for reminders: 0
[2026-04-13 21:53:00] [INFO] No reminders to send
[2026-04-13 21:53:00] [SUMMARY] ==================================================
Job: Send Reminders
Completed: 2026-04-13 21:53:00
Duration: 0s
reminders_sent: 0
reminders_failed: 0
==================================================
[2026-04-13 21:54:00] [INFO] Starting cron job: Send Meeting Reminders
[2026-04-13 21:54:00] [INFO] Connecting to MongoDB...
[2026-04-13 21:54:00] [DEBUG] Current Date: 2026-04-13
[2026-04-13 21:54:00] [DEBUG] Current Time: 21:54
[2026-04-13 21:54:00] [DEBUG] Looking for meetings between 21:54 and 22:24
[2026-04-13 21:54:00] [DEBUG] Total scheduled meetings found: 55
[2026-04-13 21:54:00] [INFO] Meetings found for reminders: 0
[2026-04-13 21:54:00] [INFO] No reminders to send
[2026-04-13 21:54:00] [SUMMARY] ==================================================
Job: Send Reminders
Completed: 2026-04-13 21:54:00
Duration: 0s
reminders_sent: 0
reminders_failed: 0
==================================================
[2026-04-13 21:55:00] [INFO] Starting cron job: Send Meeting Reminders
[2026-04-13 21:55:00] [INFO] Connecting to MongoDB...
[2026-04-13 21:55:00] [DEBUG] Current Date: 2026-04-13
[2026-04-13 21:55:00] [DEBUG] Current Time: 21:55
[2026-04-13 21:55:00] [DEBUG] Looking for meetings between 21:55 and 22:25
[2026-04-13 21:55:00] [DEBUG] Total scheduled meetings found: 55
[2026-04-13 21:55:00] [INFO] Meetings found for reminders: 0
[2026-04-13 21:55:00] [INFO] No reminders to send
[2026-04-13 21:55:00] [SUMMARY] ==================================================
Job: Send Reminders
Completed: 2026-04-13 21:55:00
Duration: 0s
reminders_sent: 0
reminders_failed: 0
==================================================
[2026-04-13 21:56:00] [INFO] Starting cron job: Send Meeting Reminders
[2026-04-13 21:56:00] [INFO] Connecting to MongoDB...
[2026-04-13 21:56:00] [DEBUG] Current Date: 2026-04-13
[2026-04-13 21:56:00] [DEBUG] Current Time: 21:56
[2026-04-13 21:56:00] [DEBUG] Looking for meetings between 21:56 and 22:26
[2026-04-13 21:56:00] [DEBUG] Total scheduled meetings found: 55
[2026-04-13 21:56:00] [INFO] Meetings found for reminders: 0
[2026-04-13 21:56:00] [INFO] No reminders to send
[2026-04-13 21:56:00] [SUMMARY] ==================================================
Job: Send Reminders
Completed: 2026-04-13 21:56:00
Duration: 0s
reminders_sent: 0
reminders_failed: 0
==================================================
[2026-04-13 21:57:00] [INFO] Starting cron job: Send Meeting Reminders
[2026-04-13 21:57:00] [INFO] Connecting to MongoDB...
[2026-04-13 21:57:00] [DEBUG] Current Date: 2026-04-13
[2026-04-13 21:57:00] [DEBUG] Current Time: 21:57
[2026-04-13 21:57:00] [DEBUG] Looking for meetings between 21:57 and 22:27
[2026-04-13 21:57:00] [DEBUG] Total scheduled meetings found: 55
[2026-04-13 21:57:00] [INFO] Meetings found for reminders: 0
[2026-04-13 21:57:00] [INFO] No reminders to send
[2026-04-13 21:57:00] [SUMMARY] ==================================================
Job: Send Reminders
Completed: 2026-04-13 21:57:00
Duration: 0s
reminders_sent: 0
reminders_failed: 0
==================================================
[2026-04-13 21:58:00] [INFO] Starting cron job: Send Meeting Reminders
[2026-04-13 21:58:00] [INFO] Connecting to MongoDB...
[2026-04-13 21:58:00] [DEBUG] Current Date: 2026-04-13
[2026-04-13 21:58:00] [DEBUG] Current Time: 21:58
[2026-04-13 21:58:00] [DEBUG] Looking for meetings between 21:58 and 22:28
[2026-04-13 21:58:00] [DEBUG] Total scheduled meetings found: 55
[2026-04-13 21:58:00] [INFO] Meetings found for reminders: 0
[2026-04-13 21:58:00] [INFO] No reminders to send
[2026-04-13 21:58:00] [SUMMARY] ==================================================
Job: Send Reminders
Completed: 2026-04-13 21:58:00
Duration: 0s
reminders_sent: 0
reminders_failed: 0
==================================================
[2026-04-13 21:59:00] [INFO] Starting cron job: Send Meeting Reminders
[2026-04-13 21:59:00] [INFO] Connecting to MongoDB...
[2026-04-13 21:59:00] [DEBUG] Current Date: 2026-04-13
[2026-04-13 21:59:00] [DEBUG] Current Time: 21:59
[2026-04-13 21:59:00] [DEBUG] Looking for meetings between 21:59 and 22:29
[2026-04-13 21:59:00] [DEBUG] Total scheduled meetings found: 55
[2026-04-13 21:59:00] [INFO] Meetings found for reminders: 1
[2026-04-13 21:59:00] [INFO] Processing meeting: sadad
[2026-04-13 21:59:00] [DEBUG] Sending reminder to host: svaishnani801@rku.ac.in
[2026-04-13 21:59:04] [SUCCESS] Reminder email sent to host
[2026-04-13 21:59:07] [SUCCESS] Reminder emails sent to 1 attendee(s)
[2026-04-13 21:59:07] [DEBUG] Marked as sent in database
[2026-04-13 21:59:07] [SUMMARY] ==================================================
Job: Send Reminders
Completed: 2026-04-13 21:59:07
Duration: 7.13s
reminders_sent: 1
reminders_failed: 0
total_meetings_processed: 1
==================================================
[2026-04-13 22:00:00] [INFO] Starting cron job: Send Meeting Reminders
[2026-04-13 22:00:00] [INFO] Connecting to MongoDB...
[2026-04-13 22:00:00] [DEBUG] Current Date: 2026-04-13
[2026-04-13 22:00:00] [DEBUG] Current Time: 22:00
[2026-04-13 22:00:00] [DEBUG] Looking for meetings between 22:00 and 22:30
[2026-04-13 22:00:00] [DEBUG] Total scheduled meetings found: 54
[2026-04-13 22:00:00] [INFO] Meetings found for reminders: 0
[2026-04-13 22:00:00] [INFO] No reminders to send
[2026-04-13 22:00:00] [SUMMARY] ==================================================
Job: Send Reminders
Completed: 2026-04-13 22:00:00
Duration: 0s
reminders_sent: 0
reminders_failed: 0
==================================================
[2026-04-13 22:01:00] [INFO] Starting cron job: Send Meeting Reminders
[2026-04-13 22:01:00] [INFO] Connecting to MongoDB...
[2026-04-13 22:01:00] [DEBUG] Current Date: 2026-04-13
[2026-04-13 22:01:00] [DEBUG] Current Time: 22:01
[2026-04-13 22:01:00] [DEBUG] Looking for meetings between 22:01 and 22:31
[2026-04-13 22:01:00] [DEBUG] Total scheduled meetings found: 54
[2026-04-13 22:01:00] [INFO] Meetings found for reminders: 0
[2026-04-13 22:01:00] [INFO] No reminders to send
[2026-04-13 22:01:00] [SUMMARY] ==================================================
Job: Send Reminders
Completed: 2026-04-13 22:01:00
Duration: 0s
reminders_sent: 0
reminders_failed: 0
==================================================
[2026-04-13 22:02:00] [INFO] Starting cron job: Send Meeting Reminders
[2026-04-13 22:02:00] [INFO] Connecting to MongoDB...
[2026-04-13 22:02:00] [DEBUG] Current Date: 2026-04-13
[2026-04-13 22:02:00] [DEBUG] Current Time: 22:02
[2026-04-13 22:02:00] [DEBUG] Looking for meetings between 22:02 and 22:32
[2026-04-13 22:02:00] [DEBUG] Total scheduled meetings found: 54
[2026-04-13 22:02:00] [INFO] Meetings found for reminders: 0
[2026-04-13 22:02:00] [INFO] No reminders to send
[2026-04-13 22:02:00] [SUMMARY] ==================================================
Job: Send Reminders
Completed: 2026-04-13 22:02:00
Duration: 0s
reminders_sent: 0
reminders_failed: 0
==================================================
[2026-04-13 22:03:00] [INFO] Starting cron job: Send Meeting Reminders
[2026-04-13 22:03:00] [INFO] Connecting to MongoDB...
[2026-04-13 22:03:00] [DEBUG] Current Date: 2026-04-13
[2026-04-13 22:03:00] [DEBUG] Current Time: 22:03
[2026-04-13 22:03:00] [DEBUG] Looking for meetings between 22:03 and 22:33
[2026-04-13 22:03:00] [DEBUG] Total scheduled meetings found: 54
[2026-04-13 22:03:00] [INFO] Meetings found for reminders: 0
[2026-04-13 22:03:00] [INFO] No reminders to send
[2026-04-13 22:03:00] [SUMMARY] ==================================================
Job: Send Reminders
Completed: 2026-04-13 22:03:00
Duration: 0s
reminders_sent: 0
reminders_failed: 0
==================================================
[2026-04-13 22:04:00] [INFO] Starting cron job: Send Meeting Reminders
[2026-04-13 22:04:00] [INFO] Connecting to MongoDB...
[2026-04-13 22:04:00] [DEBUG] Current Date: 2026-04-13
[2026-04-13 22:04:00] [DEBUG] Current Time: 22:04
[2026-04-13 22:04:00] [DEBUG] Looking for meetings between 22:04 and 22:34
[2026-04-13 22:04:00] [DEBUG] Total scheduled meetings found: 54
[2026-04-13 22:04:00] [INFO] Meetings found for reminders: 0
[2026-04-13 22:04:00] [INFO] No reminders to send
[2026-04-13 22:04:00] [SUMMARY] ==================================================
Job: Send Reminders
Completed: 2026-04-13 22:04:00
Duration: 0s
reminders_sent: 0
reminders_failed: 0
==================================================
[2026-04-13 22:05:00] [INFO] Starting cron job: Send Meeting Reminders
[2026-04-13 22:05:00] [INFO] Connecting to MongoDB...
[2026-04-13 22:05:00] [DEBUG] Current Date: 2026-04-13
[2026-04-13 22:05:00] [DEBUG] Current Time: 22:05
[2026-04-13 22:05:00] [DEBUG] Looking for meetings between 22:05 and 22:35
[2026-04-13 22:05:00] [DEBUG] Total scheduled meetings found: 54
[2026-04-13 22:05:00] [INFO] Meetings found for reminders: 0
[2026-04-13 22:05:00] [INFO] No reminders to send
[2026-04-13 22:05:00] [SUMMARY] ==================================================
Job: Send Reminders
Completed: 2026-04-13 22:05:00
Duration: 0s
reminders_sent: 0
reminders_failed: 0
==================================================
[2026-04-13 22:06:00] [INFO] Starting cron job: Send Meeting Reminders
[2026-04-13 22:06:00] [INFO] Connecting to MongoDB...
[2026-04-13 22:06:00] [DEBUG] Current Date: 2026-04-13
[2026-04-13 22:06:00] [DEBUG] Current Time: 22:06
[2026-04-13 22:06:00] [DEBUG] Looking for meetings between 22:06 and 22:36
[2026-04-13 22:06:00] [DEBUG] Total scheduled meetings found: 54
[2026-04-13 22:06:00] [INFO] Meetings found for reminders: 0
[2026-04-13 22:06:00] [INFO] No reminders to send
[2026-04-13 22:06:00] [SUMMARY] ==================================================
Job: Send Reminders
Completed: 2026-04-13 22:06:00
Duration: 0s
reminders_sent: 0
reminders_failed: 0
==================================================
[2026-04-13 22:07:00] [INFO] Starting cron job: Send Meeting Reminders
[2026-04-13 22:07:00] [INFO] Connecting to MongoDB...
[2026-04-13 22:07:00] [DEBUG] Current Date: 2026-04-13
[2026-04-13 22:07:00] [DEBUG] Current Time: 22:07
[2026-04-13 22:07:00] [DEBUG] Looking for meetings between 22:07 and 22:37
[2026-04-13 22:07:00] [DEBUG] Total scheduled meetings found: 54
[2026-04-13 22:07:00] [INFO] Meetings found for reminders: 0
[2026-04-13 22:07:00] [INFO] No reminders to send
[2026-04-13 22:07:00] [SUMMARY] ==================================================
Job: Send Reminders
Completed: 2026-04-13 22:07:00
Duration: 0s
reminders_sent: 0
reminders_failed: 0
==================================================
[2026-04-13 22:08:00] [INFO] Starting cron job: Send Meeting Reminders
[2026-04-13 22:08:00] [INFO] Connecting to MongoDB...
[2026-04-13 22:08:00] [DEBUG] Current Date: 2026-04-13
[2026-04-13 22:08:00] [DEBUG] Current Time: 22:08
[2026-04-13 22:08:00] [DEBUG] Looking for meetings between 22:08 and 22:38
[2026-04-13 22:08:00] [DEBUG] Total scheduled meetings found: 54
[2026-04-13 22:08:00] [INFO] Meetings found for reminders: 0
[2026-04-13 22:08:00] [INFO] No reminders to send
[2026-04-13 22:08:00] [SUMMARY] ==================================================
Job: Send Reminders
Completed: 2026-04-13 22:08:00
Duration: 0s
reminders_sent: 0
reminders_failed: 0
==================================================
[2026-04-13 22:09:00] [INFO] Starting cron job: Send Meeting Reminders
[2026-04-13 22:09:00] [INFO] Connecting to MongoDB...
[2026-04-13 22:09:00] [DEBUG] Current Date: 2026-04-13
[2026-04-13 22:09:00] [DEBUG] Current Time: 22:09
[2026-04-13 22:09:00] [DEBUG] Looking for meetings between 22:09 and 22:39
[2026-04-13 22:09:00] [DEBUG] Total scheduled meetings found: 54
[2026-04-13 22:09:00] [INFO] Meetings found for reminders: 0
[2026-04-13 22:09:00] [INFO] No reminders to send
[2026-04-13 22:09:00] [SUMMARY] ==================================================
Job: Send Reminders
Completed: 2026-04-13 22:09:00
Duration: 0.27s
reminders_sent: 0
reminders_failed: 0
==================================================
[2026-04-13 22:10:00] [INFO] Starting cron job: Send Meeting Reminders
[2026-04-13 22:10:00] [INFO] Connecting to MongoDB...
[2026-04-13 22:10:00] [DEBUG] Current Date: 2026-04-13
[2026-04-13 22:10:00] [DEBUG] Current Time: 22:10
[2026-04-13 22:10:00] [DEBUG] Looking for meetings between 22:10 and 22:40
[2026-04-13 22:10:00] [DEBUG] Total scheduled meetings found: 54
[2026-04-13 22:10:00] [INFO] Meetings found for reminders: 0
[2026-04-13 22:10:00] [INFO] No reminders to send
[2026-04-13 22:10:00] [SUMMARY] ==================================================
Job: Send Reminders
Completed: 2026-04-13 22:10:00
Duration: 0s
reminders_sent: 0
reminders_failed: 0
==================================================
[2026-04-13 22:11:00] [INFO] Starting cron job: Send Meeting Reminders
[2026-04-13 22:11:00] [INFO] Connecting to MongoDB...
[2026-04-13 22:11:00] [DEBUG] Current Date: 2026-04-13
[2026-04-13 22:11:00] [DEBUG] Current Time: 22:11
[2026-04-13 22:11:00] [DEBUG] Looking for meetings between 22:11 and 22:41
[2026-04-13 22:11:00] [DEBUG] Total scheduled meetings found: 54
[2026-04-13 22:11:00] [INFO] Meetings found for reminders: 0
[2026-04-13 22:11:00] [INFO] No reminders to send
[2026-04-13 22:11:00] [SUMMARY] ==================================================
Job: Send Reminders
Completed: 2026-04-13 22:11:00
Duration: 0s
reminders_sent: 0
reminders_failed: 0
==================================================
[2026-04-13 22:12:00] [INFO] Starting cron job: Send Meeting Reminders
[2026-04-13 22:12:00] [INFO] Connecting to MongoDB...
[2026-04-13 22:12:00] [DEBUG] Current Date: 2026-04-13
[2026-04-13 22:12:00] [DEBUG] Current Time: 22:12
[2026-04-13 22:12:00] [DEBUG] Looking for meetings between 22:12 and 22:42
[2026-04-13 22:12:00] [DEBUG] Total scheduled meetings found: 54
[2026-04-13 22:12:00] [INFO] Meetings found for reminders: 0
[2026-04-13 22:12:00] [INFO] No reminders to send
[2026-04-13 22:12:00] [SUMMARY] ==================================================
Job: Send Reminders
Completed: 2026-04-13 22:12:00
Duration: 0s
reminders_sent: 0
reminders_failed: 0
==================================================
[2026-04-13 22:13:00] [INFO] Starting cron job: Send Meeting Reminders
[2026-04-13 22:13:00] [INFO] Connecting to MongoDB...
[2026-04-13 22:13:00] [DEBUG] Current Date: 2026-04-13
[2026-04-13 22:13:00] [DEBUG] Current Time: 22:13
[2026-04-13 22:13:00] [DEBUG] Looking for meetings between 22:13 and 22:43
[2026-04-13 22:13:00] [DEBUG] Total scheduled meetings found: 54
[2026-04-13 22:13:00] [INFO] Meetings found for reminders: 0
[2026-04-13 22:13:00] [INFO] No reminders to send
[2026-04-13 22:13:00] [SUMMARY] ==================================================
Job: Send Reminders
Completed: 2026-04-13 22:13:00
Duration: 0s
reminders_sent: 0
reminders_failed: 0
==================================================
[2026-04-13 22:14:00] [INFO] Starting cron job: Send Meeting Reminders
[2026-04-13 22:14:00] [INFO] Connecting to MongoDB...
[2026-04-13 22:14:00] [DEBUG] Current Date: 2026-04-13
[2026-04-13 22:14:00] [DEBUG] Current Time: 22:14
[2026-04-13 22:14:00] [DEBUG] Looking for meetings between 22:14 and 22:44
[2026-04-13 22:14:00] [DEBUG] Total scheduled meetings found: 54
[2026-04-13 22:14:00] [INFO] Meetings found for reminders: 0
[2026-04-13 22:14:00] [INFO] No reminders to send
[2026-04-13 22:14:00] [SUMMARY] ==================================================
Job: Send Reminders
Completed: 2026-04-13 22:14:00
Duration: 0s
reminders_sent: 0
reminders_failed: 0
==================================================
[2026-04-13 22:15:00] [INFO] Starting cron job: Send Meeting Reminders
[2026-04-13 22:15:00] [INFO] Connecting to MongoDB...
[2026-04-13 22:15:00] [DEBUG] Current Date: 2026-04-13
[2026-04-13 22:15:00] [DEBUG] Current Time: 22:15
[2026-04-13 22:15:00] [DEBUG] Looking for meetings between 22:15 and 22:45
[2026-04-13 22:15:00] [DEBUG] Total scheduled meetings found: 54
[2026-04-13 22:15:00] [INFO] Meetings found for reminders: 0
[2026-04-13 22:15:00] [INFO] No reminders to send
[2026-04-13 22:15:00] [SUMMARY] ==================================================
Job: Send Reminders
Completed: 2026-04-13 22:15:00
Duration: 0s
reminders_sent: 0
reminders_failed: 0
==================================================
[2026-04-13 22:16:00] [INFO] Starting cron job: Send Meeting Reminders
[2026-04-13 22:16:00] [INFO] Connecting to MongoDB...
[2026-04-13 22:16:00] [DEBUG] Current Date: 2026-04-13
[2026-04-13 22:16:00] [DEBUG] Current Time: 22:16
[2026-04-13 22:16:00] [DEBUG] Looking for meetings between 22:16 and 22:46
[2026-04-13 22:16:00] [DEBUG] Total scheduled meetings found: 54
[2026-04-13 22:16:00] [INFO] Meetings found for reminders: 0
[2026-04-13 22:16:00] [INFO] No reminders to send
[2026-04-13 22:16:00] [SUMMARY] ==================================================
Job: Send Reminders
Completed: 2026-04-13 22:16:00
Duration: 0s
reminders_sent: 0
reminders_failed: 0
==================================================
[2026-04-13 22:17:00] [INFO] Starting cron job: Send Meeting Reminders
[2026-04-13 22:17:00] [INFO] Connecting to MongoDB...
[2026-04-13 22:17:00] [DEBUG] Current Date: 2026-04-13
[2026-04-13 22:17:00] [DEBUG] Current Time: 22:17
[2026-04-13 22:17:00] [DEBUG] Looking for meetings between 22:17 and 22:47
[2026-04-13 22:17:00] [DEBUG] Total scheduled meetings found: 54
[2026-04-13 22:17:00] [INFO] Meetings found for reminders: 0
[2026-04-13 22:17:00] [INFO] No reminders to send
[2026-04-13 22:17:00] [SUMMARY] ==================================================
Job: Send Reminders
Completed: 2026-04-13 22:17:00
Duration: 0s
reminders_sent: 0
reminders_failed: 0
==================================================
[2026-04-13 22:18:00] [INFO] Starting cron job: Send Meeting Reminders
[2026-04-13 22:18:00] [INFO] Connecting to MongoDB...
[2026-04-13 22:18:00] [DEBUG] Current Date: 2026-04-13
[2026-04-13 22:18:00] [DEBUG] Current Time: 22:18
[2026-04-13 22:18:00] [DEBUG] Looking for meetings between 22:18 and 22:48
[2026-04-13 22:18:00] [DEBUG] Total scheduled meetings found: 54
[2026-04-13 22:18:00] [INFO] Meetings found for reminders: 0
[2026-04-13 22:18:00] [INFO] No reminders to send
[2026-04-13 22:18:00] [SUMMARY] ==================================================
Job: Send Reminders
Completed: 2026-04-13 22:18:00
Duration: 0s
reminders_sent: 0
reminders_failed: 0
==================================================
[2026-04-13 22:19:00] [INFO] Starting cron job: Send Meeting Reminders
[2026-04-13 22:19:00] [INFO] Connecting to MongoDB...
[2026-04-13 22:19:00] [DEBUG] Current Date: 2026-04-13
[2026-04-13 22:19:00] [DEBUG] Current Time: 22:19
[2026-04-13 22:19:00] [DEBUG] Looking for meetings between 22:19 and 22:49
[2026-04-13 22:19:00] [DEBUG] Total scheduled meetings found: 54
[2026-04-13 22:19:00] [INFO] Meetings found for reminders: 0
[2026-04-13 22:19:00] [INFO] No reminders to send
[2026-04-13 22:19:00] [SUMMARY] ==================================================
Job: Send Reminders
Completed: 2026-04-13 22:19:00
Duration: 0s
reminders_sent: 0
reminders_failed: 0
==================================================
[2026-04-13 22:20:00] [INFO] Starting cron job: Send Meeting Reminders
[2026-04-13 22:20:00] [INFO] Connecting to MongoDB...
[2026-04-13 22:20:00] [DEBUG] Current Date: 2026-04-13
[2026-04-13 22:20:00] [DEBUG] Current Time: 22:20
[2026-04-13 22:20:00] [DEBUG] Looking for meetings between 22:20 and 22:50
[2026-04-13 22:20:00] [DEBUG] Total scheduled meetings found: 54
[2026-04-13 22:20:00] [INFO] Meetings found for reminders: 0
[2026-04-13 22:20:00] [INFO] No reminders to send
[2026-04-13 22:20:00] [SUMMARY] ==================================================
Job: Send Reminders
Completed: 2026-04-13 22:20:00
Duration: 0s
reminders_sent: 0
reminders_failed: 0
==================================================
[2026-04-13 22:21:00] [INFO] Starting cron job: Send Meeting Reminders
[2026-04-13 22:21:00] [INFO] Connecting to MongoDB...
[2026-04-13 22:21:00] [DEBUG] Current Date: 2026-04-13
[2026-04-13 22:21:00] [DEBUG] Current Time: 22:21
[2026-04-13 22:21:00] [DEBUG] Looking for meetings between 22:21 and 22:51
[2026-04-13 22:21:00] [DEBUG] Total scheduled meetings found: 54
[2026-04-13 22:21:00] [INFO] Meetings found for reminders: 0
[2026-04-13 22:21:00] [INFO] No reminders to send
[2026-04-13 22:21:00] [SUMMARY] ==================================================
Job: Send Reminders
Completed: 2026-04-13 22:21:00
Duration: 0s
reminders_sent: 0
reminders_failed: 0
==================================================
[2026-04-13 22:22:00] [INFO] Starting cron job: Send Meeting Reminders
[2026-04-13 22:22:00] [INFO] Connecting to MongoDB...
[2026-04-13 22:22:00] [DEBUG] Current Date: 2026-04-13
[2026-04-13 22:22:00] [DEBUG] Current Time: 22:22
[2026-04-13 22:22:00] [DEBUG] Looking for meetings between 22:22 and 22:52
[2026-04-13 22:22:00] [DEBUG] Total scheduled meetings found: 54
[2026-04-13 22:22:00] [INFO] Meetings found for reminders: 0
[2026-04-13 22:22:00] [INFO] No reminders to send
[2026-04-13 22:22:00] [SUMMARY] ==================================================
Job: Send Reminders
Completed: 2026-04-13 22:22:00
Duration: 0s
reminders_sent: 0
reminders_failed: 0
==================================================
[2026-04-13 22:23:00] [INFO] Starting cron job: Send Meeting Reminders
[2026-04-13 22:23:00] [INFO] Connecting to MongoDB...
[2026-04-13 22:23:00] [DEBUG] Current Date: 2026-04-13
[2026-04-13 22:23:00] [DEBUG] Current Time: 22:23
[2026-04-13 22:23:00] [DEBUG] Looking for meetings between 22:23 and 22:53
[2026-04-13 22:23:00] [DEBUG] Total scheduled meetings found: 54
[2026-04-13 22:23:00] [INFO] Meetings found for reminders: 0
[2026-04-13 22:23:00] [INFO] No reminders to send
[2026-04-13 22:23:00] [SUMMARY] ==================================================
Job: Send Reminders
Completed: 2026-04-13 22:23:00
Duration: 0.01s
reminders_sent: 0
reminders_failed: 0
==================================================
[2026-04-13 22:24:01] [INFO] Starting cron job: Send Meeting Reminders
[2026-04-13 22:24:01] [INFO] Connecting to MongoDB...
[2026-04-13 22:24:01] [DEBUG] Current Date: 2026-04-13
[2026-04-13 22:24:01] [DEBUG] Current Time: 22:24
[2026-04-13 22:24:01] [DEBUG] Looking for meetings between 22:24 and 22:54
[2026-04-13 22:24:01] [DEBUG] Total scheduled meetings found: 54
[2026-04-13 22:24:01] [INFO] Meetings found for reminders: 0
[2026-04-13 22:24:01] [INFO] No reminders to send
[2026-04-13 22:24:01] [SUMMARY] ==================================================
Job: Send Reminders
Completed: 2026-04-13 22:24:01
Duration: 0.01s
reminders_sent: 0
reminders_failed: 0
==================================================
[2026-04-13 22:25:00] [INFO] Starting cron job: Send Meeting Reminders
[2026-04-13 22:25:00] [INFO] Connecting to MongoDB...
[2026-04-13 22:25:00] [DEBUG] Current Date: 2026-04-13
[2026-04-13 22:25:00] [DEBUG] Current Time: 22:25
[2026-04-13 22:25:00] [DEBUG] Looking for meetings between 22:25 and 22:55
[2026-04-13 22:25:00] [DEBUG] Total scheduled meetings found: 54
[2026-04-13 22:25:00] [INFO] Meetings found for reminders: 0
[2026-04-13 22:25:00] [INFO] No reminders to send
[2026-04-13 22:25:00] [SUMMARY] ==================================================
Job: Send Reminders
Completed: 2026-04-13 22:25:00
Duration: 0s
reminders_sent: 0
reminders_failed: 0
==================================================
[2026-04-13 22:26:00] [INFO] Starting cron job: Send Meeting Reminders
[2026-04-13 22:26:00] [INFO] Connecting to MongoDB...
[2026-04-13 22:26:00] [DEBUG] Current Date: 2026-04-13
[2026-04-13 22:26:00] [DEBUG] Current Time: 22:26
[2026-04-13 22:26:00] [DEBUG] Looking for meetings between 22:26 and 22:56
[2026-04-13 22:26:00] [DEBUG] Total scheduled meetings found: 54
[2026-04-13 22:26:00] [INFO] Meetings found for reminders: 0
[2026-04-13 22:26:00] [INFO] No reminders to send
[2026-04-13 22:26:00] [SUMMARY] ==================================================
Job: Send Reminders
Completed: 2026-04-13 22:26:00
Duration: 0s
reminders_sent: 0
reminders_failed: 0
==================================================
[2026-04-13 22:27:00] [INFO] Starting cron job: Send Meeting Reminders
[2026-04-13 22:27:00] [INFO] Connecting to MongoDB...
[2026-04-13 22:27:00] [DEBUG] Current Date: 2026-04-13
[2026-04-13 22:27:00] [DEBUG] Current Time: 22:27
[2026-04-13 22:27:00] [DEBUG] Looking for meetings between 22:27 and 22:57
[2026-04-13 22:27:00] [DEBUG] Total scheduled meetings found: 54
[2026-04-13 22:27:00] [INFO] Meetings found for reminders: 0
[2026-04-13 22:27:00] [INFO] No reminders to send
[2026-04-13 22:27:00] [SUMMARY] ==================================================
Job: Send Reminders
Completed: 2026-04-13 22:27:00
Duration: 0s
reminders_sent: 0
reminders_failed: 0
==================================================
[2026-04-13 22:28:01] [INFO] Starting cron job: Send Meeting Reminders
[2026-04-13 22:28:01] [INFO] Connecting to MongoDB...
[2026-04-13 22:28:01] [DEBUG] Current Date: 2026-04-13
[2026-04-13 22:28:01] [DEBUG] Current Time: 22:28
[2026-04-13 22:28:01] [DEBUG] Looking for meetings between 22:28 and 22:58
[2026-04-13 22:28:01] [DEBUG] Total scheduled meetings found: 54
[2026-04-13 22:28:01] [INFO] Meetings found for reminders: 0
[2026-04-13 22:28:01] [INFO] No reminders to send
[2026-04-13 22:28:01] [SUMMARY] ==================================================
Job: Send Reminders
Completed: 2026-04-13 22:28:01
Duration: 0.01s
reminders_sent: 0
reminders_failed: 0
==================================================
[2026-04-13 22:29:00] [INFO] Starting cron job: Send Meeting Reminders
[2026-04-13 22:29:00] [INFO] Connecting to MongoDB...
[2026-04-13 22:29:00] [DEBUG] Current Date: 2026-04-13
[2026-04-13 22:29:00] [DEBUG] Current Time: 22:29
[2026-04-13 22:29:00] [DEBUG] Looking for meetings between 22:29 and 22:59
[2026-04-13 22:29:00] [DEBUG] Total scheduled meetings found: 54
[2026-04-13 22:29:00] [INFO] Meetings found for reminders: 0
[2026-04-13 22:29:00] [INFO] No reminders to send
[2026-04-13 22:29:00] [SUMMARY] ==================================================
Job: Send Reminders
Completed: 2026-04-13 22:29:00
Duration: 0.01s
reminders_sent: 0
reminders_failed: 0
==================================================
[2026-04-13 22:30:00] [INFO] Starting cron job: Send Meeting Reminders
[2026-04-13 22:30:00] [INFO] Connecting to MongoDB...
[2026-04-13 22:30:00] [DEBUG] Current Date: 2026-04-13
[2026-04-13 22:30:00] [DEBUG] Current Time: 22:30
[2026-04-13 22:30:01] [DEBUG] Looking for meetings between 22:30 and 23:00
[2026-04-13 22:30:01] [DEBUG] Total scheduled meetings found: 54
[2026-04-13 22:30:01] [INFO] Meetings found for reminders: 0
[2026-04-13 22:30:01] [INFO] No reminders to send
[2026-04-13 22:30:01] [SUMMARY] ==================================================
Job: Send Reminders
Completed: 2026-04-13 22:30:01
Duration: 0s
reminders_sent: 0
reminders_failed: 0
==================================================
[2026-04-13 22:31:00] [INFO] Starting cron job: Send Meeting Reminders
[2026-04-13 22:31:00] [INFO] Connecting to MongoDB...
[2026-04-13 22:31:00] [DEBUG] Current Date: 2026-04-13
[2026-04-13 22:31:00] [DEBUG] Current Time: 22:31
[2026-04-13 22:31:00] [DEBUG] Looking for meetings between 22:31 and 23:01
[2026-04-13 22:31:00] [DEBUG] Total scheduled meetings found: 54
[2026-04-13 22:31:00] [INFO] Meetings found for reminders: 0
[2026-04-13 22:31:00] [INFO] No reminders to send
[2026-04-13 22:31:00] [SUMMARY] ==================================================
Job: Send Reminders
Completed: 2026-04-13 22:31:00
Duration: 0s
reminders_sent: 0
reminders_failed: 0
==================================================
[2026-04-13 22:32:01] [INFO] Starting cron job: Send Meeting Reminders
[2026-04-13 22:32:01] [INFO] Connecting to MongoDB...
[2026-04-13 22:32:01] [DEBUG] Current Date: 2026-04-13
[2026-04-13 22:32:01] [DEBUG] Current Time: 22:32
[2026-04-13 22:32:01] [DEBUG] Looking for meetings between 22:32 and 23:02
[2026-04-13 22:32:01] [DEBUG] Total scheduled meetings found: 54
[2026-04-13 22:32:01] [INFO] Meetings found for reminders: 0
[2026-04-13 22:32:01] [INFO] No reminders to send
[2026-04-13 22:32:01] [SUMMARY] ==================================================
Job: Send Reminders
Completed: 2026-04-13 22:32:01
Duration: 0.01s
reminders_sent: 0
reminders_failed: 0
==================================================
[2026-04-13 22:33:00] [INFO] Starting cron job: Send Meeting Reminders
[2026-04-13 22:33:00] [INFO] Connecting to MongoDB...
[2026-04-13 22:33:00] [DEBUG] Current Date: 2026-04-13
[2026-04-13 22:33:00] [DEBUG] Current Time: 22:33
[2026-04-13 22:33:00] [DEBUG] Looking for meetings between 22:33 and 23:03
[2026-04-13 22:33:00] [DEBUG] Total scheduled meetings found: 54
[2026-04-13 22:33:00] [INFO] Meetings found for reminders: 0
[2026-04-13 22:33:00] [INFO] No reminders to send
[2026-04-13 22:33:00] [SUMMARY] ==================================================
Job: Send Reminders
Completed: 2026-04-13 22:33:00
Duration: 0s
reminders_sent: 0
reminders_failed: 0
==================================================
[2026-04-13 22:34:00] [INFO] Starting cron job: Send Meeting Reminders
[2026-04-13 22:34:00] [INFO] Connecting to MongoDB...
[2026-04-13 22:34:00] [DEBUG] Current Date: 2026-04-13
[2026-04-13 22:34:00] [DEBUG] Current Time: 22:34
[2026-04-13 22:34:00] [DEBUG] Looking for meetings between 22:34 and 23:04
[2026-04-13 22:34:00] [DEBUG] Total scheduled meetings found: 54
[2026-04-13 22:34:00] [INFO] Meetings found for reminders: 0
[2026-04-13 22:34:00] [INFO] No reminders to send
[2026-04-13 22:34:00] [SUMMARY] ==================================================
Job: Send Reminders
Completed: 2026-04-13 22:34:00
Duration: 0s
reminders_sent: 0
reminders_failed: 0
==================================================
[2026-04-13 22:35:00] [INFO] Starting cron job: Send Meeting Reminders
[2026-04-13 22:35:00] [INFO] Connecting to MongoDB...
[2026-04-13 22:35:00] [DEBUG] Current Date: 2026-04-13
[2026-04-13 22:35:00] [DEBUG] Current Time: 22:35
[2026-04-13 22:35:00] [DEBUG] Looking for meetings between 22:35 and 23:05
[2026-04-13 22:35:00] [DEBUG] Total scheduled meetings found: 54
[2026-04-13 22:35:00] [INFO] Meetings found for reminders: 0
[2026-04-13 22:35:00] [INFO] No reminders to send
[2026-04-13 22:35:00] [SUMMARY] ==================================================
Job: Send Reminders
Completed: 2026-04-13 22:35:00
Duration: 0s
reminders_sent: 0
reminders_failed: 0
==================================================
[2026-04-13 22:36:00] [INFO] Starting cron job: Send Meeting Reminders
[2026-04-13 22:36:00] [INFO] Connecting to MongoDB...
[2026-04-13 22:36:00] [DEBUG] Current Date: 2026-04-13
[2026-04-13 22:36:00] [DEBUG] Current Time: 22:36
[2026-04-13 22:36:00] [DEBUG] Looking for meetings between 22:36 and 23:06
[2026-04-13 22:36:00] [DEBUG] Total scheduled meetings found: 54
[2026-04-13 22:36:00] [INFO] Meetings found for reminders: 0
[2026-04-13 22:36:00] [INFO] No reminders to send
[2026-04-13 22:36:00] [SUMMARY] ==================================================
Job: Send Reminders
Completed: 2026-04-13 22:36:00
Duration: 0s
reminders_sent: 0
reminders_failed: 0
==================================================
[2026-04-13 22:37:00] [INFO] Starting cron job: Send Meeting Reminders
[2026-04-13 22:37:00] [INFO] Connecting to MongoDB...
[2026-04-13 22:37:00] [DEBUG] Current Date: 2026-04-13
[2026-04-13 22:37:00] [DEBUG] Current Time: 22:37
[2026-04-13 22:37:00] [DEBUG] Looking for meetings between 22:37 and 23:07
[2026-04-13 22:37:00] [DEBUG] Total scheduled meetings found: 54
[2026-04-13 22:37:00] [INFO] Meetings found for reminders: 0
[2026-04-13 22:37:00] [INFO] No reminders to send
[2026-04-13 22:37:00] [SUMMARY] ==================================================
Job: Send Reminders
Completed: 2026-04-13 22:37:00
Duration: 0.01s
reminders_sent: 0
reminders_failed: 0
==================================================
[2026-04-13 22:38:00] [INFO] Starting cron job: Send Meeting Reminders
[2026-04-13 22:38:00] [INFO] Connecting to MongoDB...
[2026-04-13 22:38:00] [DEBUG] Current Date: 2026-04-13
[2026-04-13 22:38:00] [DEBUG] Current Time: 22:38
[2026-04-13 22:38:00] [DEBUG] Looking for meetings between 22:38 and 23:08
[2026-04-13 22:38:00] [DEBUG] Total scheduled meetings found: 54
[2026-04-13 22:38:00] [INFO] Meetings found for reminders: 0
[2026-04-13 22:38:00] [INFO] No reminders to send
[2026-04-13 22:38:00] [SUMMARY] ==================================================
Job: Send Reminders
Completed: 2026-04-13 22:38:00
Duration: 0s
reminders_sent: 0
reminders_failed: 0
==================================================
[2026-04-13 22:39:00] [INFO] Starting cron job: Send Meeting Reminders
[2026-04-13 22:39:00] [INFO] Connecting to MongoDB...
[2026-04-13 22:39:00] [DEBUG] Current Date: 2026-04-13
[2026-04-13 22:39:00] [DEBUG] Current Time: 22:39
[2026-04-13 22:39:00] [DEBUG] Looking for meetings between 22:39 and 23:09
[2026-04-13 22:39:00] [DEBUG] Total scheduled meetings found: 54
[2026-04-13 22:39:00] [INFO] Meetings found for reminders: 0
[2026-04-13 22:39:00] [INFO] No reminders to send
[2026-04-13 22:39:00] [SUMMARY] ==================================================
Job: Send Reminders
Completed: 2026-04-13 22:39:00
Duration: 0s
reminders_sent: 0
reminders_failed: 0
==================================================
[2026-04-13 22:40:00] [INFO] Starting cron job: Send Meeting Reminders
[2026-04-13 22:40:00] [INFO] Connecting to MongoDB...
[2026-04-13 22:40:00] [DEBUG] Current Date: 2026-04-13
[2026-04-13 22:40:00] [DEBUG] Current Time: 22:40
[2026-04-13 22:40:00] [DEBUG] Looking for meetings between 22:40 and 23:10
[2026-04-13 22:40:00] [DEBUG] Total scheduled meetings found: 54
[2026-04-13 22:40:00] [INFO] Meetings found for reminders: 0
[2026-04-13 22:40:00] [INFO] No reminders to send
[2026-04-13 22:40:00] [SUMMARY] ==================================================
Job: Send Reminders
Completed: 2026-04-13 22:40:00
Duration: 0s
reminders_sent: 0
reminders_failed: 0
==================================================
[2026-04-13 22:41:00] [INFO] Starting cron job: Send Meeting Reminders
[2026-04-13 22:41:00] [INFO] Connecting to MongoDB...
[2026-04-13 22:41:00] [DEBUG] Current Date: 2026-04-13
[2026-04-13 22:41:00] [DEBUG] Current Time: 22:41
[2026-04-13 22:41:00] [DEBUG] Looking for meetings between 22:41 and 23:11
[2026-04-13 22:41:00] [DEBUG] Total scheduled meetings found: 54
[2026-04-13 22:41:00] [INFO] Meetings found for reminders: 0
[2026-04-13 22:41:00] [INFO] No reminders to send
[2026-04-13 22:41:00] [SUMMARY] ==================================================
Job: Send Reminders
Completed: 2026-04-13 22:41:00
Duration: 0s
reminders_sent: 0
reminders_failed: 0
==================================================
[2026-04-13 22:42:00] [INFO] Starting cron job: Send Meeting Reminders
[2026-04-13 22:42:00] [INFO] Connecting to MongoDB...
[2026-04-13 22:42:00] [DEBUG] Current Date: 2026-04-13
[2026-04-13 22:42:00] [DEBUG] Current Time: 22:42
[2026-04-13 22:42:00] [DEBUG] Looking for meetings between 22:42 and 23:12
[2026-04-13 22:42:00] [DEBUG] Total scheduled meetings found: 54
[2026-04-13 22:42:00] [INFO] Meetings found for reminders: 0
[2026-04-13 22:42:00] [INFO] No reminders to send
[2026-04-13 22:42:00] [SUMMARY] ==================================================
Job: Send Reminders
Completed: 2026-04-13 22:42:00
Duration: 0s
reminders_sent: 0
reminders_failed: 0
==================================================
[2026-04-13 22:43:00] [INFO] Starting cron job: Send Meeting Reminders
[2026-04-13 22:43:00] [INFO] Connecting to MongoDB...
[2026-04-13 22:43:00] [DEBUG] Current Date: 2026-04-13
[2026-04-13 22:43:00] [DEBUG] Current Time: 22:43
[2026-04-13 22:43:00] [DEBUG] Looking for meetings between 22:43 and 23:13
[2026-04-13 22:43:00] [DEBUG] Total scheduled meetings found: 54
[2026-04-13 22:43:00] [INFO] Meetings found for reminders: 0
[2026-04-13 22:43:00] [INFO] No reminders to send
[2026-04-13 22:43:00] [SUMMARY] ==================================================
Job: Send Reminders
Completed: 2026-04-13 22:43:00
Duration: 0s
reminders_sent: 0
reminders_failed: 0
==================================================
[2026-04-13 22:44:00] [INFO] Starting cron job: Send Meeting Reminders
[2026-04-13 22:44:00] [INFO] Connecting to MongoDB...
[2026-04-13 22:44:00] [DEBUG] Current Date: 2026-04-13
[2026-04-13 22:44:00] [DEBUG] Current Time: 22:44
[2026-04-13 22:44:00] [DEBUG] Looking for meetings between 22:44 and 23:14
[2026-04-13 22:44:00] [DEBUG] Total scheduled meetings found: 54
[2026-04-13 22:44:00] [INFO] Meetings found for reminders: 0
[2026-04-13 22:44:00] [INFO] No reminders to send
[2026-04-13 22:44:00] [SUMMARY] ==================================================
Job: Send Reminders
Completed: 2026-04-13 22:44:00
Duration: 0s
reminders_sent: 0
reminders_failed: 0
==================================================
[2026-04-13 22:45:01] [INFO] Starting cron job: Send Meeting Reminders
[2026-04-13 22:45:01] [INFO] Connecting to MongoDB...
[2026-04-13 22:45:01] [DEBUG] Current Date: 2026-04-13
[2026-04-13 22:45:01] [DEBUG] Current Time: 22:45
[2026-04-13 22:45:01] [DEBUG] Looking for meetings between 22:45 and 23:15
[2026-04-13 22:45:01] [DEBUG] Total scheduled meetings found: 54
[2026-04-13 22:45:01] [INFO] Meetings found for reminders: 0
[2026-04-13 22:45:01] [INFO] No reminders to send
[2026-04-13 22:45:01] [SUMMARY] ==================================================
Job: Send Reminders
Completed: 2026-04-13 22:45:01
Duration: 0s
reminders_sent: 0
reminders_failed: 0
==================================================
[2026-04-13 22:46:00] [INFO] Starting cron job: Send Meeting Reminders
[2026-04-13 22:46:00] [INFO] Connecting to MongoDB...
[2026-04-13 22:46:00] [DEBUG] Current Date: 2026-04-13
[2026-04-13 22:46:00] [DEBUG] Current Time: 22:46
[2026-04-13 22:46:00] [DEBUG] Looking for meetings between 22:46 and 23:16
[2026-04-13 22:46:00] [DEBUG] Total scheduled meetings found: 54
[2026-04-13 22:46:00] [INFO] Meetings found for reminders: 0
[2026-04-13 22:46:00] [INFO] No reminders to send
[2026-04-13 22:46:00] [SUMMARY] ==================================================
Job: Send Reminders
Completed: 2026-04-13 22:46:00
Duration: 0s
reminders_sent: 0
reminders_failed: 0
==================================================
[2026-04-13 22:47:01] [INFO] Starting cron job: Send Meeting Reminders
[2026-04-13 22:47:01] [INFO] Connecting to MongoDB...
[2026-04-13 22:47:01] [DEBUG] Current Date: 2026-04-13
[2026-04-13 22:47:01] [DEBUG] Current Time: 22:47
[2026-04-13 22:47:01] [DEBUG] Looking for meetings between 22:47 and 23:17
[2026-04-13 22:47:01] [DEBUG] Total scheduled meetings found: 54
[2026-04-13 22:47:01] [INFO] Meetings found for reminders: 0
[2026-04-13 22:47:01] [INFO] No reminders to send
[2026-04-13 22:47:01] [SUMMARY] ==================================================
Job: Send Reminders
Completed: 2026-04-13 22:47:01
Duration: 0s
reminders_sent: 0
reminders_failed: 0
==================================================
[2026-04-13 22:48:01] [INFO] Starting cron job: Send Meeting Reminders
[2026-04-13 22:48:01] [INFO] Connecting to MongoDB...
[2026-04-13 22:48:01] [DEBUG] Current Date: 2026-04-13
[2026-04-13 22:48:01] [DEBUG] Current Time: 22:48
[2026-04-13 22:48:01] [DEBUG] Looking for meetings between 22:48 and 23:18
[2026-04-13 22:48:01] [DEBUG] Total scheduled meetings found: 54
[2026-04-13 22:48:01] [INFO] Meetings found for reminders: 0
[2026-04-13 22:48:01] [INFO] No reminders to send
[2026-04-13 22:48:01] [SUMMARY] ==================================================
Job: Send Reminders
Completed: 2026-04-13 22:48:01
Duration: 0s
reminders_sent: 0
reminders_failed: 0
==================================================
[2026-04-13 22:49:00] [INFO] Starting cron job: Send Meeting Reminders
[2026-04-13 22:49:00] [INFO] Connecting to MongoDB...
[2026-04-13 22:49:00] [DEBUG] Current Date: 2026-04-13
[2026-04-13 22:49:00] [DEBUG] Current Time: 22:49
[2026-04-13 22:49:00] [DEBUG] Looking for meetings between 22:49 and 23:19
[2026-04-13 22:49:00] [DEBUG] Total scheduled meetings found: 54
[2026-04-13 22:49:00] [INFO] Meetings found for reminders: 0
[2026-04-13 22:49:00] [INFO] No reminders to send
[2026-04-13 22:49:00] [SUMMARY] ==================================================
Job: Send Reminders
Completed: 2026-04-13 22:49:00
Duration: 0s
reminders_sent: 0
reminders_failed: 0
==================================================
[2026-04-13 22:50:01] [INFO] Starting cron job: Send Meeting Reminders
[2026-04-13 22:50:01] [INFO] Connecting to MongoDB...
[2026-04-13 22:50:01] [DEBUG] Current Date: 2026-04-13
[2026-04-13 22:50:01] [DEBUG] Current Time: 22:50
[2026-04-13 22:50:01] [DEBUG] Looking for meetings between 22:50 and 23:20
[2026-04-13 22:50:01] [DEBUG] Total scheduled meetings found: 54
[2026-04-13 22:50:01] [INFO] Meetings found for reminders: 0
[2026-04-13 22:50:01] [INFO] No reminders to send
[2026-04-13 22:50:01] [SUMMARY] ==================================================
Job: Send Reminders
Completed: 2026-04-13 22:50:01
Duration: 0s
reminders_sent: 0
reminders_failed: 0
==================================================
[2026-04-13 22:51:01] [INFO] Starting cron job: Send Meeting Reminders
[2026-04-13 22:51:01] [INFO] Connecting to MongoDB...
[2026-04-13 22:51:01] [DEBUG] Current Date: 2026-04-13
[2026-04-13 22:51:01] [DEBUG] Current Time: 22:51
[2026-04-13 22:51:01] [DEBUG] Looking for meetings between 22:51 and 23:21
[2026-04-13 22:51:01] [DEBUG] Total scheduled meetings found: 54
[2026-04-13 22:51:01] [INFO] Meetings found for reminders: 0
[2026-04-13 22:51:01] [INFO] No reminders to send
[2026-04-13 22:51:01] [SUMMARY] ==================================================
Job: Send Reminders
Completed: 2026-04-13 22:51:01
Duration: 0s
reminders_sent: 0
reminders_failed: 0
==================================================
[2026-04-13 22:52:01] [INFO] Starting cron job: Send Meeting Reminders
[2026-04-13 22:52:01] [INFO] Connecting to MongoDB...
[2026-04-13 22:52:01] [DEBUG] Current Date: 2026-04-13
[2026-04-13 22:52:01] [DEBUG] Current Time: 22:52
[2026-04-13 22:52:01] [DEBUG] Looking for meetings between 22:52 and 23:22
[2026-04-13 22:52:01] [DEBUG] Total scheduled meetings found: 54
[2026-04-13 22:52:01] [INFO] Meetings found for reminders: 0
[2026-04-13 22:52:01] [INFO] No reminders to send
[2026-04-13 22:52:01] [SUMMARY] ==================================================
Job: Send Reminders
Completed: 2026-04-13 22:52:01
Duration: 0s
reminders_sent: 0
reminders_failed: 0
==================================================
[2026-04-13 22:53:01] [INFO] Starting cron job: Send Meeting Reminders
[2026-04-13 22:53:01] [INFO] Connecting to MongoDB...
[2026-04-13 22:53:01] [DEBUG] Current Date: 2026-04-13
[2026-04-13 22:53:01] [DEBUG] Current Time: 22:53
[2026-04-13 22:53:01] [DEBUG] Looking for meetings between 22:53 and 23:23
[2026-04-13 22:53:01] [DEBUG] Total scheduled meetings found: 54
[2026-04-13 22:53:01] [INFO] Meetings found for reminders: 0
[2026-04-13 22:53:01] [INFO] No reminders to send
[2026-04-13 22:53:01] [SUMMARY] ==================================================
Job: Send Reminders
Completed: 2026-04-13 22:53:01
Duration: 0s
reminders_sent: 0
reminders_failed: 0
==================================================
[2026-04-13 22:54:01] [INFO] Starting cron job: Send Meeting Reminders
[2026-04-13 22:54:01] [INFO] Connecting to MongoDB...
[2026-04-13 22:54:01] [DEBUG] Current Date: 2026-04-13
[2026-04-13 22:54:01] [DEBUG] Current Time: 22:54
[2026-04-13 22:54:01] [DEBUG] Looking for meetings between 22:54 and 23:24
[2026-04-13 22:54:01] [DEBUG] Total scheduled meetings found: 54
[2026-04-13 22:54:01] [INFO] Meetings found for reminders: 0
[2026-04-13 22:54:01] [INFO] No reminders to send
[2026-04-13 22:54:01] [SUMMARY] ==================================================
Job: Send Reminders
Completed: 2026-04-13 22:54:01
Duration: 0s
reminders_sent: 0
reminders_failed: 0
==================================================
[2026-04-13 22:55:01] [INFO] Starting cron job: Send Meeting Reminders
[2026-04-13 22:55:01] [INFO] Connecting to MongoDB...
[2026-04-13 22:55:01] [DEBUG] Current Date: 2026-04-13
[2026-04-13 22:55:01] [DEBUG] Current Time: 22:55
[2026-04-13 22:55:01] [DEBUG] Looking for meetings between 22:55 and 23:25
[2026-04-13 22:55:01] [DEBUG] Total scheduled meetings found: 54
[2026-04-13 22:55:01] [INFO] Meetings found for reminders: 0
[2026-04-13 22:55:01] [INFO] No reminders to send
[2026-04-13 22:55:01] [SUMMARY] ==================================================
Job: Send Reminders
Completed: 2026-04-13 22:55:01
Duration: 0s
reminders_sent: 0
reminders_failed: 0
==================================================
[2026-04-13 22:56:01] [INFO] Starting cron job: Send Meeting Reminders
[2026-04-13 22:56:01] [INFO] Connecting to MongoDB...
[2026-04-13 22:56:01] [DEBUG] Current Date: 2026-04-13
[2026-04-13 22:56:01] [DEBUG] Current Time: 22:56
[2026-04-13 22:56:01] [DEBUG] Looking for meetings between 22:56 and 23:26
[2026-04-13 22:56:01] [DEBUG] Total scheduled meetings found: 54
[2026-04-13 22:56:01] [INFO] Meetings found for reminders: 0
[2026-04-13 22:56:01] [INFO] No reminders to send
[2026-04-13 22:56:01] [SUMMARY] ==================================================
Job: Send Reminders
Completed: 2026-04-13 22:56:01
Duration: 0s
reminders_sent: 0
reminders_failed: 0
==================================================
[2026-04-13 22:57:01] [INFO] Starting cron job: Send Meeting Reminders
[2026-04-13 22:57:01] [INFO] Connecting to MongoDB...
[2026-04-13 22:57:01] [DEBUG] Current Date: 2026-04-13
[2026-04-13 22:57:01] [DEBUG] Current Time: 22:57
[2026-04-13 22:57:01] [DEBUG] Looking for meetings between 22:57 and 23:27
[2026-04-13 22:57:01] [DEBUG] Total scheduled meetings found: 54
[2026-04-13 22:57:01] [INFO] Meetings found for reminders: 0
[2026-04-13 22:57:01] [INFO] No reminders to send
[2026-04-13 22:57:01] [SUMMARY] ==================================================
Job: Send Reminders
Completed: 2026-04-13 22:57:01
Duration: 0s
reminders_sent: 0
reminders_failed: 0
==================================================
[2026-04-13 22:58:01] [INFO] Starting cron job: Send Meeting Reminders
[2026-04-13 22:58:01] [INFO] Connecting to MongoDB...
[2026-04-13 22:58:01] [DEBUG] Current Date: 2026-04-13
[2026-04-13 22:58:01] [DEBUG] Current Time: 22:58
[2026-04-13 22:58:01] [DEBUG] Looking for meetings between 22:58 and 23:28
[2026-04-13 22:58:01] [DEBUG] Total scheduled meetings found: 54
[2026-04-13 22:58:01] [INFO] Meetings found for reminders: 0
[2026-04-13 22:58:01] [INFO] No reminders to send
[2026-04-13 22:58:01] [SUMMARY] ==================================================
Job: Send Reminders
Completed: 2026-04-13 22:58:01
Duration: 0s
reminders_sent: 0
reminders_failed: 0
==================================================
[2026-04-13 22:59:01] [INFO] Starting cron job: Send Meeting Reminders
[2026-04-13 22:59:01] [INFO] Connecting to MongoDB...
[2026-04-13 22:59:01] [DEBUG] Current Date: 2026-04-13
[2026-04-13 22:59:01] [DEBUG] Current Time: 22:59
[2026-04-13 22:59:01] [DEBUG] Looking for meetings between 22:59 and 23:29
[2026-04-13 22:59:01] [DEBUG] Total scheduled meetings found: 54
[2026-04-13 22:59:01] [INFO] Meetings found for reminders: 0
[2026-04-13 22:59:01] [INFO] No reminders to send
[2026-04-13 22:59:01] [SUMMARY] ==================================================
Job: Send Reminders
Completed: 2026-04-13 22:59:01
Duration: 0s
reminders_sent: 0
reminders_failed: 0
==================================================
[2026-04-13 23:00:01] [INFO] Starting cron job: Send Meeting Reminders
[2026-04-13 23:00:01] [INFO] Connecting to MongoDB...
[2026-04-13 23:00:01] [DEBUG] Current Date: 2026-04-13
[2026-04-13 23:00:01] [DEBUG] Current Time: 23:00
[2026-04-13 23:00:01] [DEBUG] Looking for meetings between 23:00 and 23:30
[2026-04-13 23:00:01] [DEBUG] Total scheduled meetings found: 54
[2026-04-13 23:00:01] [INFO] Meetings found for reminders: 0
[2026-04-13 23:00:01] [INFO] No reminders to send
[2026-04-13 23:00:01] [SUMMARY] ==================================================
Job: Send Reminders
Completed: 2026-04-13 23:00:01
Duration: 0s
reminders_sent: 0
reminders_failed: 0
==================================================
[2026-04-13 23:01:01] [INFO] Starting cron job: Send Meeting Reminders
[2026-04-13 23:01:01] [INFO] Connecting to MongoDB...
[2026-04-13 23:01:01] [DEBUG] Current Date: 2026-04-13
[2026-04-13 23:01:01] [DEBUG] Current Time: 23:01
[2026-04-13 23:01:01] [DEBUG] Looking for meetings between 23:01 and 23:31
[2026-04-13 23:01:01] [DEBUG] Total scheduled meetings found: 54
[2026-04-13 23:01:01] [INFO] Meetings found for reminders: 0
[2026-04-13 23:01:01] [INFO] No reminders to send
[2026-04-13 23:01:01] [SUMMARY] ==================================================
Job: Send Reminders
Completed: 2026-04-13 23:01:01
Duration: 0s
reminders_sent: 0
reminders_failed: 0
==================================================
[2026-04-13 23:02:01] [INFO] Starting cron job: Send Meeting Reminders
[2026-04-13 23:02:01] [INFO] Connecting to MongoDB...
[2026-04-13 23:02:01] [DEBUG] Current Date: 2026-04-13
[2026-04-13 23:02:01] [DEBUG] Current Time: 23:02
[2026-04-13 23:02:01] [DEBUG] Looking for meetings between 23:02 and 23:32
[2026-04-13 23:02:01] [DEBUG] Total scheduled meetings found: 54
[2026-04-13 23:02:01] [INFO] Meetings found for reminders: 0
[2026-04-13 23:02:01] [INFO] No reminders to send
[2026-04-13 23:02:01] [SUMMARY] ==================================================
Job: Send Reminders
Completed: 2026-04-13 23:02:01
Duration: 0s
reminders_sent: 0
reminders_failed: 0
==================================================
[2026-04-13 23:03:01] [INFO] Starting cron job: Send Meeting Reminders
[2026-04-13 23:03:01] [INFO] Connecting to MongoDB...
[2026-04-13 23:03:01] [DEBUG] Current Date: 2026-04-13
[2026-04-13 23:03:01] [DEBUG] Current Time: 23:03
[2026-04-13 23:03:01] [DEBUG] Looking for meetings between 23:03 and 23:33
[2026-04-13 23:03:01] [DEBUG] Total scheduled meetings found: 54
[2026-04-13 23:03:01] [INFO] Meetings found for reminders: 0
[2026-04-13 23:03:01] [INFO] No reminders to send
[2026-04-13 23:03:01] [SUMMARY] ==================================================
Job: Send Reminders
Completed: 2026-04-13 23:03:01
Duration: 0s
reminders_sent: 0
reminders_failed: 0
==================================================
[2026-04-13 23:04:01] [INFO] Starting cron job: Send Meeting Reminders
[2026-04-13 23:04:01] [INFO] Connecting to MongoDB...
[2026-04-13 23:04:01] [DEBUG] Current Date: 2026-04-13
[2026-04-13 23:04:01] [DEBUG] Current Time: 23:04
[2026-04-13 23:04:01] [DEBUG] Looking for meetings between 23:04 and 23:34
[2026-04-13 23:04:01] [DEBUG] Total scheduled meetings found: 54
[2026-04-13 23:04:01] [INFO] Meetings found for reminders: 0
[2026-04-13 23:04:01] [INFO] No reminders to send
[2026-04-13 23:04:01] [SUMMARY] ==================================================
Job: Send Reminders
Completed: 2026-04-13 23:04:01
Duration: 0s
reminders_sent: 0
reminders_failed: 0
==================================================
[2026-04-13 23:05:01] [INFO] Starting cron job: Send Meeting Reminders
[2026-04-13 23:05:01] [INFO] Connecting to MongoDB...
[2026-04-13 23:05:01] [DEBUG] Current Date: 2026-04-13
[2026-04-13 23:05:01] [DEBUG] Current Time: 23:05
[2026-04-13 23:05:01] [DEBUG] Looking for meetings between 23:05 and 23:35
[2026-04-13 23:05:01] [DEBUG] Total scheduled meetings found: 54
[2026-04-13 23:05:01] [INFO] Meetings found for reminders: 0
[2026-04-13 23:05:01] [INFO] No reminders to send
[2026-04-13 23:05:01] [SUMMARY] ==================================================
Job: Send Reminders
Completed: 2026-04-13 23:05:01
Duration: 0s
reminders_sent: 0
reminders_failed: 0
==================================================
[2026-04-13 23:06:01] [INFO] Starting cron job: Send Meeting Reminders
[2026-04-13 23:06:01] [INFO] Connecting to MongoDB...
[2026-04-13 23:06:01] [DEBUG] Current Date: 2026-04-13
[2026-04-13 23:06:01] [DEBUG] Current Time: 23:06
[2026-04-13 23:06:01] [DEBUG] Looking for meetings between 23:06 and 23:36
[2026-04-13 23:06:01] [DEBUG] Total scheduled meetings found: 54
[2026-04-13 23:06:01] [INFO] Meetings found for reminders: 0
[2026-04-13 23:06:01] [INFO] No reminders to send
[2026-04-13 23:06:01] [SUMMARY] ==================================================
Job: Send Reminders
Completed: 2026-04-13 23:06:01
Duration: 0s
reminders_sent: 0
reminders_failed: 0
==================================================
[2026-04-13 23:07:01] [INFO] Starting cron job: Send Meeting Reminders
[2026-04-13 23:07:01] [INFO] Connecting to MongoDB...
[2026-04-13 23:07:01] [DEBUG] Current Date: 2026-04-13
[2026-04-13 23:07:01] [DEBUG] Current Time: 23:07
[2026-04-13 23:07:01] [DEBUG] Looking for meetings between 23:07 and 23:37
[2026-04-13 23:07:01] [DEBUG] Total scheduled meetings found: 54
[2026-04-13 23:07:01] [INFO] Meetings found for reminders: 0
[2026-04-13 23:07:01] [INFO] No reminders to send
[2026-04-13 23:07:01] [SUMMARY] ==================================================
Job: Send Reminders
Completed: 2026-04-13 23:07:01
Duration: 0s
reminders_sent: 0
reminders_failed: 0
==================================================
[2026-04-13 23:08:01] [INFO] Starting cron job: Send Meeting Reminders
[2026-04-13 23:08:01] [INFO] Connecting to MongoDB...
[2026-04-13 23:08:01] [DEBUG] Current Date: 2026-04-13
[2026-04-13 23:08:01] [DEBUG] Current Time: 23:08
[2026-04-13 23:08:01] [DEBUG] Looking for meetings between 23:08 and 23:38
[2026-04-13 23:08:01] [DEBUG] Total scheduled meetings found: 54
[2026-04-13 23:08:01] [INFO] Meetings found for reminders: 0
[2026-04-13 23:08:01] [INFO] No reminders to send
[2026-04-13 23:08:01] [SUMMARY] ==================================================
Job: Send Reminders
Completed: 2026-04-13 23:08:01
Duration: 0s
reminders_sent: 0
reminders_failed: 0
==================================================
[2026-04-13 23:09:01] [INFO] Starting cron job: Send Meeting Reminders
[2026-04-13 23:09:01] [INFO] Connecting to MongoDB...
[2026-04-13 23:09:01] [DEBUG] Current Date: 2026-04-13
[2026-04-13 23:09:01] [DEBUG] Current Time: 23:09
[2026-04-13 23:09:01] [DEBUG] Looking for meetings between 23:09 and 23:39
[2026-04-13 23:09:01] [DEBUG] Total scheduled meetings found: 54
[2026-04-13 23:09:01] [INFO] Meetings found for reminders: 0
[2026-04-13 23:09:01] [INFO] No reminders to send
[2026-04-13 23:09:01] [SUMMARY] ==================================================
Job: Send Reminders
Completed: 2026-04-13 23:09:01
Duration: 0s
reminders_sent: 0
reminders_failed: 0
==================================================
[2026-04-13 23:10:01] [INFO] Starting cron job: Send Meeting Reminders
[2026-04-13 23:10:01] [INFO] Connecting to MongoDB...
[2026-04-13 23:10:01] [DEBUG] Current Date: 2026-04-13
[2026-04-13 23:10:01] [DEBUG] Current Time: 23:10
[2026-04-13 23:10:01] [DEBUG] Looking for meetings between 23:10 and 23:40
[2026-04-13 23:10:01] [DEBUG] Total scheduled meetings found: 54
[2026-04-13 23:10:01] [INFO] Meetings found for reminders: 0
[2026-04-13 23:10:01] [INFO] No reminders to send
[2026-04-13 23:10:01] [SUMMARY] ==================================================
Job: Send Reminders
Completed: 2026-04-13 23:10:01
Duration: 0s
reminders_sent: 0
reminders_failed: 0
==================================================
[2026-04-13 23:11:01] [INFO] Starting cron job: Send Meeting Reminders
[2026-04-13 23:11:01] [INFO] Connecting to MongoDB...
[2026-04-13 23:11:01] [DEBUG] Current Date: 2026-04-13
[2026-04-13 23:11:01] [DEBUG] Current Time: 23:11
[2026-04-13 23:11:01] [DEBUG] Looking for meetings between 23:11 and 23:41
[2026-04-13 23:11:01] [DEBUG] Total scheduled meetings found: 54
[2026-04-13 23:11:01] [INFO] Meetings found for reminders: 0
[2026-04-13 23:11:01] [INFO] No reminders to send
[2026-04-13 23:11:01] [SUMMARY] ==================================================
Job: Send Reminders
Completed: 2026-04-13 23:11:01
Duration: 0s
reminders_sent: 0
reminders_failed: 0
==================================================
[2026-04-13 23:12:01] [INFO] Starting cron job: Send Meeting Reminders
[2026-04-13 23:12:01] [INFO] Connecting to MongoDB...
[2026-04-13 23:12:01] [DEBUG] Current Date: 2026-04-13
[2026-04-13 23:12:01] [DEBUG] Current Time: 23:12
[2026-04-13 23:12:01] [DEBUG] Looking for meetings between 23:12 and 23:42
[2026-04-13 23:12:01] [DEBUG] Total scheduled meetings found: 54
[2026-04-13 23:12:01] [INFO] Meetings found for reminders: 0
[2026-04-13 23:12:01] [INFO] No reminders to send
[2026-04-13 23:12:01] [SUMMARY] ==================================================
Job: Send Reminders
Completed: 2026-04-13 23:12:01
Duration: 0s
reminders_sent: 0
reminders_failed: 0
==================================================
[2026-04-13 23:13:01] [INFO] Starting cron job: Send Meeting Reminders
[2026-04-13 23:13:01] [INFO] Connecting to MongoDB...
[2026-04-13 23:13:01] [DEBUG] Current Date: 2026-04-13
[2026-04-13 23:13:01] [DEBUG] Current Time: 23:13
[2026-04-13 23:13:01] [DEBUG] Looking for meetings between 23:13 and 23:43
[2026-04-13 23:13:01] [DEBUG] Total scheduled meetings found: 54
[2026-04-13 23:13:01] [INFO] Meetings found for reminders: 0
[2026-04-13 23:13:01] [INFO] No reminders to send
[2026-04-13 23:13:01] [SUMMARY] ==================================================
Job: Send Reminders
Completed: 2026-04-13 23:13:01
Duration: 0s
reminders_sent: 0
reminders_failed: 0
==================================================
[2026-04-13 23:14:01] [INFO] Starting cron job: Send Meeting Reminders
[2026-04-13 23:14:01] [INFO] Connecting to MongoDB...
[2026-04-13 23:14:01] [DEBUG] Current Date: 2026-04-13
[2026-04-13 23:14:01] [DEBUG] Current Time: 23:14
[2026-04-13 23:14:01] [DEBUG] Looking for meetings between 23:14 and 23:44
[2026-04-13 23:14:01] [DEBUG] Total scheduled meetings found: 54
[2026-04-13 23:14:01] [INFO] Meetings found for reminders: 0
[2026-04-13 23:14:01] [INFO] No reminders to send
[2026-04-13 23:14:01] [SUMMARY] ==================================================
Job: Send Reminders
Completed: 2026-04-13 23:14:01
Duration: 0s
reminders_sent: 0
reminders_failed: 0
==================================================
[2026-04-13 23:15:00] [INFO] Starting cron job: Send Meeting Reminders
[2026-04-13 23:15:00] [INFO] Connecting to MongoDB...
[2026-04-13 23:15:00] [DEBUG] Current Date: 2026-04-13
[2026-04-13 23:15:00] [DEBUG] Current Time: 23:15
[2026-04-13 23:15:00] [DEBUG] Looking for meetings between 23:15 and 23:45
[2026-04-13 23:15:00] [DEBUG] Total scheduled meetings found: 54
[2026-04-13 23:15:00] [INFO] Meetings found for reminders: 0
[2026-04-13 23:15:00] [INFO] No reminders to send
[2026-04-13 23:15:00] [SUMMARY] ==================================================
Job: Send Reminders
Completed: 2026-04-13 23:15:00
Duration: 0s
reminders_sent: 0
reminders_failed: 0
==================================================
[2026-04-13 23:16:00] [INFO] Starting cron job: Send Meeting Reminders
[2026-04-13 23:16:00] [INFO] Connecting to MongoDB...
[2026-04-13 23:16:00] [DEBUG] Current Date: 2026-04-13
[2026-04-13 23:16:00] [DEBUG] Current Time: 23:16
[2026-04-13 23:16:00] [DEBUG] Looking for meetings between 23:16 and 23:46
[2026-04-13 23:16:00] [DEBUG] Total scheduled meetings found: 54
[2026-04-13 23:16:00] [INFO] Meetings found for reminders: 0
[2026-04-13 23:16:00] [INFO] No reminders to send
[2026-04-13 23:16:00] [SUMMARY] ==================================================
Job: Send Reminders
Completed: 2026-04-13 23:16:00
Duration: 0s
reminders_sent: 0
reminders_failed: 0
==================================================
[2026-04-13 23:17:00] [INFO] Starting cron job: Send Meeting Reminders
[2026-04-13 23:17:00] [INFO] Connecting to MongoDB...
[2026-04-13 23:17:00] [DEBUG] Current Date: 2026-04-13
[2026-04-13 23:17:00] [DEBUG] Current Time: 23:17
[2026-04-13 23:17:00] [DEBUG] Looking for meetings between 23:17 and 23:47
[2026-04-13 23:17:00] [DEBUG] Total scheduled meetings found: 54
[2026-04-13 23:17:00] [INFO] Meetings found for reminders: 0
[2026-04-13 23:17:00] [INFO] No reminders to send
[2026-04-13 23:17:00] [SUMMARY] ==================================================
Job: Send Reminders
Completed: 2026-04-13 23:17:00
Duration: 0s
reminders_sent: 0
reminders_failed: 0
==================================================
[2026-04-13 23:18:00] [INFO] Starting cron job: Send Meeting Reminders
[2026-04-13 23:18:00] [INFO] Connecting to MongoDB...
[2026-04-13 23:18:00] [DEBUG] Current Date: 2026-04-13
[2026-04-13 23:18:00] [DEBUG] Current Time: 23:18
[2026-04-13 23:18:00] [DEBUG] Looking for meetings between 23:18 and 23:48
[2026-04-13 23:18:00] [DEBUG] Total scheduled meetings found: 54
[2026-04-13 23:18:00] [INFO] Meetings found for reminders: 0
[2026-04-13 23:18:00] [INFO] No reminders to send
[2026-04-13 23:18:00] [SUMMARY] ==================================================
Job: Send Reminders
Completed: 2026-04-13 23:18:00
Duration: 0s
reminders_sent: 0
reminders_failed: 0
==================================================
[2026-04-13 23:19:00] [INFO] Starting cron job: Send Meeting Reminders
[2026-04-13 23:19:00] [INFO] Connecting to MongoDB...
[2026-04-13 23:19:00] [DEBUG] Current Date: 2026-04-13
[2026-04-13 23:19:00] [DEBUG] Current Time: 23:19
[2026-04-13 23:19:00] [DEBUG] Looking for meetings between 23:19 and 23:49
[2026-04-13 23:19:00] [DEBUG] Total scheduled meetings found: 54
[2026-04-13 23:19:00] [INFO] Meetings found for reminders: 0
[2026-04-13 23:19:00] [INFO] No reminders to send
[2026-04-13 23:19:00] [SUMMARY] ==================================================
Job: Send Reminders
Completed: 2026-04-13 23:19:00
Duration: 0s
reminders_sent: 0
reminders_failed: 0
==================================================
[2026-04-13 23:20:00] [INFO] Starting cron job: Send Meeting Reminders
[2026-04-13 23:20:00] [INFO] Connecting to MongoDB...
[2026-04-13 23:20:00] [DEBUG] Current Date: 2026-04-13
[2026-04-13 23:20:00] [DEBUG] Current Time: 23:20
[2026-04-13 23:20:00] [DEBUG] Looking for meetings between 23:20 and 23:50
[2026-04-13 23:20:00] [DEBUG] Total scheduled meetings found: 54
[2026-04-13 23:20:00] [INFO] Meetings found for reminders: 0
[2026-04-13 23:20:00] [INFO] No reminders to send
[2026-04-13 23:20:00] [SUMMARY] ==================================================
Job: Send Reminders
Completed: 2026-04-13 23:20:00
Duration: 0s
reminders_sent: 0
reminders_failed: 0
==================================================
[2026-04-13 23:21:00] [INFO] Starting cron job: Send Meeting Reminders
[2026-04-13 23:21:00] [INFO] Connecting to MongoDB...
[2026-04-13 23:21:00] [DEBUG] Current Date: 2026-04-13
[2026-04-13 23:21:00] [DEBUG] Current Time: 23:21
[2026-04-13 23:21:00] [DEBUG] Looking for meetings between 23:21 and 23:51
[2026-04-13 23:21:00] [DEBUG] Total scheduled meetings found: 54
[2026-04-13 23:21:00] [INFO] Meetings found for reminders: 0
[2026-04-13 23:21:00] [INFO] No reminders to send
[2026-04-13 23:21:00] [SUMMARY] ==================================================
Job: Send Reminders
Completed: 2026-04-13 23:21:00
Duration: 0s
reminders_sent: 0
reminders_failed: 0
==================================================
[2026-04-13 23:22:00] [INFO] Starting cron job: Send Meeting Reminders
[2026-04-13 23:22:00] [INFO] Connecting to MongoDB...
[2026-04-13 23:22:00] [DEBUG] Current Date: 2026-04-13
[2026-04-13 23:22:00] [DEBUG] Current Time: 23:22
[2026-04-13 23:22:00] [DEBUG] Looking for meetings between 23:22 and 23:52
[2026-04-13 23:22:00] [DEBUG] Total scheduled meetings found: 54
[2026-04-13 23:22:00] [INFO] Meetings found for reminders: 0
[2026-04-13 23:22:00] [INFO] No reminders to send
[2026-04-13 23:22:00] [SUMMARY] ==================================================
Job: Send Reminders
Completed: 2026-04-13 23:22:00
Duration: 0s
reminders_sent: 0
reminders_failed: 0
==================================================
[2026-04-13 23:23:00] [INFO] Starting cron job: Send Meeting Reminders
[2026-04-13 23:23:00] [INFO] Connecting to MongoDB...
[2026-04-13 23:23:00] [DEBUG] Current Date: 2026-04-13
[2026-04-13 23:23:00] [DEBUG] Current Time: 23:23
[2026-04-13 23:23:00] [DEBUG] Looking for meetings between 23:23 and 23:53
[2026-04-13 23:23:00] [DEBUG] Total scheduled meetings found: 54
[2026-04-13 23:23:00] [INFO] Meetings found for reminders: 0
[2026-04-13 23:23:00] [INFO] No reminders to send
[2026-04-13 23:23:00] [SUMMARY] ==================================================
Job: Send Reminders
Completed: 2026-04-13 23:23:00
Duration: 0s
reminders_sent: 0
reminders_failed: 0
==================================================
[2026-04-13 23:24:00] [INFO] Starting cron job: Send Meeting Reminders
[2026-04-13 23:24:00] [INFO] Connecting to MongoDB...
[2026-04-13 23:24:00] [DEBUG] Current Date: 2026-04-13
[2026-04-13 23:24:00] [DEBUG] Current Time: 23:24
[2026-04-13 23:24:00] [DEBUG] Looking for meetings between 23:24 and 23:54
[2026-04-13 23:24:00] [DEBUG] Total scheduled meetings found: 54
[2026-04-13 23:24:00] [INFO] Meetings found for reminders: 0
[2026-04-13 23:24:00] [INFO] No reminders to send
[2026-04-13 23:24:00] [SUMMARY] ==================================================
Job: Send Reminders
Completed: 2026-04-13 23:24:00
Duration: 0s
reminders_sent: 0
reminders_failed: 0
==================================================
[2026-04-13 23:25:00] [INFO] Starting cron job: Send Meeting Reminders
[2026-04-13 23:25:00] [INFO] Connecting to MongoDB...
[2026-04-13 23:25:00] [DEBUG] Current Date: 2026-04-13
[2026-04-13 23:25:00] [DEBUG] Current Time: 23:25
[2026-04-13 23:25:00] [DEBUG] Looking for meetings between 23:25 and 23:55
[2026-04-13 23:25:00] [DEBUG] Total scheduled meetings found: 54
[2026-04-13 23:25:00] [INFO] Meetings found for reminders: 0
[2026-04-13 23:25:00] [INFO] No reminders to send
[2026-04-13 23:25:00] [SUMMARY] ==================================================
Job: Send Reminders
Completed: 2026-04-13 23:25:00
Duration: 0s
reminders_sent: 0
reminders_failed: 0
==================================================
[2026-04-13 23:26:00] [INFO] Starting cron job: Send Meeting Reminders
[2026-04-13 23:26:00] [INFO] Connecting to MongoDB...
[2026-04-13 23:26:00] [DEBUG] Current Date: 2026-04-13
[2026-04-13 23:26:00] [DEBUG] Current Time: 23:26
[2026-04-13 23:26:00] [DEBUG] Looking for meetings between 23:26 and 23:56
[2026-04-13 23:26:00] [DEBUG] Total scheduled meetings found: 54
[2026-04-13 23:26:00] [INFO] Meetings found for reminders: 0
[2026-04-13 23:26:00] [INFO] No reminders to send
[2026-04-13 23:26:00] [SUMMARY] ==================================================
Job: Send Reminders
Completed: 2026-04-13 23:26:00
Duration: 0s
reminders_sent: 0
reminders_failed: 0
==================================================
[2026-04-13 23:27:00] [INFO] Starting cron job: Send Meeting Reminders
[2026-04-13 23:27:00] [INFO] Connecting to MongoDB...
[2026-04-13 23:27:00] [DEBUG] Current Date: 2026-04-13
[2026-04-13 23:27:00] [DEBUG] Current Time: 23:27
[2026-04-13 23:27:00] [DEBUG] Looking for meetings between 23:27 and 23:57
[2026-04-13 23:27:00] [DEBUG] Total scheduled meetings found: 54
[2026-04-13 23:27:00] [INFO] Meetings found for reminders: 0
[2026-04-13 23:27:00] [INFO] No reminders to send
[2026-04-13 23:27:00] [SUMMARY] ==================================================
Job: Send Reminders
Completed: 2026-04-13 23:27:00
Duration: 0s
reminders_sent: 0
reminders_failed: 0
==================================================
[2026-04-13 23:28:00] [INFO] Starting cron job: Send Meeting Reminders
[2026-04-13 23:28:00] [INFO] Connecting to MongoDB...
[2026-04-13 23:28:00] [DEBUG] Current Date: 2026-04-13
[2026-04-13 23:28:00] [DEBUG] Current Time: 23:28
[2026-04-13 23:28:00] [DEBUG] Looking for meetings between 23:28 and 23:58
[2026-04-13 23:28:00] [DEBUG] Total scheduled meetings found: 54
[2026-04-13 23:28:00] [INFO] Meetings found for reminders: 0
[2026-04-13 23:28:00] [INFO] No reminders to send
[2026-04-13 23:28:00] [SUMMARY] ==================================================
Job: Send Reminders
Completed: 2026-04-13 23:28:00
Duration: 0s
reminders_sent: 0
reminders_failed: 0
==================================================
[2026-04-13 23:29:00] [INFO] Starting cron job: Send Meeting Reminders
[2026-04-13 23:29:00] [INFO] Connecting to MongoDB...
[2026-04-13 23:29:00] [DEBUG] Current Date: 2026-04-13
[2026-04-13 23:29:00] [DEBUG] Current Time: 23:29
[2026-04-13 23:29:00] [DEBUG] Looking for meetings between 23:29 and 23:59
[2026-04-13 23:29:00] [DEBUG] Total scheduled meetings found: 54
[2026-04-13 23:29:00] [INFO] Meetings found for reminders: 0
[2026-04-13 23:29:00] [INFO] No reminders to send
[2026-04-13 23:29:00] [SUMMARY] ==================================================
Job: Send Reminders
Completed: 2026-04-13 23:29:00
Duration: 0s
reminders_sent: 0
reminders_failed: 0
==================================================
[2026-04-13 23:30:00] [INFO] Starting cron job: Send Meeting Reminders
[2026-04-13 23:30:00] [INFO] Connecting to MongoDB...
[2026-04-13 23:30:00] [DEBUG] Current Date: 2026-04-13
[2026-04-13 23:30:00] [DEBUG] Current Time: 23:30
[2026-04-13 23:30:00] [DEBUG] Looking for meetings between 23:30 and 00:00
[2026-04-13 23:30:00] [DEBUG] Total scheduled meetings found: 54
[2026-04-13 23:30:00] [INFO] Meetings found for reminders: 0
[2026-04-13 23:30:00] [INFO] No reminders to send
[2026-04-13 23:30:00] [SUMMARY] ==================================================
Job: Send Reminders
Completed: 2026-04-13 23:30:00
Duration: 0s
reminders_sent: 0
reminders_failed: 0
==================================================
[2026-04-13 23:31:00] [INFO] Starting cron job: Send Meeting Reminders
[2026-04-13 23:31:00] [INFO] Connecting to MongoDB...
[2026-04-13 23:31:00] [DEBUG] Current Date: 2026-04-13
[2026-04-13 23:31:00] [DEBUG] Current Time: 23:31
[2026-04-13 23:31:00] [DEBUG] Looking for meetings between 23:31 and 00:01
[2026-04-13 23:31:00] [DEBUG] Total scheduled meetings found: 54
[2026-04-13 23:31:00] [INFO] Meetings found for reminders: 0
[2026-04-13 23:31:00] [INFO] No reminders to send
[2026-04-13 23:31:00] [SUMMARY] ==================================================
Job: Send Reminders
Completed: 2026-04-13 23:31:00
Duration: 0s
reminders_sent: 0
reminders_failed: 0
==================================================
[2026-04-13 23:32:00] [INFO] Starting cron job: Send Meeting Reminders
[2026-04-13 23:32:00] [INFO] Connecting to MongoDB...
[2026-04-13 23:32:00] [DEBUG] Current Date: 2026-04-13
[2026-04-13 23:32:00] [DEBUG] Current Time: 23:32
[2026-04-13 23:32:00] [DEBUG] Looking for meetings between 23:32 and 00:02
[2026-04-13 23:32:00] [DEBUG] Total scheduled meetings found: 54
[2026-04-13 23:32:00] [INFO] Meetings found for reminders: 0
[2026-04-13 23:32:00] [INFO] No reminders to send
[2026-04-13 23:32:00] [SUMMARY] ==================================================
Job: Send Reminders
Completed: 2026-04-13 23:32:00
Duration: 0s
reminders_sent: 0
reminders_failed: 0
==================================================
[2026-04-13 23:33:00] [INFO] Starting cron job: Send Meeting Reminders
[2026-04-13 23:33:00] [INFO] Connecting to MongoDB...
[2026-04-13 23:33:00] [DEBUG] Current Date: 2026-04-13
[2026-04-13 23:33:00] [DEBUG] Current Time: 23:33
[2026-04-13 23:33:00] [DEBUG] Looking for meetings between 23:33 and 00:03
[2026-04-13 23:33:00] [DEBUG] Total scheduled meetings found: 54
[2026-04-13 23:33:00] [INFO] Meetings found for reminders: 0
[2026-04-13 23:33:00] [INFO] No reminders to send
[2026-04-13 23:33:00] [SUMMARY] ==================================================
Job: Send Reminders
Completed: 2026-04-13 23:33:00
Duration: 0s
reminders_sent: 0
reminders_failed: 0
==================================================
[2026-04-13 23:34:00] [INFO] Starting cron job: Send Meeting Reminders
[2026-04-13 23:34:00] [INFO] Connecting to MongoDB...
[2026-04-13 23:34:00] [DEBUG] Current Date: 2026-04-13
[2026-04-13 23:34:00] [DEBUG] Current Time: 23:34
[2026-04-13 23:34:00] [DEBUG] Looking for meetings between 23:34 and 00:04
[2026-04-13 23:34:00] [DEBUG] Total scheduled meetings found: 54
[2026-04-13 23:34:00] [INFO] Meetings found for reminders: 0
[2026-04-13 23:34:00] [INFO] No reminders to send
[2026-04-13 23:34:00] [SUMMARY] ==================================================
Job: Send Reminders
Completed: 2026-04-13 23:34:00
Duration: 0s
reminders_sent: 0
reminders_failed: 0
==================================================
[2026-04-13 23:35:00] [INFO] Starting cron job: Send Meeting Reminders
[2026-04-13 23:35:00] [INFO] Connecting to MongoDB...
[2026-04-13 23:35:00] [DEBUG] Current Date: 2026-04-13
[2026-04-13 23:35:00] [DEBUG] Current Time: 23:35
[2026-04-13 23:35:00] [DEBUG] Looking for meetings between 23:35 and 00:05
[2026-04-13 23:35:00] [DEBUG] Total scheduled meetings found: 54
[2026-04-13 23:35:00] [INFO] Meetings found for reminders: 0
[2026-04-13 23:35:00] [INFO] No reminders to send
[2026-04-13 23:35:00] [SUMMARY] ==================================================
Job: Send Reminders
Completed: 2026-04-13 23:35:00
Duration: 0s
reminders_sent: 0
reminders_failed: 0
==================================================
[2026-04-13 23:36:00] [INFO] Starting cron job: Send Meeting Reminders
[2026-04-13 23:36:00] [INFO] Connecting to MongoDB...
[2026-04-13 23:36:00] [DEBUG] Current Date: 2026-04-13
[2026-04-13 23:36:00] [DEBUG] Current Time: 23:36
[2026-04-13 23:36:00] [DEBUG] Looking for meetings between 23:36 and 00:06
[2026-04-13 23:36:00] [DEBUG] Total scheduled meetings found: 54
[2026-04-13 23:36:00] [INFO] Meetings found for reminders: 0
[2026-04-13 23:36:00] [INFO] No reminders to send
[2026-04-13 23:36:00] [SUMMARY] ==================================================
Job: Send Reminders
Completed: 2026-04-13 23:36:00
Duration: 0s
reminders_sent: 0
reminders_failed: 0
==================================================
[2026-04-13 23:37:00] [INFO] Starting cron job: Send Meeting Reminders
[2026-04-13 23:37:00] [INFO] Connecting to MongoDB...
[2026-04-13 23:37:00] [DEBUG] Current Date: 2026-04-13
[2026-04-13 23:37:00] [DEBUG] Current Time: 23:37
[2026-04-13 23:37:00] [DEBUG] Looking for meetings between 23:37 and 00:07
[2026-04-13 23:37:00] [DEBUG] Total scheduled meetings found: 54
[2026-04-13 23:37:00] [INFO] Meetings found for reminders: 0
[2026-04-13 23:37:00] [INFO] No reminders to send
[2026-04-13 23:37:00] [SUMMARY] ==================================================
Job: Send Reminders
Completed: 2026-04-13 23:37:00
Duration: 0s
reminders_sent: 0
reminders_failed: 0
==================================================
[2026-04-13 23:38:00] [INFO] Starting cron job: Send Meeting Reminders
[2026-04-13 23:38:00] [INFO] Connecting to MongoDB...
[2026-04-13 23:38:00] [DEBUG] Current Date: 2026-04-13
[2026-04-13 23:38:00] [DEBUG] Current Time: 23:38
[2026-04-13 23:38:00] [DEBUG] Looking for meetings between 23:38 and 00:08
[2026-04-13 23:38:00] [DEBUG] Total scheduled meetings found: 54
[2026-04-13 23:38:00] [INFO] Meetings found for reminders: 0
[2026-04-13 23:38:00] [INFO] No reminders to send
[2026-04-13 23:38:00] [SUMMARY] ==================================================
Job: Send Reminders
Completed: 2026-04-13 23:38:00
Duration: 0s
reminders_sent: 0
reminders_failed: 0
==================================================
[2026-04-13 23:39:00] [INFO] Starting cron job: Send Meeting Reminders
[2026-04-13 23:39:00] [INFO] Connecting to MongoDB...
[2026-04-13 23:39:00] [DEBUG] Current Date: 2026-04-13
[2026-04-13 23:39:00] [DEBUG] Current Time: 23:39
[2026-04-13 23:39:00] [DEBUG] Looking for meetings between 23:39 and 00:09
[2026-04-13 23:39:00] [DEBUG] Total scheduled meetings found: 54
[2026-04-13 23:39:00] [INFO] Meetings found for reminders: 0
[2026-04-13 23:39:00] [INFO] No reminders to send
[2026-04-13 23:39:00] [SUMMARY] ==================================================
Job: Send Reminders
Completed: 2026-04-13 23:39:00
Duration: 0s
reminders_sent: 0
reminders_failed: 0
==================================================
[2026-04-13 23:40:00] [INFO] Starting cron job: Send Meeting Reminders
[2026-04-13 23:40:00] [INFO] Connecting to MongoDB...
[2026-04-13 23:40:00] [DEBUG] Current Date: 2026-04-13
[2026-04-13 23:40:00] [DEBUG] Current Time: 23:40
[2026-04-13 23:40:00] [DEBUG] Looking for meetings between 23:40 and 00:10
[2026-04-13 23:40:00] [DEBUG] Total scheduled meetings found: 54
[2026-04-13 23:40:00] [INFO] Meetings found for reminders: 0
[2026-04-13 23:40:00] [INFO] No reminders to send
[2026-04-13 23:40:00] [SUMMARY] ==================================================
Job: Send Reminders
Completed: 2026-04-13 23:40:00
Duration: 0s
reminders_sent: 0
reminders_failed: 0
==================================================
[2026-04-13 23:41:00] [INFO] Starting cron job: Send Meeting Reminders
[2026-04-13 23:41:00] [INFO] Connecting to MongoDB...
[2026-04-13 23:41:00] [DEBUG] Current Date: 2026-04-13
[2026-04-13 23:41:00] [DEBUG] Current Time: 23:41
[2026-04-13 23:41:00] [DEBUG] Looking for meetings between 23:41 and 00:11
[2026-04-13 23:41:00] [DEBUG] Total scheduled meetings found: 55
[2026-04-13 23:41:00] [INFO] Meetings found for reminders: 0
[2026-04-13 23:41:00] [INFO] No reminders to send
[2026-04-13 23:41:00] [SUMMARY] ==================================================
Job: Send Reminders
Completed: 2026-04-13 23:41:00
Duration: 0s
reminders_sent: 0
reminders_failed: 0
==================================================
[2026-04-13 23:42:00] [INFO] Starting cron job: Send Meeting Reminders
[2026-04-13 23:42:00] [INFO] Connecting to MongoDB...
[2026-04-13 23:42:00] [DEBUG] Current Date: 2026-04-13
[2026-04-13 23:42:00] [DEBUG] Current Time: 23:42
[2026-04-13 23:42:00] [DEBUG] Looking for meetings between 23:42 and 00:12
[2026-04-13 23:42:00] [DEBUG] Total scheduled meetings found: 55
[2026-04-13 23:42:00] [INFO] Meetings found for reminders: 0
[2026-04-13 23:42:00] [INFO] No reminders to send
[2026-04-13 23:42:00] [SUMMARY] ==================================================
Job: Send Reminders
Completed: 2026-04-13 23:42:00
Duration: 0s
reminders_sent: 0
reminders_failed: 0
==================================================
[2026-04-13 23:43:00] [INFO] Starting cron job: Send Meeting Reminders
[2026-04-13 23:43:00] [INFO] Connecting to MongoDB...
[2026-04-13 23:43:00] [DEBUG] Current Date: 2026-04-13
[2026-04-13 23:43:00] [DEBUG] Current Time: 23:43
[2026-04-13 23:43:00] [DEBUG] Looking for meetings between 23:43 and 00:13
[2026-04-13 23:43:00] [DEBUG] Total scheduled meetings found: 55
[2026-04-13 23:43:00] [INFO] Meetings found for reminders: 0
[2026-04-13 23:43:00] [INFO] No reminders to send
[2026-04-13 23:43:00] [SUMMARY] ==================================================
Job: Send Reminders
Completed: 2026-04-13 23:43:00
Duration: 0s
reminders_sent: 0
reminders_failed: 0
==================================================
[2026-04-13 23:44:00] [INFO] Starting cron job: Send Meeting Reminders
[2026-04-13 23:44:00] [INFO] Connecting to MongoDB...
[2026-04-13 23:44:00] [DEBUG] Current Date: 2026-04-13
[2026-04-13 23:44:00] [DEBUG] Current Time: 23:44
[2026-04-13 23:44:00] [DEBUG] Looking for meetings between 23:44 and 00:14
[2026-04-13 23:44:00] [DEBUG] Total scheduled meetings found: 55
[2026-04-13 23:44:00] [INFO] Meetings found for reminders: 0
[2026-04-13 23:44:00] [INFO] No reminders to send
[2026-04-13 23:44:00] [SUMMARY] ==================================================
Job: Send Reminders
Completed: 2026-04-13 23:44:00
Duration: 0s
reminders_sent: 0
reminders_failed: 0
==================================================
[2026-04-13 23:45:00] [INFO] Starting cron job: Send Meeting Reminders
[2026-04-13 23:45:00] [INFO] Connecting to MongoDB...
[2026-04-13 23:45:00] [DEBUG] Current Date: 2026-04-13
[2026-04-13 23:45:00] [DEBUG] Current Time: 23:45
[2026-04-13 23:45:00] [DEBUG] Looking for meetings between 23:45 and 00:15
[2026-04-13 23:45:00] [DEBUG] Total scheduled meetings found: 55
[2026-04-13 23:45:00] [INFO] Meetings found for reminders: 0
[2026-04-13 23:45:00] [INFO] No reminders to send
[2026-04-13 23:45:00] [SUMMARY] ==================================================
Job: Send Reminders
Completed: 2026-04-13 23:45:00
Duration: 0s
reminders_sent: 0
reminders_failed: 0
==================================================
[2026-04-13 23:46:00] [INFO] Starting cron job: Send Meeting Reminders
[2026-04-13 23:46:00] [INFO] Connecting to MongoDB...
[2026-04-13 23:46:00] [DEBUG] Current Date: 2026-04-13
[2026-04-13 23:46:00] [DEBUG] Current Time: 23:46
[2026-04-13 23:46:00] [DEBUG] Looking for meetings between 23:46 and 00:16
[2026-04-13 23:46:00] [DEBUG] Total scheduled meetings found: 55
[2026-04-13 23:46:00] [INFO] Meetings found for reminders: 0
[2026-04-13 23:46:00] [INFO] No reminders to send
[2026-04-13 23:46:00] [SUMMARY] ==================================================
Job: Send Reminders
Completed: 2026-04-13 23:46:00
Duration: 0s
reminders_sent: 0
reminders_failed: 0
==================================================
[2026-04-13 23:47:00] [INFO] Starting cron job: Send Meeting Reminders
[2026-04-13 23:47:00] [INFO] Connecting to MongoDB...
[2026-04-13 23:47:00] [DEBUG] Current Date: 2026-04-13
[2026-04-13 23:47:00] [DEBUG] Current Time: 23:47
[2026-04-13 23:47:00] [DEBUG] Looking for meetings between 23:47 and 00:17
[2026-04-13 23:47:00] [DEBUG] Total scheduled meetings found: 55
[2026-04-13 23:47:00] [INFO] Meetings found for reminders: 0
[2026-04-13 23:47:00] [INFO] No reminders to send
[2026-04-13 23:47:00] [SUMMARY] ==================================================
Job: Send Reminders
Completed: 2026-04-13 23:47:00
Duration: 0s
reminders_sent: 0
reminders_failed: 0
==================================================
[2026-04-13 23:48:00] [INFO] Starting cron job: Send Meeting Reminders
[2026-04-13 23:48:00] [INFO] Connecting to MongoDB...
[2026-04-13 23:48:00] [DEBUG] Current Date: 2026-04-13
[2026-04-13 23:48:00] [DEBUG] Current Time: 23:48
[2026-04-13 23:48:00] [DEBUG] Looking for meetings between 23:48 and 00:18
[2026-04-13 23:48:00] [DEBUG] Total scheduled meetings found: 55
[2026-04-13 23:48:00] [INFO] Meetings found for reminders: 0
[2026-04-13 23:48:00] [INFO] No reminders to send
[2026-04-13 23:48:00] [SUMMARY] ==================================================
Job: Send Reminders
Completed: 2026-04-13 23:48:00
Duration: 0s
reminders_sent: 0
reminders_failed: 0
==================================================
[2026-04-13 23:49:00] [INFO] Starting cron job: Send Meeting Reminders
[2026-04-13 23:49:00] [INFO] Connecting to MongoDB...
[2026-04-13 23:49:00] [DEBUG] Current Date: 2026-04-13
[2026-04-13 23:49:00] [DEBUG] Current Time: 23:49
[2026-04-13 23:49:00] [DEBUG] Looking for meetings between 23:49 and 00:19
[2026-04-13 23:49:00] [DEBUG] Total scheduled meetings found: 55
[2026-04-13 23:49:00] [INFO] Meetings found for reminders: 0
[2026-04-13 23:49:00] [INFO] No reminders to send
[2026-04-13 23:49:00] [SUMMARY] ==================================================
Job: Send Reminders
Completed: 2026-04-13 23:49:00
Duration: 0s
reminders_sent: 0
reminders_failed: 0
==================================================
[2026-04-13 23:50:00] [INFO] Starting cron job: Send Meeting Reminders
[2026-04-13 23:50:00] [INFO] Connecting to MongoDB...
[2026-04-13 23:50:00] [DEBUG] Current Date: 2026-04-13
[2026-04-13 23:50:00] [DEBUG] Current Time: 23:50
[2026-04-13 23:50:00] [DEBUG] Looking for meetings between 23:50 and 00:20
[2026-04-13 23:50:00] [DEBUG] Total scheduled meetings found: 55
[2026-04-13 23:50:00] [INFO] Meetings found for reminders: 0
[2026-04-13 23:50:00] [INFO] No reminders to send
[2026-04-13 23:50:00] [SUMMARY] ==================================================
Job: Send Reminders
Completed: 2026-04-13 23:50:00
Duration: 0s
reminders_sent: 0
reminders_failed: 0
==================================================
[2026-04-13 23:51:00] [INFO] Starting cron job: Send Meeting Reminders
[2026-04-13 23:51:00] [INFO] Connecting to MongoDB...
[2026-04-13 23:51:00] [DEBUG] Current Date: 2026-04-13
[2026-04-13 23:51:00] [DEBUG] Current Time: 23:51
[2026-04-13 23:51:00] [DEBUG] Looking for meetings between 23:51 and 00:21
[2026-04-13 23:51:00] [DEBUG] Total scheduled meetings found: 55
[2026-04-13 23:51:00] [INFO] Meetings found for reminders: 0
[2026-04-13 23:51:00] [INFO] No reminders to send
[2026-04-13 23:51:00] [SUMMARY] ==================================================
Job: Send Reminders
Completed: 2026-04-13 23:51:00
Duration: 0s
reminders_sent: 0
reminders_failed: 0
==================================================
[2026-04-13 23:52:00] [INFO] Starting cron job: Send Meeting Reminders
[2026-04-13 23:52:00] [INFO] Connecting to MongoDB...
[2026-04-13 23:52:00] [DEBUG] Current Date: 2026-04-13
[2026-04-13 23:52:00] [DEBUG] Current Time: 23:52
[2026-04-13 23:52:00] [DEBUG] Looking for meetings between 23:52 and 00:22
[2026-04-13 23:52:00] [DEBUG] Total scheduled meetings found: 55
[2026-04-13 23:52:00] [INFO] Meetings found for reminders: 0
[2026-04-13 23:52:00] [INFO] No reminders to send
[2026-04-13 23:52:00] [SUMMARY] ==================================================
Job: Send Reminders
Completed: 2026-04-13 23:52:00
Duration: 0s
reminders_sent: 0
reminders_failed: 0
==================================================
[2026-04-13 23:53:00] [INFO] Starting cron job: Send Meeting Reminders
[2026-04-13 23:53:00] [INFO] Connecting to MongoDB...
[2026-04-13 23:53:00] [DEBUG] Current Date: 2026-04-13
[2026-04-13 23:53:00] [DEBUG] Current Time: 23:53
[2026-04-13 23:53:00] [DEBUG] Looking for meetings between 23:53 and 00:23
[2026-04-13 23:53:00] [DEBUG] Total scheduled meetings found: 55
[2026-04-13 23:53:00] [INFO] Meetings found for reminders: 0
[2026-04-13 23:53:00] [INFO] No reminders to send
[2026-04-13 23:53:00] [SUMMARY] ==================================================
Job: Send Reminders
Completed: 2026-04-13 23:53:00
Duration: 0s
reminders_sent: 0
reminders_failed: 0
==================================================
[2026-04-13 23:54:00] [INFO] Starting cron job: Send Meeting Reminders
[2026-04-13 23:54:00] [INFO] Connecting to MongoDB...
[2026-04-13 23:54:00] [DEBUG] Current Date: 2026-04-13
[2026-04-13 23:54:00] [DEBUG] Current Time: 23:54
[2026-04-13 23:54:00] [DEBUG] Looking for meetings between 23:54 and 00:24
[2026-04-13 23:54:00] [DEBUG] Total scheduled meetings found: 55
[2026-04-13 23:54:00] [INFO] Meetings found for reminders: 0
[2026-04-13 23:54:00] [INFO] No reminders to send
[2026-04-13 23:54:00] [SUMMARY] ==================================================
Job: Send Reminders
Completed: 2026-04-13 23:54:00
Duration: 0s
reminders_sent: 0
reminders_failed: 0
==================================================
[2026-04-13 23:55:00] [INFO] Starting cron job: Send Meeting Reminders
[2026-04-13 23:55:00] [INFO] Connecting to MongoDB...
[2026-04-13 23:55:00] [DEBUG] Current Date: 2026-04-13
[2026-04-13 23:55:00] [DEBUG] Current Time: 23:55
[2026-04-13 23:55:00] [DEBUG] Looking for meetings between 23:55 and 00:25
[2026-04-13 23:55:00] [DEBUG] Total scheduled meetings found: 55
[2026-04-13 23:55:00] [INFO] Meetings found for reminders: 0
[2026-04-13 23:55:00] [INFO] No reminders to send
[2026-04-13 23:55:00] [SUMMARY] ==================================================
Job: Send Reminders
Completed: 2026-04-13 23:55:00
Duration: 0s
reminders_sent: 0
reminders_failed: 0
==================================================
[2026-04-13 23:56:00] [INFO] Starting cron job: Send Meeting Reminders
[2026-04-13 23:56:00] [INFO] Connecting to MongoDB...
[2026-04-13 23:56:00] [DEBUG] Current Date: 2026-04-13
[2026-04-13 23:56:00] [DEBUG] Current Time: 23:56
[2026-04-13 23:56:00] [DEBUG] Looking for meetings between 23:56 and 00:26
[2026-04-13 23:56:00] [DEBUG] Total scheduled meetings found: 55
[2026-04-13 23:56:00] [INFO] Meetings found for reminders: 0
[2026-04-13 23:56:00] [INFO] No reminders to send
[2026-04-13 23:56:00] [SUMMARY] ==================================================
Job: Send Reminders
Completed: 2026-04-13 23:56:00
Duration: 0s
reminders_sent: 0
reminders_failed: 0
==================================================
[2026-04-13 23:57:00] [INFO] Starting cron job: Send Meeting Reminders
[2026-04-13 23:57:00] [INFO] Connecting to MongoDB...
[2026-04-13 23:57:00] [DEBUG] Current Date: 2026-04-13
[2026-04-13 23:57:00] [DEBUG] Current Time: 23:57
[2026-04-13 23:57:00] [DEBUG] Looking for meetings between 23:57 and 00:27
[2026-04-13 23:57:00] [DEBUG] Total scheduled meetings found: 55
[2026-04-13 23:57:00] [INFO] Meetings found for reminders: 0
[2026-04-13 23:57:00] [INFO] No reminders to send
[2026-04-13 23:57:00] [SUMMARY] ==================================================
Job: Send Reminders
Completed: 2026-04-13 23:57:00
Duration: 0s
reminders_sent: 0
reminders_failed: 0
==================================================
[2026-04-13 23:58:00] [INFO] Starting cron job: Send Meeting Reminders
[2026-04-13 23:58:00] [INFO] Connecting to MongoDB...
[2026-04-13 23:58:00] [DEBUG] Current Date: 2026-04-13
[2026-04-13 23:58:00] [DEBUG] Current Time: 23:58
[2026-04-13 23:58:00] [DEBUG] Looking for meetings between 23:58 and 00:28
[2026-04-13 23:58:00] [DEBUG] Total scheduled meetings found: 55
[2026-04-13 23:58:00] [INFO] Meetings found for reminders: 0
[2026-04-13 23:58:00] [INFO] No reminders to send
[2026-04-13 23:58:00] [SUMMARY] ==================================================
Job: Send Reminders
Completed: 2026-04-13 23:58:00
Duration: 0s
reminders_sent: 0
reminders_failed: 0
==================================================
[2026-04-13 23:59:00] [INFO] Starting cron job: Send Meeting Reminders
[2026-04-13 23:59:00] [INFO] Connecting to MongoDB...
[2026-04-13 23:59:00] [DEBUG] Current Date: 2026-04-13
[2026-04-13 23:59:00] [DEBUG] Current Time: 23:59
[2026-04-13 23:59:00] [DEBUG] Looking for meetings between 23:59 and 00:29
[2026-04-13 23:59:00] [DEBUG] Total scheduled meetings found: 55
[2026-04-13 23:59:00] [INFO] Meetings found for reminders: 0
[2026-04-13 23:59:00] [INFO] No reminders to send
[2026-04-13 23:59:00] [SUMMARY] ==================================================
Job: Send Reminders
Completed: 2026-04-13 23:59:00
Duration: 0s
reminders_sent: 0
reminders_failed: 0
==================================================
